farmer_id;market_id;transaction_date;amount;name;creation_date;title;category;worker_id;extra_info;market_type
230;665;2025-04-29;4391;Shelton Inc;2023-04-03;Night;experience;169.0;hot;Mercado de Legumes
322;381;2021-05-03;1969;Elliott Group;2024-07-27;Wife;data;;;Mercado de Flores
364;756;2022-10-21;3272;Boyd-Sexton;2024-06-11;Short;blue;;;Mercado de Flores
451;307;2022-01-11;4271;Clay, Rivera and Taylor;2025-12-13;Traditional;appear;;;Mercado de Fruta
279;439;2021-03-06;1269;Craig, Gordon and Chang;2021-06-08;Weight;clear;;;Mercado de Fruta
496;480;2022-05-13;2503;Barrett, Patrick and Morton;2025-03-09;Actually;various;129.0;nor;Mercado de Flores
37;194;2020-06-10;2284;Meyer-Kim;2022-04-17;Student;each;40.0;do;Mercado de Legumes
56;25;2025-04-07;2413;Wheeler-Blackburn;2025-06-13;The;magazine;1.0;move;Mercado de Fruta
56;25;2025-04-07;2413;Wheeler-Blackburn;2025-06-13;The;magazine;132.0;sort;Mercado de Fruta
364;537;2023-03-19;438;Boyd-Sexton;2024-06-11;Skin;you;;;Mercado de Flores
98;796;2022-02-05;414;Riley, Dunn and Mccarty;2024-07-30;Prevent;evidence;;;Mercado de Fruta
182;118;2025-09-03;2908;Moore, Rivera and Nguyen;2024-06-18;Determine;recognize;;;Mercado de Fruta
178;211;2023-04-08;1898;Hernandez, Lewis and Shields;2025-07-25;Across;prove;97.0;pay;Mercado de Fruta
449;499;2023-10-13;3776;Price-Mckay;2023-01-29;Leader;spend;;;Mercado de Fruta
129;160;2021-10-21;4983;Gonzalez LLC;2025-09-05;Production;far;30.0;difficult;Mercado de Fruta
129;160;2021-10-21;4983;Gonzalez LLC;2025-09-05;Production;far;191.0;a;Mercado de Fruta
396;858;2020-03-05;1535;Mclaughlin Inc;2023-12-02;Coach;concern;;;Mercado de Flores
55;693;2022-02-05;2582;Hill, Allen and Rodriguez;2022-07-31;Entire;personal;114.0;ability;Mercado de Flores
15;968;2024-02-14;564;Jackson, Miller and Chang;2024-05-13;Responsibility;read;;;Mercado de Legumes
134;240;2022-02-13;2121;Riddle-Jones;2023-07-15;Describe;attorney;;;Mercado de Flores
89;620;2023-09-19;2543;Johns, Wolf and Osborne;2023-07-02;Simply;without;;;Mercado de Legumes
103;688;2022-10-20;2189;Miller, Rojas and Hall;2024-12-07;Special;where;;;Mercado de Fruta
273;299;2021-12-29;3143;Deleon, Conway and Sanchez;2024-12-11;General;parent;134.0;leg;Mercado de Legumes
196;430;2020-07-20;2461;Robinson-Cowan;2025-03-23;Piece;our;;;Mercado de Fruta
232;815;2022-08-09;2218;Stephenson Group;2025-12-12;Same;cultural;;;Mercado de Legumes
188;200;2022-09-08;1562;Davis, Cortez and Young;2022-03-06;Image;those;133.0;assume;Mercado de Legumes
188;200;2022-09-08;1562;Davis, Cortez and Young;2022-03-06;Image;those;135.0;support;Mercado de Legumes
345;390;2025-01-05;1414;Perez-Shannon;2023-09-04;Meeting;language;;;Mercado de Flores
272;3;2022-11-30;1386;Barrett PLC;2022-06-07;Development;approach;;;Mercado de Flores
192;965;2022-12-17;3641;Bowman Ltd;2023-10-30;Crime;simple;;;Mercado de Legumes
144;773;2020-12-31;816;Mercado-Thomas;2024-04-11;Personal;sea;103.0;need;Mercado de Legumes
359;373;2026-01-27;4044;Thompson-Miller;2025-10-31;Trial;box;;;Mercado de Fruta
8;199;2020-07-23;3870;Garcia-Lawson;2024-11-18;Before;around;;;Mercado de Fruta
386;802;2020-07-05;4443;Hayden-Ellis;2026-01-01;Institution;among;;;Mercado de Fruta
327;382;2021-02-06;4922;Mills, Mclaughlin and Smith;2026-02-09;Political;Democrat;66.0;certainly;Mercado de Fruta
297;737;2023-09-02;2529;Martin-Stuart;2023-04-09;Cell;may;;;Mercado de Legumes
240;457;2022-03-04;2733;Cannon-Newman;2024-02-03;Either;late;31.0;coach;Mercado de Fruta
38;738;2024-03-30;119;Moore LLC;2022-08-15;Method;away;;;Mercado de Flores
184;523;2023-04-03;4461;Moore, Lopez and Santos;2021-12-10;Industry;buy;;;Mercado de Fruta
120;299;2022-12-25;444;Mcdaniel-Garza;2022-08-16;General;parent;;;Mercado de Legumes
127;914;2025-08-30;1794;Hill PLC;2025-05-30;Study;choose;73.0;Congress;Mercado de Legumes
399;200;2021-01-18;1727;Scott Group;2021-11-11;Image;those;84.0;page;Mercado de Legumes
108;346;2022-04-15;1325;Mejia Ltd;2021-06-22;Wrong;task;;;Mercado de Fruta
346;568;2022-12-15;130;Paul, Stewart and Pierce;2024-08-13;Wonder;bag;44.0;house;Mercado de Fruta
121;681;2020-11-28;4008;Ruiz, Miller and Giles;2023-10-05;Blue;window;;;Mercado de Flores
499;605;2021-03-06;1053;Jacobs, Johnson and Clark;2022-01-05;Do;large;9.0;piece;Mercado de Legumes
499;605;2021-03-06;1053;Jacobs, Johnson and Clark;2022-01-05;Do;large;43.0;here;Mercado de Legumes
420;203;2021-03-05;4036;Brooks Ltd;2021-05-23;Wind;stock;;;Mercado de Legumes
296;704;2021-08-02;3832;Coleman-Reyes;2025-07-26;Defense;star;83.0;responsibility;Mercado de Legumes
296;704;2021-08-02;3832;Coleman-Reyes;2025-07-26;Defense;star;145.0;somebody;Mercado de Legumes
396;498;2023-08-26;2454;Mclaughlin Inc;2023-12-02;Boy;though;;;Mercado de Flores
468;528;2022-06-23;298;Crawford, Barnes and Aguilar;2021-04-19;Some;must;;;Mercado de Flores
480;31;2025-04-30;672;Jones-Chavez;2022-10-24;Security;marriage;99.0;then;Mercado de Fruta
480;31;2025-04-30;672;Jones-Chavez;2022-10-24;Security;marriage;131.0;religious;Mercado de Fruta
119;897;2023-08-23;2368;Shelton, Odonnell and Williams;2022-11-17;Eat;growth;;;Mercado de Flores
492;445;2020-03-01;4100;Lyons, Gomez and Oconnor;2021-04-27;Like;parent;;;Mercado de Fruta
234;93;2023-06-22;236;Yates LLC;2025-03-18;Nearly;whom;87.0;audience;Mercado de Flores
234;93;2023-06-22;236;Yates LLC;2025-03-18;Nearly;whom;164.0;where;Mercado de Flores
323;110;2026-02-04;4225;Cummings and Sons;2022-10-22;Our;manage;;;Mercado de Legumes
470;977;2022-07-31;2784;Ray, Hall and Graves;2024-05-10;Decision;off;;;Mercado de Legumes
154;548;2024-01-31;2017;Coffey, Hodges and Tanner;2024-09-16;Drug;last;179.0;democratic;Mercado de Legumes
154;548;2024-01-31;2017;Coffey, Hodges and Tanner;2024-09-16;Drug;last;189.0;kind;Mercado de Legumes
91;673;2022-09-08;3976;Lee-Osborne;2023-03-17;Night;continue;;;Mercado de Fruta
321;347;2020-07-12;3504;Frost-Wolfe;2023-12-28;Speak;far;;;Mercado de Legumes
470;623;2021-06-06;3552;Ray, Hall and Graves;2024-05-10;Art;from;;;Mercado de Legumes
497;581;2021-11-28;4531;Bowers-Townsend;2022-08-31;Similar;small;;;Mercado de Legumes
30;427;2021-02-20;1065;Vargas, Santiago and Mcdonald;2024-10-25;Task;education;;;Mercado de Fruta
482;651;2026-01-01;3486;Stout Inc;2023-05-30;Street;recently;;;Mercado de Flores
285;610;2021-09-21;3034;English-Williams;2023-09-29;To;bad;;;Mercado de Fruta
324;605;2020-01-18;2292;Pearson-Dean;2022-05-18;Do;large;;;Mercado de Legumes
367;759;2020-08-24;562;Waters Inc;2025-12-04;Own;recognize;;;Mercado de Flores
155;19;2026-01-21;3209;Harris-Travis;2023-09-23;Social;message;;;Mercado de Fruta
61;858;2022-04-01;1615;Stewart, Hopkins and Williams;2021-12-31;Coach;concern;;;Mercado de Flores
438;280;2023-10-03;3661;Reed, Vega and Ho;2022-04-05;Stock;civil;42.0;seem;Mercado de Fruta
117;70;2022-06-08;2923;Avila, Duke and Medina;2024-04-05;Official;almost;184.0;specific;Mercado de Fruta
136;230;2021-05-05;1961;Knight Group;2025-03-11;Theory;study;;;Mercado de Legumes
319;428;2025-04-17;1485;Lee-White;2022-01-14;Any;front;;;Mercado de Legumes
490;694;2025-01-17;2439;Pruitt-Young;2021-04-13;Again;nature;;;Mercado de Fruta
37;336;2021-06-20;379;Meyer-Kim;2022-04-17;Unit;list;40.0;do;Mercado de Flores
280;636;2023-07-14;3756;Fitzgerald, Good and Curtis;2021-09-14;Second;arrive;68.0;glass;Mercado de Flores
280;636;2023-07-14;3756;Fitzgerald, Good and Curtis;2021-09-14;Second;arrive;186.0;ball;Mercado de Flores
191;652;2020-09-02;2454;Cross, Skinner and Hart;2022-12-01;Thought;provide;;;Mercado de Fruta
115;30;2022-09-27;544;Johnson, Brennan and Wright;2025-01-01;Maybe;system;183.0;feeling;Mercado de Flores
116;622;2020-11-12;1836;Williams, Anderson and Lopez;2025-02-13;Reflect;position;28.0;difference;Mercado de Fruta
333;131;2024-02-03;4962;Robinson, Riddle and Reese;2024-10-16;Generation;work;;;Mercado de Legumes
26;334;2023-01-06;999;Barron, Dodson and Baker;2024-07-08;Tree;certain;;;Mercado de Fruta
52;161;2021-10-14;3004;Hess PLC;2022-07-05;Participant;no;112.0;that;Mercado de Legumes
20;923;2023-10-17;3946;Wilkerson PLC;2021-05-09;Paper;military;116.0;explain;Mercado de Legumes
160;668;2026-02-17;352;Marshall and Sons;2024-12-11;Assume;argue;63.0;sit;Mercado de Legumes
58;34;2023-02-06;3501;Campos, Manning and Johnson;2021-09-03;Party;speak;;;Mercado de Fruta
130;928;2023-11-29;4094;Chase PLC;2024-06-12;These;reveal;;;Mercado de Fruta
145;479;2020-02-24;2647;Weaver Ltd;2021-10-16;Floor;organization;;;Mercado de Legumes
283;763;2020-07-06;390;Nguyen-Patterson;2023-01-09;Front;former;;;Mercado de Fruta
467;844;2023-01-31;834;Wilson PLC;2021-12-24;Southern;thus;;;Mercado de Fruta
125;572;2025-03-07;3627;Rice, Freeman and Brown;2024-12-11;Player;million;115.0;reality;Mercado de Legumes
265;363;2020-01-07;4063;Baker-Wheeler;2021-11-02;Again;large;;;Mercado de Flores
466;810;2020-03-22;2914;Hernandez-Lynch;2022-02-27;Music;expect;;;Mercado de Flores
441;654;2024-05-26;155;Mclaughlin, Hernandez and Fitzpatrick;2025-05-27;Everyone;sound;;;Mercado de Flores
423;201;2023-06-24;750;Goodman-Hayes;2024-12-18;Senior;many;;;Mercado de Flores
181;594;2022-01-12;1633;Jackson, Munoz and Guzman;2025-04-01;Sure;fight;;;Mercado de Flores
219;741;2025-05-18;1398;Adams-Ferguson;2024-08-20;Member;other;151.0;event;Mercado de Flores
407;800;2025-12-29;396;Ford, Spencer and Copeland;2021-10-25;Account;whom;;;Mercado de Legumes
84;727;2022-02-08;2996;Daniels LLC;2023-11-15;Threat;soon;;;Mercado de Fruta
184;319;2022-12-16;1796;Moore, Lopez and Santos;2021-12-10;Green;almost;;;Mercado de Fruta
125;823;2022-10-07;4866;Rice, Freeman and Brown;2024-12-11;Music;certainly;115.0;reality;Mercado de Fruta
209;935;2023-08-03;3607;Savage, Tran and Atkins;2021-10-19;Alone;science;;;Mercado de Legumes
176;213;2025-09-30;1263;Schaefer-Brooks;2021-04-09;Despite;environment;;;Mercado de Flores
482;368;2021-08-27;2323;Stout Inc;2023-05-30;Challenge;instead;;;Mercado de Legumes
238;523;2021-04-22;126;Whitney, Kim and Moore;2025-02-23;Industry;buy;;;Mercado de Fruta
29;693;2024-06-05;276;Mills Group;2024-12-01;Entire;personal;37.0;sister;Mercado de Flores
29;693;2024-06-05;276;Mills Group;2024-12-01;Entire;personal;174.0;might;Mercado de Flores
231;473;2020-03-27;4403;Griffin PLC;2021-03-20;Chair;choose;;;Mercado de Legumes
473;682;2020-09-29;2021;Brock PLC;2024-01-10;Wrong;organization;;;Mercado de Fruta
345;821;2025-03-15;990;Perez-Shannon;2023-09-04;Create;change;;;Mercado de Legumes
331;316;2022-05-15;871;Lawrence Inc;2023-06-02;Where;so;149.0;service;Mercado de Fruta
487;91;2025-07-14;878;Martin, Mosley and York;2022-04-29;South;system;;;Mercado de Fruta
134;304;2020-06-30;693;Riddle-Jones;2023-07-15;Charge;this;;;Mercado de Fruta
219;309;2025-09-27;4615;Adams-Ferguson;2024-08-20;Social;shake;151.0;event;Mercado de Flores
252;372;2021-12-19;3021;Mitchell, Phillips and Marshall;2024-10-27;Now;fear;105.0;partner;Mercado de Flores
221;880;2022-11-08;4197;Gardner Group;2024-11-05;Produce;television;41.0;big;Mercado de Fruta
416;537;2022-02-10;1811;Richardson LLC;2022-12-31;Skin;you;;;Mercado de Flores
18;710;2023-03-12;2040;Ford-Garrett;2025-06-05;Name;ball;;;Mercado de Legumes
84;213;2024-08-09;424;Daniels LLC;2023-11-15;Despite;environment;;;Mercado de Flores
464;77;2021-12-26;2191;Morris Ltd;2021-10-01;Class;city;;;Mercado de Legumes
100;482;2021-10-09;3980;Brown PLC;2025-07-17;Manager;behavior;;;Mercado de Legumes
231;932;2023-05-06;3579;Griffin PLC;2021-03-20;Rule;about;;;Mercado de Legumes
144;965;2025-03-16;4874;Mercado-Thomas;2024-04-11;Crime;simple;103.0;need;Mercado de Legumes
83;443;2025-05-06;2020;Graham LLC;2022-11-25;Several;hand;154.0;tree;Mercado de Legumes
433;330;2025-03-21;250;Ballard-Orozco;2024-02-08;Because;now;136.0;of;Mercado de Flores
386;379;2023-10-07;2707;Hayden-Ellis;2026-01-01;Somebody;born;;;Mercado de Fruta
175;578;2022-06-28;279;Alvarado, Cobb and Dillon;2023-09-19;Sister;party;85.0;over;Mercado de Legumes
460;902;2022-11-13;332;Davenport-Cook;2021-03-09;All;way;;;Mercado de Legumes
262;905;2023-04-13;578;Williams and Sons;2023-12-20;Economic;meet;;;Mercado de Legumes
218;426;2020-11-13;3171;Olson Inc;2026-01-06;Fly;commercial;;;Mercado de Flores
424;295;2023-12-29;3056;Lopez-Palmer;2024-08-05;Subject;order;;;Mercado de Fruta
482;820;2025-07-22;3603;Stout Inc;2023-05-30;Buy;focus;;;Mercado de Fruta
310;117;2025-05-31;1656;Turner, Bowman and Williams;2021-08-06;It;senior;;;Mercado de Flores
491;179;2021-11-06;3622;Smith LLC;2025-01-19;Level;drop;156.0;hair;Mercado de Legumes
491;179;2021-11-06;3622;Smith LLC;2025-01-19;Level;drop;172.0;moment;Mercado de Legumes
247;514;2025-01-15;2009;Rivera Group;2021-12-30;Head;wife;197.0;possible;Mercado de Fruta
88;227;2021-01-06;3161;Brewer Ltd;2023-01-19;Still;religious;;;Mercado de Legumes
329;915;2024-10-01;4238;Miller LLC;2023-07-20;Number;Congress;35.0;mean;Mercado de Flores
182;991;2023-01-12;3001;Moore, Rivera and Nguyen;2024-06-18;Meeting;trial;;;Mercado de Fruta
135;124;2020-03-03;717;Williams-Smith;2021-11-26;Find;how;;;Mercado de Fruta
352;791;2020-03-24;3220;Brewer-Willis;2024-10-10;Project;become;;;Mercado de Legumes
423;586;2023-12-11;2588;Goodman-Hayes;2024-12-18;Fact;receive;;;Mercado de Fruta
92;241;2024-07-12;3469;Perez-Robinson;2024-12-31;True;summer;;;Mercado de Fruta
380;680;2022-11-07;1862;Hill, Brown and Clark;2023-05-13;Score;tell;;;Mercado de Legumes
305;726;2023-05-26;2181;Johnson-Hunter;2023-04-03;Occur;rest;;;Mercado de Flores
471;310;2024-02-02;3597;Mason-Rogers;2025-10-13;Wind;situation;;;Mercado de Fruta
153;921;2022-08-12;859;Wilson, Spears and Mitchell;2025-04-21;Life;image;79.0;image;Mercado de Flores
317;152;2020-04-21;2658;Snyder and Sons;2021-07-03;Behind;door;;;Mercado de Legumes
253;308;2021-10-16;635;Kelley Ltd;2023-12-20;May;rock;;;Mercado de Legumes
267;76;2020-04-16;3613;Wagner Inc;2022-03-29;Black;across;;;Mercado de Fruta
314;333;2021-05-12;1820;Moody LLC;2024-10-26;To;watch;;;Mercado de Flores
72;802;2024-04-30;4099;Crane-Torres;2022-06-18;Institution;among;86.0;school;Mercado de Fruta
300;446;2023-08-15;624;Saunders-Marshall;2022-10-25;Painting;take;;;Mercado de Legumes
149;879;2020-06-06;1998;Sawyer LLC;2026-01-27;Manager;ok;;;Mercado de Flores
149;408;2024-11-25;885;Sawyer LLC;2026-01-27;Agree;represent;;;Mercado de Flores
161;808;2024-10-05;2111;Mays-Harmon;2022-10-23;Because;material;;;Mercado de Fruta
165;321;2022-08-04;1985;Williams, Griffith and Craig;2025-01-08;Financial;detail;39.0;away;Mercado de Flores
50;336;2022-05-02;4196;Maldonado and Sons;2021-06-01;Unit;list;;;Mercado de Flores
132;952;2020-10-05;413;Branch and Sons;2021-12-10;Religious;positive;69.0;exist;Mercado de Fruta
282;895;2020-10-14;3562;Wilson LLC;2025-01-17;North;discussion;130.0;billion;Mercado de Fruta
282;895;2020-10-14;3562;Wilson LLC;2025-01-17;North;discussion;167.0;wonder;Mercado de Fruta
343;382;2023-12-10;3220;Stone, Romero and Walton;2022-02-19;Political;Democrat;;;Mercado de Fruta
41;44;2025-03-08;4851;Stephenson-Lee;2025-10-15;Ready;level;;;Mercado de Legumes
175;651;2021-11-07;305;Alvarado, Cobb and Dillon;2023-09-19;Street;recently;85.0;over;Mercado de Flores
433;303;2025-01-20;3373;Ballard-Orozco;2024-02-08;Either;whom;136.0;of;Mercado de Flores
419;224;2021-01-22;4269;Johnson, Hamilton and Price;2023-10-29;Rather;source;;;Mercado de Legumes
58;352;2024-09-12;1196;Campos, Manning and Johnson;2021-09-03;Before;minute;;;Mercado de Fruta
265;169;2022-06-11;4182;Baker-Wheeler;2021-11-02;Light;scene;;;Mercado de Fruta
500;586;2022-01-08;307;Johnson-Anderson;2024-01-02;Fact;receive;;;Mercado de Fruta
366;370;2024-12-07;529;Martinez-West;2024-04-10;Nice;adult;125.0;add;Mercado de Fruta
333;716;2025-07-17;3353;Robinson, Riddle and Reese;2024-10-16;Gas;enough;;;Mercado de Legumes
37;557;2022-05-02;2787;Meyer-Kim;2022-04-17;Heavy;order;40.0;do;Mercado de Legumes
412;710;2024-04-28;3573;Young Ltd;2021-10-29;Name;ball;;;Mercado de Legumes
82;686;2021-11-22;3623;Perez PLC;2022-08-24;Difference;black;;;Mercado de Legumes
253;492;2020-04-12;2952;Kelley Ltd;2023-12-20;Against;hold;;;Mercado de Flores
225;210;2022-06-04;4203;Bradley-Phillips;2021-10-31;Low;feel;;;Mercado de Flores
29;45;2020-06-20;1462;Mills Group;2024-12-01;Still;whose;37.0;sister;Mercado de Flores
29;45;2020-06-20;1462;Mills Group;2024-12-01;Still;whose;174.0;might;Mercado de Flores
41;771;2020-05-07;1872;Stephenson-Lee;2025-10-15;Stuff;mother;;;Mercado de Flores
467;12;2024-08-15;2123;Wilson PLC;2021-12-24;Not;Congress;;;Mercado de Flores
331;319;2024-03-09;2434;Lawrence Inc;2023-06-02;Green;almost;149.0;service;Mercado de Fruta
389;377;2024-04-15;490;Snyder, Reese and Wagner;2021-07-04;Structure;debate;102.0;as;Mercado de Legumes
391;638;2021-05-31;3780;Travis PLC;2023-06-04;Material;care;;;Mercado de Legumes
140;319;2020-01-10;1963;Woodard PLC;2021-04-23;Green;almost;;;Mercado de Fruta
423;356;2023-12-19;1365;Goodman-Hayes;2024-12-18;Left;although;;;Mercado de Legumes
228;732;2022-01-23;3535;Butler PLC;2021-05-21;Test;type;;;Mercado de Flores
170;1;2023-10-30;4881;Collins-Campos;2025-06-15;Effect;else;;;Mercado de Fruta
387;876;2021-12-17;979;Smith Group;2022-08-12;End;table;15.0;Mrs;Mercado de Flores
387;876;2021-12-17;979;Smith Group;2022-08-12;End;table;65.0;window;Mercado de Flores
96;897;2024-02-22;707;Sosa, Newton and Anderson;2022-05-18;Eat;growth;;;Mercado de Flores
270;507;2025-07-19;3544;Knight-Alexander;2023-05-25;Space;none;175.0;practice;Mercado de Flores
187;322;2021-03-08;4916;Hanson, White and Jackson;2024-06-25;Democrat;serve;;;Mercado de Fruta
269;297;2025-04-23;1537;Garcia, Velasquez and James;2024-10-15;Ball;senior;;;Mercado de Flores
338;962;2025-07-11;650;Brown Ltd;2025-02-19;Reflect;write;;;Mercado de Legumes
434;693;2023-07-20;1262;Reyes LLC;2023-06-10;Entire;personal;;;Mercado de Flores
457;61;2025-09-29;2798;Olsen LLC;2024-01-29;Everybody;stay;;;Mercado de Fruta
336;557;2020-11-03;2170;Michael and Sons;2022-10-12;Heavy;order;;;Mercado de Legumes
170;103;2023-08-12;1183;Collins-Campos;2025-06-15;Sound;window;;;Mercado de Fruta
400;417;2020-05-18;2635;Davis Group;2024-10-27;Agreement;girl;13.0;coach;Mercado de Flores
498;210;2021-12-16;1446;Walker-Kirk;2024-03-19;Low;feel;;;Mercado de Flores
91;632;2025-12-25;1266;Lee-Osborne;2023-03-17;Ok;adult;;;Mercado de Legumes
185;120;2020-06-05;3248;Jennings PLC;2024-02-10;Several;blue;;;Mercado de Flores
430;8;2024-07-09;2936;Guerrero-Hernandez;2024-02-11;Thus;allow;146.0;amount;Mercado de Legumes
244;445;2021-06-27;3778;Perez Ltd;2024-11-05;Like;parent;;;Mercado de Fruta
78;631;2023-10-20;649;Douglas and Sons;2025-06-07;Product;audience;;;Mercado de Fruta
411;276;2020-04-10;4100;Howard-Gomez;2021-12-18;Prevent;if;62.0;care;Mercado de Flores
500;908;2024-06-26;3646;Johnson-Anderson;2024-01-02;Lawyer;outside;;;Mercado de Legumes
400;57;2024-01-14;3713;Davis Group;2024-10-27;Step;decide;13.0;coach;Mercado de Flores
78;841;2023-03-06;3295;Douglas and Sons;2025-06-07;Relationship;site;;;Mercado de Fruta
60;109;2022-11-30;4535;Brown, Ortega and Moran;2023-07-07;Degree;one;;;Mercado de Fruta
151;344;2026-02-08;3140;Duncan PLC;2023-08-10;Piece;million;;;Mercado de Legumes
98;745;2023-11-10;4922;Riley, Dunn and Mccarty;2024-07-30;Large;nature;;;Mercado de Fruta
47;450;2025-10-19;307;Benjamin-Reed;2024-09-25;Study;personal;;;Mercado de Flores
268;359;2020-07-06;1063;Taylor Inc;2022-03-26;Market;sister;;;Mercado de Legumes
137;754;2023-09-10;3612;Gray, Kim and Doyle;2023-09-10;Professor;despite;;;Mercado de Fruta
113;131;2023-02-20;1818;Beasley and Sons;2022-12-28;Generation;work;;;Mercado de Legumes
20;950;2021-01-05;2584;Wilkerson PLC;2021-05-09;Entire;level;116.0;explain;Mercado de Legumes
123;454;2025-04-05;2710;Rivas LLC;2024-11-01;To;around;54.0;million;Mercado de Fruta
123;454;2025-04-05;2710;Rivas LLC;2024-11-01;To;around;108.0;office;Mercado de Fruta
229;699;2023-10-31;3568;Johnson, Sanders and Lam;2021-09-13;Yes;explain;;;Mercado de Flores
392;483;2022-03-31;3106;Nelson-Donaldson;2024-05-14;Lead;chair;107.0;sense;Mercado de Flores
184;213;2022-09-13;2578;Moore, Lopez and Santos;2021-12-10;Despite;environment;;;Mercado de Flores
360;783;2023-05-25;511;Harris-Stephens;2024-08-29;Certain;office;48.0;rate;Mercado de Flores
152;872;2021-08-20;1988;Schultz-Glass;2023-06-16;Lot;kitchen;118.0;western;Mercado de Legumes
285;87;2024-09-21;3891;English-Williams;2023-09-29;Early;my;;;Mercado de Flores
272;400;2022-05-31;940;Barrett PLC;2022-06-07;Season;whatever;;;Mercado de Fruta
358;365;2023-01-13;3677;Mccormick and Sons;2023-11-06;Main;thank;24.0;during;Mercado de Legumes
358;365;2023-01-13;3677;Mccormick and Sons;2023-11-06;Main;thank;138.0;democratic;Mercado de Legumes
476;848;2022-04-29;3635;Johnson-Curtis;2021-06-10;Focus;very;36.0;dream;Mercado de Legumes
170;574;2022-06-03;3079;Collins-Campos;2025-06-15;Down;serve;;;Mercado de Fruta
121;257;2021-02-19;1629;Ruiz, Miller and Giles;2023-10-05;If;participant;;;Mercado de Legumes
322;761;2023-05-15;2016;Elliott Group;2024-07-27;Government;system;;;Mercado de Legumes
21;582;2022-07-03;2476;Williams, Martinez and Gentry;2021-03-07;Better;no;;;Mercado de Flores
192;321;2021-04-18;1708;Bowman Ltd;2023-10-30;Financial;detail;;;Mercado de Flores
468;690;2024-10-15;861;Crawford, Barnes and Aguilar;2021-04-19;Modern;strategy;;;Mercado de Flores
192;859;2024-06-14;610;Bowman Ltd;2023-10-30;Room;PM;;;Mercado de Fruta
127;44;2024-10-18;1009;Hill PLC;2025-05-30;Ready;level;73.0;Congress;Mercado de Legumes
191;129;2023-03-19;236;Cross, Skinner and Hart;2022-12-01;Way;but;;;Mercado de Flores
181;841;2020-06-17;3735;Jackson, Munoz and Guzman;2025-04-01;Relationship;site;;;Mercado de Fruta
327;220;2021-09-12;650;Mills, Mclaughlin and Smith;2026-02-09;Plan;case;66.0;certainly;Mercado de Fruta
325;809;2023-03-06;3349;Barrett Group;2022-12-07;Maybe;thousand;;;Mercado de Legumes
438;960;2020-07-02;3882;Reed, Vega and Ho;2022-04-05;Seem;west;42.0;seem;Mercado de Flores
320;318;2021-02-05;937;Perez, Long and Spencer;2025-10-29;Expect;actually;;;Mercado de Flores
71;131;2022-06-02;1439;Krueger, Trujillo and Gonzalez;2022-01-15;Generation;work;;;Mercado de Legumes
141;894;2022-01-03;411;Gordon LLC;2022-04-11;Camera;field;;;Mercado de Flores
56;796;2023-05-25;335;Wheeler-Blackburn;2025-06-13;Prevent;evidence;1.0;move;Mercado de Fruta
56;796;2023-05-25;335;Wheeler-Blackburn;2025-06-13;Prevent;evidence;132.0;sort;Mercado de Fruta
405;528;2025-01-18;1564;Valenzuela-Meyer;2024-09-09;Some;must;;;Mercado de Flores
413;160;2021-06-14;1472;Shelton Inc;2024-03-19;Production;far;;;Mercado de Fruta
77;65;2024-09-28;2702;Carter PLC;2024-11-13;Unit;day;;;Mercado de Legumes
409;994;2024-10-27;4384;Long Ltd;2024-03-21;Claim;product;;;Mercado de Fruta
52;701;2025-01-27;4170;Hess PLC;2022-07-05;Important;stock;112.0;that;Mercado de Legumes
362;61;2023-10-08;3613;Mccullough-Mckinney;2024-11-08;Everybody;stay;94.0;all;Mercado de Fruta
362;61;2023-10-08;3613;Mccullough-Mckinney;2024-11-08;Everybody;stay;157.0;environment;Mercado de Fruta
60;685;2026-01-17;1723;Brown, Ortega and Moran;2023-07-07;Ask;good;;;Mercado de Fruta
391;590;2020-11-11;637;Travis PLC;2023-06-04;Team;day;;;Mercado de Legumes
438;552;2025-11-28;1348;Reed, Vega and Ho;2022-04-05;Choose;natural;42.0;seem;Mercado de Flores
430;588;2025-06-24;814;Guerrero-Hernandez;2024-02-11;Wear;region;146.0;amount;Mercado de Flores
35;544;2021-09-06;1064;Nolan, Jones and Gordon;2021-04-03;Team;they;61.0;record;Mercado de Fruta
184;226;2025-08-02;1771;Moore, Lopez and Santos;2021-12-10;Oil;his;;;Mercado de Fruta
308;57;2025-01-25;1606;Jones, Harrington and Herrera;2024-03-21;Step;decide;;;Mercado de Flores
96;330;2023-01-23;2278;Sosa, Newton and Anderson;2022-05-18;Because;now;;;Mercado de Flores
110;111;2025-07-15;1058;Price Inc;2025-10-27;Season;behind;121.0;what;Mercado de Flores
485;413;2023-01-11;2049;Allen and Sons;2023-06-18;Really;traditional;;;Mercado de Legumes
425;611;2022-08-26;4291;Sims PLC;2023-09-28;Career;rate;58.0;different;Mercado de Legumes
425;611;2022-08-26;4291;Sims PLC;2023-09-28;Career;rate;193.0;exactly;Mercado de Legumes
425;611;2022-08-26;4291;Sims PLC;2023-09-28;Career;rate;196.0;personal;Mercado de Legumes
400;143;2025-01-04;1521;Davis Group;2024-10-27;Film;could;13.0;coach;Mercado de Legumes
480;944;2022-10-03;1268;Jones-Chavez;2022-10-24;Stay;detail;99.0;then;Mercado de Legumes
480;944;2022-10-03;1268;Jones-Chavez;2022-10-24;Stay;detail;131.0;religious;Mercado de Legumes
221;249;2024-04-01;936;Gardner Group;2024-11-05;Kind;organization;41.0;big;Mercado de Flores
15;554;2025-03-21;760;Jackson, Miller and Chang;2024-05-13;Certainly;feel;;;Mercado de Legumes
169;844;2020-03-30;2589;Hall Inc;2025-03-03;Southern;thus;;;Mercado de Fruta
338;966;2020-02-19;732;Brown Ltd;2025-02-19;Still;offer;;;Mercado de Flores
447;72;2022-10-24;1371;Palmer, Hall and Mcintosh;2023-12-21;Eat;accept;;;Mercado de Flores
229;229;2021-10-15;3033;Johnson, Sanders and Lam;2021-09-13;Go;run;;;Mercado de Fruta
175;294;2020-06-07;952;Alvarado, Cobb and Dillon;2023-09-19;Discussion;toward;85.0;over;Mercado de Flores
33;297;2021-02-06;2708;Sims, Meza and Haynes;2021-09-04;Ball;senior;;;Mercado de Flores
393;139;2022-06-21;4639;Carson and Sons;2021-11-06;Ok;finally;;;Mercado de Fruta
406;767;2023-08-08;2587;Rodriguez-Spencer;2022-05-20;Source;keep;;;Mercado de Legumes
284;862;2021-09-04;4183;Wilson, Nixon and Sanchez;2022-10-14;Feel;perform;;;Mercado de Fruta
101;631;2024-04-16;2598;Dominguez, Fry and Hill;2021-08-11;Product;audience;;;Mercado de Fruta
355;405;2023-06-08;4574;Snyder-Kane;2024-09-28;Structure;wide;;;Mercado de Flores
253;626;2020-06-09;3086;Kelley Ltd;2023-12-20;Energy;base;;;Mercado de Legumes
420;705;2021-08-23;3969;Brooks Ltd;2021-05-23;Size;whole;;;Mercado de Flores
271;472;2025-02-25;1788;Lucero-Dawson;2021-03-15;Different;deep;;;Mercado de Fruta
267;473;2021-01-31;3824;Wagner Inc;2022-03-29;Chair;choose;;;Mercado de Legumes
440;307;2020-10-11;3542;Johnson, Smith and Reed;2024-11-14;Traditional;appear;159.0;talk;Mercado de Fruta
382;579;2020-12-22;2518;Buchanan-Marquez;2023-03-31;Happen;hotel;;;Mercado de Flores
105;193;2020-04-19;2065;Mccall and Sons;2022-01-20;Born;across;5.0;meet;Mercado de Fruta
105;193;2020-04-19;2065;Mccall and Sons;2022-01-20;Born;across;187.0;coach;Mercado de Fruta
79;937;2025-01-16;1716;Lopez, Newton and Rivera;2021-03-22;Increase;piece;;;Mercado de Fruta
95;968;2025-11-20;680;Woods and Sons;2022-04-09;Responsibility;read;32.0;follow;Mercado de Legumes
498;354;2020-03-06;4269;Walker-Kirk;2024-03-19;Another;collection;;;Mercado de Flores
453;221;2024-03-30;317;Tran PLC;2023-10-18;Little;ever;88.0;inside;Mercado de Legumes
264;804;2021-02-19;1564;Hopkins, Jackson and Ortiz;2025-01-24;Include;interview;;;Mercado de Flores
428;141;2022-05-02;4088;Baldwin-Chandler;2022-06-04;Doctor;year;141.0;think;Mercado de Flores
118;783;2021-02-25;2470;Powell-Foster;2025-08-02;Certain;office;;;Mercado de Flores
251;291;2025-11-06;617;Fernandez Inc;2021-07-16;Check;wife;59.0;western;Mercado de Flores
57;45;2022-06-27;2646;Lee Inc;2025-11-23;Still;whose;;;Mercado de Flores
356;704;2024-01-31;4927;Cook, Boyer and Cox;2024-02-10;Defense;star;;;Mercado de Legumes
414;934;2026-02-03;690;Nguyen-Becker;2023-04-12;Toward;act;;;Mercado de Fruta
339;802;2023-06-25;3354;Hill, Dalton and Bolton;2021-10-09;Institution;among;77.0;property;Mercado de Fruta
259;56;2023-06-14;1742;Pham, Farmer and Marsh;2021-04-12;Forward;note;50.0;have;Mercado de Legumes
166;881;2025-08-18;2971;Savage-Martin;2025-07-07;Wear;table;;;Mercado de Legumes
5;581;2025-07-14;1099;Hart, Ramsey and Diaz;2021-03-14;Similar;small;113.0;tend;Mercado de Legumes
88;666;2021-03-07;4309;Brewer Ltd;2023-01-19;Measure;focus;;;Mercado de Flores
24;634;2023-02-05;1204;Yates Ltd;2021-10-02;Feeling;near;64.0;away;Mercado de Fruta
329;485;2021-03-25;4512;Miller LLC;2023-07-20;However;debate;35.0;mean;Mercado de Legumes
180;591;2022-03-22;2652;Tran-Huynh;2021-10-01;Article;interest;3.0;teach;Mercado de Flores
161;480;2022-04-30;830;Mays-Harmon;2022-10-23;Actually;various;;;Mercado de Flores
373;291;2023-05-20;626;Martinez, Taylor and Howard;2025-04-04;Check;wife;;;Mercado de Flores
161;798;2023-11-26;575;Mays-Harmon;2022-10-23;Young;pay;;;Mercado de Flores
3;975;2022-08-23;3405;Cruz, Hurley and Graham;2024-07-17;Future;hear;;;Mercado de Flores
19;157;2021-10-27;2571;Taylor Group;2023-12-11;Site;next;;;Mercado de Fruta
322;646;2020-07-10;2149;Elliott Group;2024-07-27;Important;face;;;Mercado de Fruta
452;641;2024-01-18;3527;Sims LLC;2025-12-16;Point;yourself;;;Mercado de Legumes
148;85;2025-04-13;3373;Hicks, Smith and Watson;2026-01-22;Through;south;18.0;turn;Mercado de Fruta
479;175;2022-06-03;2073;Reynolds, Christian and Lopez;2021-07-19;Southern;contain;;;Mercado de Fruta
60;267;2024-09-07;2790;Brown, Ortega and Moran;2023-07-07;Movie;event;;;Mercado de Flores
150;570;2022-01-08;1936;Zhang, Arnold and Richmond;2021-11-15;Though;week;;;Mercado de Flores
464;41;2024-02-09;770;Morris Ltd;2021-10-01;Guy;require;;;Mercado de Legumes
467;227;2022-02-26;3322;Wilson PLC;2021-12-24;Still;religious;;;Mercado de Legumes
139;581;2023-09-07;2620;Ramirez, Powell and Chen;2025-10-04;Similar;small;81.0;majority;Mercado de Legumes
311;49;2022-08-02;127;Johnson-Blankenship;2021-09-21;Season;dinner;46.0;far;Mercado de Fruta
239;447;2022-02-02;4235;Garcia LLC;2025-07-11;Front;population;;;Mercado de Flores
72;999;2023-05-02;4948;Crane-Torres;2022-06-18;Indeed;bed;86.0;school;Mercado de Flores
332;528;2024-03-26;1281;Dixon and Sons;2022-12-29;Some;must;;;Mercado de Flores
297;951;2020-04-07;3708;Martin-Stuart;2023-04-09;Never;so;;;Mercado de Flores
395;599;2021-02-08;589;Santana-Ray;2022-09-09;Friend;along;;;Mercado de Legumes
40;423;2023-08-30;3441;Andrade, Mcclure and Alvarez;2025-08-03;Politics;teacher;95.0;executive;Mercado de Flores
182;903;2025-04-20;3190;Moore, Rivera and Nguyen;2024-06-18;Social;light;;;Mercado de Flores
76;986;2024-06-12;2408;Sparks Ltd;2022-05-22;Need;player;;;Mercado de Legumes
68;390;2022-06-04;894;Howard-Olson;2023-03-02;Meeting;language;;;Mercado de Flores
296;294;2024-12-09;1444;Coleman-Reyes;2025-07-26;Discussion;toward;83.0;responsibility;Mercado de Flores
296;294;2024-12-09;1444;Coleman-Reyes;2025-07-26;Discussion;toward;145.0;somebody;Mercado de Flores
282;782;2021-09-13;3413;Wilson LLC;2025-01-17;Media;or;130.0;billion;Mercado de Legumes
282;782;2021-09-13;3413;Wilson LLC;2025-01-17;Media;or;167.0;wonder;Mercado de Legumes
299;938;2024-02-08;748;Booker PLC;2025-08-17;Within;a;;;Mercado de Legumes
61;363;2020-03-24;3739;Stewart, Hopkins and Williams;2021-12-31;Again;large;;;Mercado de Flores
38;967;2022-05-05;2525;Moore LLC;2022-08-15;Center;score;;;Mercado de Fruta
211;146;2023-11-15;2241;Robinson LLC;2022-02-07;Direction;skin;153.0;thus;Mercado de Legumes
492;943;2020-10-20;920;Lyons, Gomez and Oconnor;2021-04-27;Set;physical;;;Mercado de Fruta
1;29;2023-01-10;4040;Cooper and Sons;2022-04-26;Different;agency;;;Mercado de Legumes
100;432;2023-02-25;2837;Brown PLC;2025-07-17;Soldier;decade;;;Mercado de Flores
139;274;2025-07-11;4281;Ramirez, Powell and Chen;2025-10-04;Generation;officer;81.0;majority;Mercado de Fruta
79;418;2022-09-12;853;Lopez, Newton and Rivera;2021-03-22;May;tend;;;Mercado de Fruta
293;973;2024-10-23;326;Tyler LLC;2025-11-18;Loss;term;;;Mercado de Fruta
5;708;2023-12-29;4907;Hart, Ramsey and Diaz;2021-03-14;Seek;food;113.0;tend;Mercado de Flores
333;864;2022-09-29;1299;Robinson, Riddle and Reese;2024-10-16;Region;personal;;;Mercado de Flores
21;114;2022-11-04;1633;Williams, Martinez and Gentry;2021-03-07;Plant;much;;;Mercado de Flores
368;654;2023-12-19;672;Martin and Sons;2024-01-11;Everyone;sound;;;Mercado de Flores
483;588;2023-04-28;1420;Ramirez PLC;2025-10-14;Wear;region;8.0;throughout;Mercado de Flores
349;505;2025-07-21;3201;Wise-Perry;2021-04-04;Become;imagine;;;Mercado de Fruta
446;426;2020-07-24;4878;Duffy-Molina;2022-11-01;Fly;commercial;93.0;paper;Mercado de Flores
315;729;2023-04-30;2724;Garcia, Campbell and Powell;2023-02-17;Age;near;;;Mercado de Flores
270;203;2021-08-29;922;Knight-Alexander;2023-05-25;Wind;stock;175.0;practice;Mercado de Legumes
458;73;2021-08-01;3915;Long, Walker and Allison;2025-03-29;Organization;relationship;;;Mercado de Fruta
406;8;2022-05-23;3852;Rodriguez-Spencer;2022-05-20;Thus;allow;;;Mercado de Legumes
419;126;2025-11-06;2522;Johnson, Hamilton and Price;2023-10-29;Player;though;;;Mercado de Flores
398;726;2020-11-06;765;Williams-Reynolds;2021-07-19;Occur;rest;38.0;ten;Mercado de Flores
398;726;2020-11-06;765;Williams-Reynolds;2021-07-19;Occur;rest;200.0;professional;Mercado de Flores
449;540;2022-08-05;4336;Price-Mckay;2023-01-29;Financial;budget;;;Mercado de Flores
486;501;2021-08-28;2350;Stewart Inc;2024-10-25;Offer;after;180.0;party;Mercado de Flores
359;716;2025-01-23;4042;Thompson-Miller;2025-10-31;Gas;enough;;;Mercado de Legumes
12;740;2024-07-30;1526;Bradley LLC;2024-08-05;Field;computer;;;Mercado de Legumes
491;111;2021-11-11;4530;Smith LLC;2025-01-19;Season;behind;156.0;hair;Mercado de Flores
491;111;2021-11-11;4530;Smith LLC;2025-01-19;Season;behind;172.0;moment;Mercado de Flores
252;50;2026-02-13;2846;Mitchell, Phillips and Marshall;2024-10-27;Up;foot;105.0;partner;Mercado de Legumes
433;565;2021-08-06;1905;Ballard-Orozco;2024-02-08;Interview;election;136.0;of;Mercado de Fruta
477;487;2023-03-09;4607;Jenkins-Butler;2023-02-09;Court;address;;;Mercado de Fruta
67;536;2025-04-03;4955;Jones, Wolf and Smith;2022-08-07;Left;increase;;;Mercado de Legumes
402;241;2024-04-27;736;Miller-Wagner;2023-04-08;True;summer;;;Mercado de Fruta
367;272;2023-10-28;1096;Waters Inc;2025-12-04;Himself;finally;;;Mercado de Legumes
6;64;2025-08-28;2555;Parker, Kelly and Golden;2022-01-20;Sell;care;12.0;sign;Mercado de Fruta
441;256;2021-05-01;3831;Mclaughlin, Hernandez and Fitzpatrick;2025-05-27;Food;notice;;;Mercado de Fruta
288;926;2021-10-29;2281;Hicks, Griffin and Craig;2026-01-22;Enter;government;33.0;conference;Mercado de Legumes
239;210;2020-07-05;2250;Garcia LLC;2025-07-11;Low;feel;;;Mercado de Flores
409;741;2025-08-20;2931;Long Ltd;2024-03-21;Member;other;;;Mercado de Flores
479;809;2021-10-16;1024;Reynolds, Christian and Lopez;2021-07-19;Maybe;thousand;;;Mercado de Legumes
220;446;2022-08-21;3931;Sharp-Williams;2024-08-10;Painting;take;;;Mercado de Legumes
367;830;2025-10-24;2551;Waters Inc;2025-12-04;Customer;cut;;;Mercado de Legumes
346;292;2020-11-06;1488;Paul, Stewart and Pierce;2024-08-13;Wide;event;44.0;house;Mercado de Fruta
366;427;2025-09-01;1584;Martinez-West;2024-04-10;Task;education;125.0;add;Mercado de Fruta
442;10;2021-12-27;3150;Savage Ltd;2025-04-01;News;treat;;;Mercado de Fruta
357;43;2021-09-01;4792;Curry, Luna and White;2023-03-17;Doctor;wear;;;Mercado de Fruta
480;948;2025-05-23;1548;Jones-Chavez;2022-10-24;Star;all;99.0;then;Mercado de Flores
480;948;2025-05-23;1548;Jones-Chavez;2022-10-24;Star;all;131.0;religious;Mercado de Flores
281;683;2024-08-09;178;Carlson-Landry;2025-12-17;Set;half;178.0;form;Mercado de Legumes
413;596;2025-12-02;1061;Shelton Inc;2024-03-19;Indicate;hear;;;Mercado de Legumes
446;627;2022-05-17;2772;Duffy-Molina;2022-11-01;Effort;effect;93.0;paper;Mercado de Flores
314;87;2024-03-16;2159;Moody LLC;2024-10-26;Early;my;;;Mercado de Flores
89;197;2020-01-27;3478;Johns, Wolf and Osborne;2023-07-02;Address;offer;;;Mercado de Legumes
498;590;2022-04-05;3477;Walker-Kirk;2024-03-19;Team;day;;;Mercado de Legumes
466;228;2021-12-06;3273;Hernandez-Lynch;2022-02-27;Still;degree;;;Mercado de Flores
382;933;2020-09-17;2644;Buchanan-Marquez;2023-03-31;Two;miss;;;Mercado de Flores
362;649;2025-07-31;706;Mccullough-Mckinney;2024-11-08;Arm;memory;94.0;all;Mercado de Fruta
362;649;2025-07-31;706;Mccullough-Mckinney;2024-11-08;Arm;memory;157.0;environment;Mercado de Fruta
94;81;2023-05-01;2762;Boyd, Mcdaniel and Marsh;2022-05-03;Coach;ago;16.0;thing;Mercado de Flores
415;793;2020-02-09;2706;Anderson, Yoder and Taylor;2021-08-26;Party;situation;60.0;thing;Mercado de Fruta
116;785;2025-09-26;816;Williams, Anderson and Lopez;2025-02-13;Four;his;28.0;difference;Mercado de Legumes
241;580;2023-02-07;519;Bates-Rivera;2022-09-06;Open;vote;;;Mercado de Fruta
361;955;2020-06-06;2839;Martinez Ltd;2023-11-22;True;house;80.0;by;Mercado de Fruta
475;335;2021-12-17;1967;Luna Ltd;2025-03-23;Girl;serious;;;Mercado de Legumes
63;488;2025-08-19;3518;Castro, Sherman and Flores;2025-12-01;Despite;exactly;;;Mercado de Legumes
383;93;2025-04-02;1270;Price-Pearson;2022-09-23;Nearly;whom;;;Mercado de Flores
446;172;2024-01-31;864;Duffy-Molina;2022-11-01;Early;pretty;93.0;paper;Mercado de Fruta
375;276;2023-09-22;1649;Dixon-Williams;2021-07-20;Prevent;if;;;Mercado de Flores
156;864;2024-04-29;219;Wilkinson, George and Turner;2024-05-22;Region;personal;;;Mercado de Flores
392;995;2023-10-22;4173;Nelson-Donaldson;2024-05-14;Skin;hundred;107.0;sense;Mercado de Legumes
231;531;2021-08-16;4772;Griffin PLC;2021-03-20;Clear;cost;;;Mercado de Flores
498;380;2020-12-26;2014;Walker-Kirk;2024-03-19;Character;forward;;;Mercado de Legumes
397;551;2020-06-14;3389;Choi Ltd;2023-02-14;Now;help;;;Mercado de Legumes
141;290;2025-12-19;3069;Gordon LLC;2022-04-11;Education;share;;;Mercado de Legumes
384;171;2024-04-13;3208;Gilbert, Schmidt and Macias;2025-03-21;Style;bill;161.0;policy;Mercado de Flores
358;714;2020-04-13;783;Mccormick and Sons;2023-11-06;Range;late;24.0;during;Mercado de Flores
358;714;2020-04-13;783;Mccormick and Sons;2023-11-06;Range;late;138.0;democratic;Mercado de Flores
285;616;2023-07-14;4540;English-Williams;2023-09-29;Side;drive;;;Mercado de Fruta
334;98;2022-09-12;3841;Hernandez-Mason;2024-04-05;Hit;successful;140.0;ok;Mercado de Legumes
314;726;2025-05-05;679;Moody LLC;2024-10-26;Occur;rest;;;Mercado de Flores
194;256;2022-11-13;2756;Bowen and Sons;2022-07-29;Food;notice;;;Mercado de Fruta
296;404;2023-06-14;2370;Coleman-Reyes;2025-07-26;He;read;83.0;responsibility;Mercado de Legumes
296;404;2023-06-14;2370;Coleman-Reyes;2025-07-26;He;read;145.0;somebody;Mercado de Legumes
414;172;2025-12-08;4358;Nguyen-Becker;2023-04-12;Early;pretty;;;Mercado de Fruta
288;897;2020-10-11;2066;Hicks, Griffin and Craig;2026-01-22;Eat;growth;33.0;conference;Mercado de Flores
34;54;2021-12-09;3074;Martinez, Beck and Moyer;2022-10-22;View;eat;47.0;too;Mercado de Flores
192;508;2022-04-01;2343;Bowman Ltd;2023-10-30;Shoulder;garden;;;Mercado de Fruta
319;258;2025-10-11;991;Lee-White;2022-01-14;Amount;lawyer;;;Mercado de Flores
243;111;2023-01-17;3886;Jensen, Flores and Barnes;2021-07-05;Season;behind;;;Mercado de Flores
394;289;2021-05-31;3240;Mcgee-Ramirez;2024-11-29;Get;six;;;Mercado de Fruta
303;579;2021-05-20;2102;Bishop, Evans and Thompson;2021-12-22;Happen;hotel;;;Mercado de Flores
97;19;2025-10-10;2543;Munoz-Lawson;2024-07-29;Social;message;20.0;stay;Mercado de Fruta
97;19;2025-10-10;2543;Munoz-Lawson;2024-07-29;Social;message;23.0;total;Mercado de Fruta
97;19;2025-10-10;2543;Munoz-Lawson;2024-07-29;Social;message;26.0;identify;Mercado de Fruta
97;19;2025-10-10;2543;Munoz-Lawson;2024-07-29;Social;message;150.0;join;Mercado de Fruta
97;19;2025-10-10;2543;Munoz-Lawson;2024-07-29;Social;message;181.0;grow;Mercado de Fruta
207;176;2022-12-02;4996;Warren Inc;2022-01-11;Believe;for;;;Mercado de Legumes
346;410;2022-11-26;1999;Paul, Stewart and Pierce;2024-08-13;Control;goal;44.0;house;Mercado de Legumes
213;416;2020-02-11;871;Gonzalez-George;2021-03-23;Be;stay;11.0;off;Mercado de Legumes
195;738;2020-05-06;4945;Ross-Davidson;2022-08-27;Method;away;;;Mercado de Flores
166;158;2024-02-26;1661;Savage-Martin;2025-07-07;Two;health;;;Mercado de Legumes
314;752;2021-07-03;1700;Moody LLC;2024-10-26;Job;strong;;;Mercado de Legumes
320;802;2021-05-27;4658;Perez, Long and Spencer;2025-10-29;Institution;among;;;Mercado de Fruta
301;592;2020-05-20;3226;York, Carter and Hernandez;2022-10-28;Congress;difficult;52.0;institution;Mercado de Fruta
75;143;2024-06-08;4533;Conley LLC;2025-11-10;Film;could;;;Mercado de Legumes
357;680;2023-05-05;3940;Curry, Luna and White;2023-03-17;Score;tell;;;Mercado de Legumes
464;365;2024-11-09;3318;Morris Ltd;2021-10-01;Main;thank;;;Mercado de Legumes
493;432;2024-08-07;2781;Blake Group;2025-03-31;Soldier;decade;110.0;truth;Mercado de Flores
324;53;2024-05-31;182;Pearson-Dean;2022-05-18;Special;be;;;Mercado de Legumes
208;14;2024-05-03;2959;Nunez-Lopez;2025-09-23;Image;leg;;;Mercado de Legumes
469;598;2022-06-05;1638;Hall Ltd;2024-01-09;Oil;speech;173.0;seem;Mercado de Fruta
367;836;2021-11-27;1000;Waters Inc;2025-12-04;Writer;tell;;;Mercado de Legumes
179;952;2022-09-27;4396;Bowman, Boyer and Smith;2025-03-16;Religious;positive;;;Mercado de Fruta
472;438;2023-02-17;2946;Camacho Inc;2022-03-16;Attack;have;;;Mercado de Flores
232;464;2020-02-28;4700;Stephenson Group;2025-12-12;Put;idea;;;Mercado de Legumes
374;370;2025-04-16;3865;Park-Curry;2021-09-16;Nice;adult;;;Mercado de Fruta
143;238;2024-01-27;3113;Flores and Sons;2024-12-02;Draw;let;;;Mercado de Fruta
19;622;2022-09-23;775;Taylor Group;2023-12-11;Reflect;position;;;Mercado de Fruta
156;804;2021-05-23;1655;Wilkinson, George and Turner;2024-05-22;Include;interview;;;Mercado de Flores
425;256;2020-07-18;1721;Sims PLC;2023-09-28;Food;notice;58.0;different;Mercado de Fruta
425;256;2020-07-18;1721;Sims PLC;2023-09-28;Food;notice;193.0;exactly;Mercado de Fruta
425;256;2020-07-18;1721;Sims PLC;2023-09-28;Food;notice;196.0;personal;Mercado de Fruta
496;821;2024-02-05;3467;Barrett, Patrick and Morton;2025-03-09;Create;change;129.0;nor;Mercado de Legumes
127;852;2020-04-22;3611;Hill PLC;2025-05-30;Off;another;73.0;Congress;Mercado de Flores
155;298;2022-10-19;4242;Harris-Travis;2023-09-23;Still;simple;;;Mercado de Fruta
308;684;2020-08-03;1381;Jones, Harrington and Herrera;2024-03-21;Free;might;;;Mercado de Flores
410;161;2025-10-19;2116;Clark Ltd;2021-04-02;Participant;no;;;Mercado de Legumes
169;127;2020-12-06;2734;Hall Inc;2025-03-03;Store;her;;;Mercado de Fruta
146;999;2024-08-18;1697;Christian, Lee and Stewart;2024-07-08;Indeed;bed;126.0;enter;Mercado de Flores
375;651;2022-09-08;4882;Dixon-Williams;2021-07-20;Street;recently;;;Mercado de Flores
270;616;2023-12-24;3823;Knight-Alexander;2023-05-25;Side;drive;175.0;practice;Mercado de Fruta
377;888;2020-07-17;3278;Humphrey-Hancock;2023-12-16;Notice;here;;;Mercado de Flores
137;547;2020-10-22;215;Gray, Kim and Doyle;2023-09-10;Whatever;reduce;;;Mercado de Fruta
109;106;2026-02-14;4103;Sanchez-Atkinson;2024-07-27;Happen;blood;;;Mercado de Fruta
494;130;2024-05-10;4824;Rasmussen Group;2023-04-05;They;really;;;Mercado de Fruta
110;61;2022-10-22;3400;Price Inc;2025-10-27;Everybody;stay;121.0;what;Mercado de Fruta
314;890;2022-03-23;340;Moody LLC;2024-10-26;Expect;thousand;;;Mercado de Legumes
164;133;2022-03-15;602;Acevedo-Potts;2021-06-29;Ten;international;;;Mercado de Fruta
486;579;2024-04-07;1841;Stewart Inc;2024-10-25;Happen;hotel;180.0;party;Mercado de Flores
51;109;2025-10-19;3407;Mueller-Herrera;2022-08-02;Degree;one;;;Mercado de Fruta
258;326;2021-11-27;1927;Sims, Miller and Chavez;2021-06-01;Sit;remain;;;Mercado de Legumes
323;807;2025-08-19;3854;Cummings and Sons;2022-10-22;To;nice;;;Mercado de Flores
190;875;2022-09-09;1404;Lyons-Cook;2023-06-02;Bit;may;;;Mercado de Legumes
216;10;2022-02-09;1551;Kirk LLC;2025-02-16;News;treat;74.0;employee;Mercado de Fruta
441;793;2024-04-18;3463;Mclaughlin, Hernandez and Fitzpatrick;2025-05-27;Party;situation;;;Mercado de Fruta
355;384;2020-08-29;954;Snyder-Kane;2024-09-28;Sort;physical;;;Mercado de Flores
89;878;2024-01-18;540;Johns, Wolf and Osborne;2023-07-02;Personal;could;;;Mercado de Legumes
369;874;2021-06-05;488;Frank-Glover;2023-12-24;Win;enjoy;;;Mercado de Fruta
474;98;2024-08-04;3800;Alvarez, Lee and Lopez;2021-04-28;Hit;successful;127.0;through;Mercado de Legumes
474;98;2024-08-04;3800;Alvarez, Lee and Lopez;2021-04-28;Hit;successful;163.0;party;Mercado de Legumes
93;230;2022-11-14;2461;Russell Ltd;2025-01-13;Theory;study;194.0;quickly;Mercado de Legumes
100;304;2022-07-07;4351;Brown PLC;2025-07-17;Charge;this;;;Mercado de Fruta
138;230;2025-11-25;2267;Lee-Keller;2023-10-06;Theory;study;117.0;staff;Mercado de Legumes
397;215;2022-01-02;3790;Choi Ltd;2023-02-14;Whom;wear;;;Mercado de Legumes
389;39;2024-06-29;4280;Snyder, Reese and Wagner;2021-07-04;Hand;financial;102.0;as;Mercado de Flores
122;622;2021-02-20;3742;Scott-Bowers;2024-12-19;Reflect;position;;;Mercado de Fruta
172;176;2025-12-04;115;Grant-Jordan;2024-08-24;Believe;for;;;Mercado de Legumes
450;400;2025-12-04;3733;Calderon, May and Davis;2023-01-09;Season;whatever;171.0;wait;Mercado de Fruta
127;954;2021-08-08;4270;Hill PLC;2025-05-30;Quality;goal;73.0;Congress;Mercado de Flores
280;792;2023-12-09;3818;Fitzgerald, Good and Curtis;2021-09-14;Eight;leg;68.0;glass;Mercado de Flores
280;792;2023-12-09;3818;Fitzgerald, Good and Curtis;2021-09-14;Eight;leg;186.0;ball;Mercado de Flores
62;948;2023-09-28;1593;Dean Group;2023-04-26;Star;all;;;Mercado de Flores
243;989;2020-07-28;1873;Jensen, Flores and Barnes;2021-07-05;Early;real;;;Mercado de Legumes
388;470;2023-08-11;1218;Gutierrez-Wright;2025-12-14;Into;his;;;Mercado de Legumes
215;55;2025-10-04;3097;Jimenez-Gates;2022-10-05;Themselves;believe;;;Mercado de Fruta
354;364;2020-07-29;4247;Martinez, Sanchez and Smith;2023-08-21;Find;learn;;;Mercado de Fruta
4;254;2024-09-18;1815;Compton, Gonzalez and Banks;2021-03-20;They;pay;49.0;next;Mercado de Legumes
109;274;2024-04-25;2443;Sanchez-Atkinson;2024-07-27;Generation;officer;;;Mercado de Fruta
488;808;2022-04-01;4590;Rodriguez and Sons;2022-03-26;Because;material;;;Mercado de Fruta
414;68;2022-09-06;3135;Nguyen-Becker;2023-04-12;Article;they;;;Mercado de Legumes
466;794;2023-01-25;2482;Hernandez-Lynch;2022-02-27;Institution;glass;;;Mercado de Legumes
465;997;2020-02-04;2561;Smith-King;2025-09-06;Population;produce;;;Mercado de Fruta
172;263;2021-10-22;670;Grant-Jordan;2024-08-24;Wrong;image;;;Mercado de Legumes
204;441;2020-09-04;4878;Flynn-Knight;2023-08-04;Serious;above;;;Mercado de Flores
70;577;2024-02-24;2272;Brown Inc;2024-12-20;Feeling;dinner;139.0;mission;Mercado de Fruta
70;577;2024-02-24;2272;Brown Inc;2024-12-20;Feeling;dinner;143.0;prevent;Mercado de Fruta
445;862;2025-10-15;3013;Rodriguez LLC;2023-11-14;Feel;perform;;;Mercado de Fruta
482;161;2020-08-19;2419;Stout Inc;2023-05-30;Participant;no;;;Mercado de Legumes
390;251;2024-09-12;3771;Lawrence, Gardner and Harris;2023-03-17;Create;media;;;Mercado de Legumes
167;494;2025-03-13;762;Walker LLC;2023-07-29;And;suffer;;;Mercado de Legumes
185;799;2021-01-30;968;Jennings PLC;2024-02-10;List;perform;;;Mercado de Fruta
387;38;2020-01-06;262;Smith Group;2022-08-12;Miss;forget;15.0;Mrs;Mercado de Legumes
387;38;2020-01-06;262;Smith Group;2022-08-12;Miss;forget;65.0;window;Mercado de Legumes
359;456;2021-04-16;4725;Thompson-Miller;2025-10-31;Kitchen;cultural;;;Mercado de Flores
34;569;2025-08-02;2364;Martinez, Beck and Moyer;2022-10-22;Process;body;47.0;too;Mercado de Legumes
10;622;2022-11-07;2538;Woods, Taylor and Harrison;2024-07-08;Reflect;position;;;Mercado de Fruta
141;562;2022-02-20;498;Gordon LLC;2022-04-11;Laugh;impact;;;Mercado de Fruta
393;461;2025-04-18;3109;Carson and Sons;2021-11-06;Director;war;;;Mercado de Legumes
446;290;2023-05-29;3402;Duffy-Molina;2022-11-01;Education;share;93.0;paper;Mercado de Legumes
448;137;2020-12-21;1360;Jacobs Ltd;2024-09-13;Modern;people;;;Mercado de Legumes
353;226;2022-07-06;3957;Jones-Rollins;2024-02-10;Oil;his;;;Mercado de Fruta
119;861;2025-01-06;4313;Shelton, Odonnell and Williams;2022-11-17;House;third;;;Mercado de Flores
153;438;2023-10-13;1077;Wilson, Spears and Mitchell;2025-04-21;Attack;have;79.0;image;Mercado de Flores
403;760;2025-07-22;3699;Reynolds PLC;2023-07-11;Budget;protect;70.0;score;Mercado de Fruta
214;820;2024-01-01;4133;Weaver LLC;2023-05-04;Buy;focus;;;Mercado de Fruta
223;584;2020-12-05;2239;Wilcox, Johnson and Dunlap;2025-04-12;Consumer;half;17.0;character;Mercado de Legumes
233;671;2022-10-06;820;Hernandez-Hart;2021-08-13;Miss;level;177.0;media;Mercado de Legumes
232;571;2024-11-09;861;Stephenson Group;2025-12-12;Wife;bill;;;Mercado de Fruta
381;586;2023-07-09;4910;Hunter-Wood;2023-06-13;Fact;receive;;;Mercado de Fruta
349;660;2023-10-30;3225;Wise-Perry;2021-04-04;Senior;song;;;Mercado de Flores
305;355;2022-10-12;1575;Johnson-Hunter;2023-04-03;Real;wife;;;Mercado de Fruta
73;992;2022-05-17;4766;Adams, Lamb and Ellis;2022-05-26;True;ten;;;Mercado de Legumes
417;172;2025-11-06;3729;Wells Group;2026-01-14;Early;pretty;;;Mercado de Fruta
203;102;2022-01-23;541;Roberts LLC;2024-09-29;We;office;;;Mercado de Flores
270;631;2023-02-22;291;Knight-Alexander;2023-05-25;Product;audience;175.0;practice;Mercado de Fruta
53;173;2022-10-05;3598;West-Brewer;2021-11-26;Throughout;early;188.0;both;Mercado de Legumes
326;479;2022-07-06;2134;Jackson Group;2024-02-03;Floor;organization;;;Mercado de Legumes
349;476;2025-02-20;3727;Wise-Perry;2021-04-04;Money;project;;;Mercado de Legumes
23;151;2022-05-21;1940;Price-Scott;2023-05-17;Learn;body;;;Mercado de Fruta
166;457;2020-07-17;2721;Savage-Martin;2025-07-07;Either;late;;;Mercado de Fruta
68;659;2020-05-31;1994;Howard-Olson;2023-03-02;Natural;friend;;;Mercado de Legumes
194;316;2022-02-13;825;Bowen and Sons;2022-07-29;Where;so;;;Mercado de Fruta
43;816;2021-11-09;3685;Hubbard-Morgan;2026-01-13;Interest;standard;120.0;once;Mercado de Flores
392;504;2024-12-15;432;Nelson-Donaldson;2024-05-14;Kitchen;medical;107.0;sense;Mercado de Flores
276;966;2022-01-07;4042;Spencer PLC;2025-06-17;Still;offer;;;Mercado de Flores
338;742;2022-06-19;809;Brown Ltd;2025-02-19;Become;recognize;;;Mercado de Fruta
357;965;2025-04-29;2051;Curry, Luna and White;2023-03-17;Crime;simple;;;Mercado de Legumes
498;398;2023-05-11;3673;Walker-Kirk;2024-03-19;Fact;expect;;;Mercado de Legumes
353;164;2021-09-13;4500;Jones-Rollins;2024-02-10;Almost;describe;;;Mercado de Legumes
375;376;2025-04-01;1265;Dixon-Williams;2021-07-20;Myself;accept;;;Mercado de Fruta
332;204;2025-11-21;2940;Dixon and Sons;2022-12-29;Father;lawyer;;;Mercado de Flores
247;219;2020-11-17;1116;Rivera Group;2021-12-30;Speak;some;197.0;possible;Mercado de Flores
317;741;2026-01-18;2580;Snyder and Sons;2021-07-03;Member;other;;;Mercado de Flores
248;277;2025-04-28;2407;Reese, Flores and Wright;2025-04-24;For;relationship;;;Mercado de Fruta
210;581;2023-06-24;1937;Clark Ltd;2024-07-20;Similar;small;19.0;perhaps;Mercado de Legumes
275;506;2021-09-26;1799;Cox, Wright and Price;2023-10-30;Game;forward;;;Mercado de Legumes
216;729;2022-08-30;4812;Kirk LLC;2025-02-16;Age;near;74.0;employee;Mercado de Flores
327;123;2023-02-20;1422;Mills, Mclaughlin and Smith;2026-02-09;Morning;box;66.0;certainly;Mercado de Flores
288;769;2023-09-30;3730;Hicks, Griffin and Craig;2026-01-22;Upon;describe;33.0;conference;Mercado de Fruta
178;342;2021-12-21;1760;Hernandez, Lewis and Shields;2025-07-25;May;good;97.0;pay;Mercado de Flores
85;998;2022-02-23;1389;Keller, Dixon and Wilson;2025-04-06;Station;degree;111.0;free;Mercado de Legumes
268;275;2024-06-11;457;Taylor Inc;2022-03-26;Course;result;;;Mercado de Legumes
191;543;2025-10-15;4346;Cross, Skinner and Hart;2022-12-01;Pick;already;;;Mercado de Flores
320;460;2022-02-02;3445;Perez, Long and Spencer;2025-10-29;Across;others;;;Mercado de Fruta
35;251;2020-10-07;4705;Nolan, Jones and Gordon;2021-04-03;Create;media;61.0;record;Mercado de Legumes
278;659;2020-11-06;3112;Morrow-Compton;2025-06-19;Natural;friend;90.0;star;Mercado de Legumes
443;251;2023-06-24;4181;Avila Group;2026-01-21;Create;media;7.0;might;Mercado de Legumes
443;251;2023-06-24;4181;Avila Group;2026-01-21;Create;media;75.0;grow;Mercado de Legumes
84;314;2024-03-13;4855;Daniels LLC;2023-11-15;Laugh;daughter;;;Mercado de Legumes
133;535;2023-10-09;2998;Bullock Ltd;2022-03-23;Recognize;name;71.0;side;Mercado de Fruta
334;70;2024-07-17;2453;Hernandez-Mason;2024-04-05;Official;almost;140.0;ok;Mercado de Fruta
264;299;2021-11-23;3566;Hopkins, Jackson and Ortiz;2025-01-24;General;parent;;;Mercado de Legumes
333;915;2020-01-11;3013;Robinson, Riddle and Reese;2024-10-16;Number;Congress;;;Mercado de Flores
8;406;2025-04-03;1956;Garcia-Lawson;2024-11-18;Go;ability;;;Mercado de Fruta
444;93;2022-09-09;3822;Mack-Castillo;2024-04-27;Nearly;whom;;;Mercado de Flores
327;323;2023-01-21;4171;Mills, Mclaughlin and Smith;2026-02-09;Area;record;66.0;certainly;Mercado de Legumes
344;739;2021-06-13;4904;Smith-Cochran;2024-06-15;Somebody;Mrs;;;Mercado de Fruta
184;843;2020-07-30;4723;Moore, Lopez and Santos;2021-12-10;Woman;century;;;Mercado de Flores
337;576;2020-02-07;825;Jackson Ltd;2022-01-03;Support;close;14.0;fight;Mercado de Flores
254;664;2023-02-26;2304;Williams, Mcdonald and Schmidt;2025-08-24;Seat;according;123.0;dream;Mercado de Fruta
332;267;2022-03-09;475;Dixon and Sons;2022-12-29;Movie;event;;;Mercado de Flores
486;740;2022-02-20;3947;Stewart Inc;2024-10-25;Field;computer;180.0;party;Mercado de Legumes
53;389;2020-05-24;509;West-Brewer;2021-11-26;Town;tend;188.0;both;Mercado de Legumes
448;692;2023-01-17;4528;Jacobs Ltd;2024-09-13;Fact;finally;;;Mercado de Legumes
251;187;2020-04-05;1258;Fernandez Inc;2021-07-16;Cost;finally;59.0;western;Mercado de Fruta
249;230;2020-12-18;2280;Dunlap, Cabrera and Thompson;2021-04-23;Theory;study;;;Mercado de Legumes
131;867;2025-10-31;3042;Schroeder, Moss and Rivas;2021-05-15;Culture;turn;;;Mercado de Flores
244;510;2024-11-05;1594;Perez Ltd;2024-11-05;Suffer;nature;;;Mercado de Flores
320;96;2025-07-18;4474;Perez, Long and Spencer;2025-10-29;Speak;establish;;;Mercado de Flores
69;233;2020-07-20;4051;Goodman-Kirby;2022-12-31;Evidence;four;67.0;hair;Mercado de Legumes
377;161;2023-12-08;3813;Humphrey-Hancock;2023-12-16;Participant;no;;;Mercado de Legumes
116;426;2021-08-15;2413;Williams, Anderson and Lopez;2025-02-13;Fly;commercial;28.0;difference;Mercado de Flores
43;988;2021-07-05;4981;Hubbard-Morgan;2026-01-13;Near;foreign;120.0;once;Mercado de Fruta
120;387;2022-12-05;3507;Mcdaniel-Garza;2022-08-16;Sing;smile;;;Mercado de Flores
217;531;2021-11-04;2640;Moore, Guzman and Moore;2022-12-25;Clear;cost;;;Mercado de Flores
162;937;2022-09-25;571;Jacobs-Watson;2025-05-15;Increase;piece;;;Mercado de Fruta
370;827;2020-04-13;2920;Welch Ltd;2021-10-25;Million;air;;;Mercado de Legumes
487;350;2025-02-13;1825;Martin, Mosley and York;2022-04-29;Mission;sing;;;Mercado de Legumes
40;855;2021-04-23;1730;Andrade, Mcclure and Alvarez;2025-08-03;Matter;marriage;95.0;executive;Mercado de Flores
251;909;2026-01-31;3840;Fernandez Inc;2021-07-16;Establish;almost;59.0;western;Mercado de Flores
247;151;2022-05-13;1767;Rivera Group;2021-12-30;Learn;body;197.0;possible;Mercado de Fruta
37;245;2020-07-05;2715;Meyer-Kim;2022-04-17;Contain;boy;40.0;do;Mercado de Legumes
259;571;2023-08-23;3638;Pham, Farmer and Marsh;2021-04-12;Wife;bill;50.0;have;Mercado de Fruta
288;295;2021-02-06;4713;Hicks, Griffin and Craig;2026-01-22;Subject;order;33.0;conference;Mercado de Fruta
18;53;2024-06-15;127;Ford-Garrett;2025-06-05;Special;be;;;Mercado de Legumes
414;432;2023-04-19;2968;Nguyen-Becker;2023-04-12;Soldier;decade;;;Mercado de Flores
442;813;2024-09-04;828;Savage Ltd;2025-04-01;Floor;national;;;Mercado de Flores
474;142;2022-08-22;3217;Alvarez, Lee and Lopez;2021-04-28;Different;position;127.0;through;Mercado de Fruta
474;142;2022-08-22;3217;Alvarez, Lee and Lopez;2021-04-28;Different;position;163.0;party;Mercado de Fruta
134;573;2024-01-22;3688;Riddle-Jones;2023-07-15;Speech;whether;;;Mercado de Flores
249;458;2024-02-23;3312;Dunlap, Cabrera and Thompson;2021-04-23;Eat;list;;;Mercado de Legumes
386;453;2024-09-21;1878;Hayden-Ellis;2026-01-01;Require;situation;;;Mercado de Flores
129;192;2023-02-09;2978;Gonzalez LLC;2025-09-05;Line;police;30.0;difficult;Mercado de Flores
129;192;2023-02-09;2978;Gonzalez LLC;2025-09-05;Line;police;191.0;a;Mercado de Flores
476;859;2025-09-17;252;Johnson-Curtis;2021-06-10;Room;PM;36.0;dream;Mercado de Fruta
67;587;2022-12-02;2625;Jones, Wolf and Smith;2022-08-07;Purpose;player;;;Mercado de Legumes
1;269;2023-05-18;4381;Cooper and Sons;2022-04-26;Rock;figure;;;Mercado de Legumes
306;776;2024-04-07;4023;Jenkins LLC;2022-02-24;Long;yard;;;Mercado de Legumes
29;567;2025-04-30;1391;Mills Group;2024-12-01;Must;friend;37.0;sister;Mercado de Flores
29;567;2025-04-30;1391;Mills Group;2024-12-01;Must;friend;174.0;might;Mercado de Flores
467;650;2020-04-03;4504;Wilson PLC;2021-12-24;Wait;single;;;Mercado de Legumes
382;81;2022-07-02;4874;Buchanan-Marquez;2023-03-31;Coach;ago;;;Mercado de Flores
114;634;2023-06-28;1026;Powers, Friedman and Atkinson;2025-12-03;Feeling;near;;;Mercado de Fruta
466;581;2025-03-12;761;Hernandez-Lynch;2022-02-27;Similar;small;;;Mercado de Legumes
226;308;2020-01-18;3281;Diaz, Hunt and Jackson;2022-02-06;May;rock;29.0;ever;Mercado de Legumes
226;308;2020-01-18;3281;Diaz, Hunt and Jackson;2022-02-06;May;rock;78.0;sit;Mercado de Legumes
226;308;2020-01-18;3281;Diaz, Hunt and Jackson;2022-02-06;May;rock;89.0;member;Mercado de Legumes
441;755;2025-10-02;2103;Mclaughlin, Hernandez and Fitzpatrick;2025-05-27;World;whose;;;Mercado de Legumes
162;412;2023-08-19;3944;Jacobs-Watson;2025-05-15;Player;soon;;;Mercado de Fruta
313;981;2020-04-25;4306;Stout-Rodgers;2022-09-19;Force;give;92.0;why;Mercado de Flores
122;530;2023-07-04;2601;Scott-Bowers;2024-12-19;Film;physical;;;Mercado de Legumes
77;25;2023-01-18;3343;Carter PLC;2024-11-13;The;magazine;;;Mercado de Fruta
186;396;2020-10-30;4245;Glass LLC;2021-02-27;Drug;let;;;Mercado de Flores
345;682;2023-10-07;2417;Perez-Shannon;2023-09-04;Wrong;organization;;;Mercado de Fruta
456;626;2023-11-16;2323;Price, Franklin and Duarte;2025-01-08;Energy;base;;;Mercado de Legumes
150;297;2022-05-02;3860;Zhang, Arnold and Richmond;2021-11-15;Ball;senior;;;Mercado de Flores
438;436;2025-09-01;4717;Reed, Vega and Ho;2022-04-05;Today;impact;42.0;seem;Mercado de Fruta
118;965;2021-06-25;633;Powell-Foster;2025-08-02;Crime;simple;;;Mercado de Legumes
76;687;2024-05-13;1139;Sparks Ltd;2022-05-22;Clear;quality;;;Mercado de Flores
114;505;2021-08-13;3910;Powers, Friedman and Atkinson;2025-12-03;Become;imagine;;;Mercado de Fruta
201;825;2021-11-09;4082;Swanson Group;2022-06-11;Central;magazine;195.0;state;Mercado de Flores
67;71;2022-12-13;3703;Jones, Wolf and Smith;2022-08-07;Hundred;rather;;;Mercado de Legumes
183;490;2025-05-08;2384;Velez, Price and Cortez;2022-02-23;Bar;former;;;Mercado de Fruta
265;718;2025-09-16;2846;Baker-Wheeler;2021-11-02;Eight;gun;;;Mercado de Fruta
160;429;2024-06-17;2223;Marshall and Sons;2024-12-11;Must;future;63.0;sit;Mercado de Flores
390;917;2025-07-29;4165;Lawrence, Gardner and Harris;2023-03-17;Everyone;sense;;;Mercado de Legumes
447;307;2020-09-21;1126;Palmer, Hall and Mcintosh;2023-12-21;Traditional;appear;;;Mercado de Fruta
111;310;2022-11-03;2808;Huff-Garcia;2024-06-20;Wind;situation;;;Mercado de Fruta
318;759;2022-08-19;4438;Gutierrez, Cisneros and Phillips;2021-07-28;Own;recognize;;;Mercado de Flores
137;113;2025-12-08;4465;Gray, Kim and Doyle;2023-09-10;Itself;issue;;;Mercado de Legumes
247;232;2023-03-01;2778;Rivera Group;2021-12-30;Parent;cut;197.0;possible;Mercado de Fruta
305;277;2022-03-14;2586;Johnson-Hunter;2023-04-03;For;relationship;;;Mercado de Fruta
242;954;2020-05-23;4362;Bishop, Acosta and Obrien;2022-08-25;Quality;goal;;;Mercado de Flores
234;408;2023-02-11;2946;Yates LLC;2025-03-18;Agree;represent;87.0;audience;Mercado de Flores
234;408;2023-02-11;2946;Yates LLC;2025-03-18;Agree;represent;164.0;where;Mercado de Flores
470;187;2025-08-06;3653;Ray, Hall and Graves;2024-05-10;Cost;finally;;;Mercado de Fruta
366;461;2025-12-27;3056;Martinez-West;2024-04-10;Director;war;125.0;add;Mercado de Legumes
443;69;2025-11-28;4766;Avila Group;2026-01-21;True;stay;7.0;might;Mercado de Flores
443;69;2025-11-28;4766;Avila Group;2026-01-21;True;stay;75.0;grow;Mercado de Flores
51;549;2022-10-31;613;Mueller-Herrera;2022-08-02;Know;Republican;;;Mercado de Flores
138;64;2023-11-30;982;Lee-Keller;2023-10-06;Sell;care;117.0;staff;Mercado de Fruta
461;102;2022-11-18;4123;Smith-Stanley;2021-06-23;We;office;;;Mercado de Flores
279;982;2022-01-28;3750;Craig, Gordon and Chang;2021-06-08;Their;ever;;;Mercado de Fruta
258;260;2025-09-26;3428;Sims, Miller and Chavez;2021-06-01;Military;chance;;;Mercado de Legumes
203;192;2020-02-05;4911;Roberts LLC;2024-09-29;Line;police;;;Mercado de Flores
413;294;2024-09-04;2916;Shelton Inc;2024-03-19;Discussion;toward;;;Mercado de Flores
275;10;2025-11-01;2553;Cox, Wright and Price;2023-10-30;News;treat;;;Mercado de Fruta
147;583;2023-09-13;4126;Hess-Dickson;2022-09-18;Business;force;119.0;force;Mercado de Fruta
273;918;2020-12-28;3844;Deleon, Conway and Sanchez;2024-12-11;Reason;man;134.0;leg;Mercado de Flores
492;746;2020-08-11;3631;Lyons, Gomez and Oconnor;2021-04-27;Source;rather;;;Mercado de Legumes
248;284;2022-10-18;407;Reese, Flores and Wright;2025-04-24;Box;level;;;Mercado de Legumes
440;295;2021-09-19;1656;Johnson, Smith and Reed;2024-11-14;Subject;order;159.0;talk;Mercado de Fruta
470;194;2021-10-12;4304;Ray, Hall and Graves;2024-05-10;Student;each;;;Mercado de Legumes
380;65;2024-11-28;1446;Hill, Brown and Clark;2023-05-13;Unit;day;;;Mercado de Legumes
9;505;2025-11-19;3402;Perez-Hurley;2022-02-11;Become;imagine;;;Mercado de Fruta
106;310;2025-10-23;1682;Dodson Inc;2024-09-15;Wind;situation;;;Mercado de Fruta
417;32;2020-06-25;1993;Wells Group;2026-01-14;The;ball;;;Mercado de Legumes
276;311;2020-01-10;1017;Spencer PLC;2025-06-17;Today;organization;;;Mercado de Legumes
190;281;2023-09-13;4484;Lyons-Cook;2023-06-02;Voice;democratic;;;Mercado de Legumes
228;549;2024-07-17;3737;Butler PLC;2021-05-21;Know;Republican;;;Mercado de Flores
306;341;2025-09-09;2831;Jenkins LLC;2022-02-24;Director;always;;;Mercado de Legumes
462;200;2022-07-08;4879;Hansen-Lewis;2024-07-07;Image;those;;;Mercado de Legumes
372;878;2021-10-14;1596;Nichols, Moore and Meadows;2024-11-05;Personal;could;;;Mercado de Legumes
54;534;2024-01-23;2915;Schroeder, Hahn and Miller;2021-03-11;Baby;machine;;;Mercado de Flores
374;791;2022-10-23;4461;Park-Curry;2021-09-16;Project;become;;;Mercado de Legumes
451;495;2024-10-31;2770;Clay, Rivera and Taylor;2025-12-13;Medical;interesting;;;Mercado de Flores
95;486;2020-06-18;1106;Woods and Sons;2022-04-09;Player;plant;32.0;follow;Mercado de Flores
223;842;2025-04-16;1813;Wilcox, Johnson and Dunlap;2025-04-12;Travel;occur;17.0;character;Mercado de Legumes
453;430;2025-07-30;605;Tran PLC;2023-10-18;Piece;our;88.0;inside;Mercado de Fruta
54;622;2022-05-27;2136;Schroeder, Hahn and Miller;2021-03-11;Reflect;position;;;Mercado de Fruta
140;767;2022-07-28;2229;Woodard PLC;2021-04-23;Source;keep;;;Mercado de Legumes
14;815;2023-12-05;1590;Harrison-Moore;2024-09-28;Same;cultural;;;Mercado de Legumes
459;66;2022-12-22;1452;Holland, Evans and Myers;2023-04-18;Community;majority;25.0;large;Mercado de Flores
22;434;2024-08-24;3348;Hernandez, Cain and Dalton;2021-04-23;Energy;marriage;158.0;outside;Mercado de Legumes
39;821;2025-06-28;4735;Yu-Ramirez;2025-09-02;Create;change;21.0;party;Mercado de Legumes
224;808;2024-01-29;4762;Coleman-Green;2021-04-06;Because;material;137.0;mission;Mercado de Fruta
479;665;2025-01-22;1987;Reynolds, Christian and Lopez;2021-07-19;Night;experience;;;Mercado de Legumes
5;331;2020-12-20;1753;Hart, Ramsey and Diaz;2021-03-14;Any;respond;113.0;tend;Mercado de Fruta
488;437;2024-11-25;2436;Rodriguez and Sons;2022-03-26;Care;score;;;Mercado de Legumes
61;311;2020-01-22;3486;Stewart, Hopkins and Williams;2021-12-31;Today;organization;;;Mercado de Legumes
494;672;2024-02-08;3251;Rasmussen Group;2023-04-05;Total;hold;;;Mercado de Flores
101;532;2025-02-19;4404;Dominguez, Fry and Hill;2021-08-11;Million;fall;;;Mercado de Fruta
125;170;2021-07-28;4389;Rice, Freeman and Brown;2024-12-11;Argue;reality;115.0;reality;Mercado de Legumes
301;6;2020-11-07;457;York, Carter and Hernandez;2022-10-28;Response;shoulder;52.0;institution;Mercado de Flores
59;393;2020-03-11;1278;Sullivan, Johnston and Rosales;2024-12-03;Tell;eat;;;Mercado de Flores
361;917;2020-05-25;1812;Martinez Ltd;2023-11-22;Everyone;sense;80.0;by;Mercado de Legumes
313;679;2020-07-19;4070;Stout-Rodgers;2022-09-19;Also;husband;92.0;why;Mercado de Fruta
275;31;2025-06-26;3404;Cox, Wright and Price;2023-10-30;Security;marriage;;;Mercado de Fruta
351;475;2022-10-21;1220;Curtis Inc;2024-10-01;Reality;else;101.0;both;Mercado de Fruta
368;197;2024-06-29;984;Martin and Sons;2024-01-11;Address;offer;;;Mercado de Legumes
135;109;2023-06-24;4247;Williams-Smith;2021-11-26;Degree;one;;;Mercado de Fruta
174;367;2021-03-21;4455;Pope, Perez and Mcdonald;2024-06-19;Street;outside;;;Mercado de Fruta
273;766;2025-01-24;2899;Deleon, Conway and Sanchez;2024-12-11;Him;baby;134.0;leg;Mercado de Fruta
152;248;2021-05-23;3618;Schultz-Glass;2023-06-16;Report;many;118.0;western;Mercado de Legumes
445;422;2024-03-28;3924;Rodriguez LLC;2023-11-14;Beautiful;tax;;;Mercado de Legumes
303;269;2024-12-23;1980;Bishop, Evans and Thompson;2021-12-22;Rock;figure;;;Mercado de Legumes
386;314;2021-08-30;2759;Hayden-Ellis;2026-01-01;Laugh;daughter;;;Mercado de Legumes
39;393;2023-11-08;1489;Yu-Ramirez;2025-09-02;Tell;eat;21.0;party;Mercado de Flores
480;212;2020-06-12;1792;Jones-Chavez;2022-10-24;Evidence;night;99.0;then;Mercado de Legumes
480;212;2020-06-12;1792;Jones-Chavez;2022-10-24;Evidence;night;131.0;religious;Mercado de Legumes
295;157;2020-02-24;2832;Sandoval, Castillo and Golden;2025-02-04;Site;next;;;Mercado de Fruta
128;644;2026-01-05;4385;Butler-Washington;2021-05-01;Draw;remember;;;Mercado de Legumes
62;899;2025-05-21;558;Dean Group;2023-04-26;Water;weight;;;Mercado de Legumes
205;13;2025-01-20;485;Turner-Cook;2023-12-03;Tv;prove;;;Mercado de Fruta
424;718;2025-09-19;3988;Lopez-Palmer;2024-08-05;Eight;gun;;;Mercado de Fruta
47;183;2024-11-13;884;Benjamin-Reed;2024-09-25;Response;argue;;;Mercado de Flores
325;396;2020-06-20;150;Barrett Group;2022-12-07;Drug;let;;;Mercado de Flores
239;144;2022-04-09;1189;Garcia LLC;2025-07-11;Low;recently;;;Mercado de Flores
235;895;2025-12-20;2238;Walker-Garcia;2025-06-30;North;discussion;166.0;suffer;Mercado de Fruta
371;487;2021-05-20;2258;Wells, Jenkins and Martin;2025-08-30;Court;address;;;Mercado de Fruta
317;72;2025-09-09;4730;Snyder and Sons;2021-07-03;Eat;accept;;;Mercado de Flores
383;753;2020-08-02;2123;Price-Pearson;2022-09-23;First;last;;;Mercado de Flores
457;114;2021-05-18;359;Olsen LLC;2024-01-29;Plant;much;;;Mercado de Flores
395;592;2020-03-28;1757;Santana-Ray;2022-09-09;Congress;difficult;;;Mercado de Fruta
353;292;2021-10-24;4492;Jones-Rollins;2024-02-10;Wide;event;;;Mercado de Fruta
109;417;2023-02-18;2616;Sanchez-Atkinson;2024-07-27;Agreement;girl;;;Mercado de Flores
308;319;2024-08-16;1924;Jones, Harrington and Herrera;2024-03-21;Green;almost;;;Mercado de Fruta
322;479;2020-10-23;859;Elliott Group;2024-07-27;Floor;organization;;;Mercado de Legumes
93;714;2020-05-30;1386;Russell Ltd;2025-01-13;Range;late;194.0;quickly;Mercado de Flores
407;581;2021-06-16;1026;Ford, Spencer and Copeland;2021-10-25;Similar;small;;;Mercado de Legumes
220;73;2023-03-05;4283;Sharp-Williams;2024-08-10;Organization;relationship;;;Mercado de Fruta
180;258;2023-12-25;2485;Tran-Huynh;2021-10-01;Amount;lawyer;3.0;teach;Mercado de Flores
37;140;2025-09-21;2814;Meyer-Kim;2022-04-17;Nothing;apply;40.0;do;Mercado de Legumes
164;506;2023-11-06;3163;Acevedo-Potts;2021-06-29;Game;forward;;;Mercado de Legumes
484;722;2021-11-17;3944;Greene Inc;2024-11-23;Executive;training;124.0;follow;Mercado de Legumes
256;916;2020-02-05;3764;Martinez and Sons;2022-09-09;Anyone;reduce;6.0;bar;Mercado de Fruta
178;476;2020-12-08;1513;Hernandez, Lewis and Shields;2025-07-25;Money;project;97.0;pay;Mercado de Legumes
484;502;2023-05-19;3492;Greene Inc;2024-11-23;Life;knowledge;124.0;follow;Mercado de Fruta
76;272;2023-03-17;3074;Sparks Ltd;2022-05-22;Himself;finally;;;Mercado de Legumes
128;311;2025-07-15;1520;Butler-Washington;2021-05-01;Today;organization;;;Mercado de Legumes
247;604;2022-11-17;2367;Rivera Group;2021-12-30;Small;which;197.0;possible;Mercado de Fruta
356;124;2023-11-15;3559;Cook, Boyer and Cox;2024-02-10;Find;how;;;Mercado de Fruta
163;165;2023-12-22;3759;Rogers and Sons;2024-04-13;Partner;leave;;;Mercado de Flores
304;482;2025-04-09;3827;Welch Ltd;2022-10-24;Manager;behavior;190.0;give;Mercado de Legumes
198;181;2025-10-19;3625;Bradley PLC;2021-04-20;She;our;;;Mercado de Fruta
478;446;2024-08-14;4163;Vaughan, Tucker and Jackson;2023-05-14;Painting;take;;;Mercado de Legumes
202;285;2024-02-11;3035;Thomas-Sanders;2025-02-12;Commercial;evidence;;;Mercado de Flores
26;669;2021-10-09;2162;Barron, Dodson and Baker;2024-07-08;Represent;election;;;Mercado de Flores
208;67;2022-12-11;3953;Nunez-Lopez;2025-09-23;Money;inside;;;Mercado de Fruta
81;16;2026-01-04;4441;Norton, Mccoy and Torres;2021-07-03;Reduce;toward;;;Mercado de Fruta
199;152;2020-05-31;3093;Hanson-Fleming;2025-09-15;Behind;door;;;Mercado de Legumes
220;613;2025-05-03;4554;Sharp-Williams;2024-08-10;Base;often;;;Mercado de Fruta
7;215;2022-01-01;1109;Davis, Armstrong and Brown;2023-02-05;Whom;wear;;;Mercado de Legumes
17;10;2025-11-26;2285;Roberts LLC;2023-12-21;News;treat;185.0;truth;Mercado de Fruta
21;957;2020-10-05;3006;Williams, Martinez and Gentry;2021-03-07;Glass;especially;;;Mercado de Flores
225;486;2022-07-17;548;Bradley-Phillips;2021-10-31;Player;plant;;;Mercado de Flores
299;418;2022-07-17;3138;Booker PLC;2025-08-17;May;tend;;;Mercado de Fruta
369;186;2022-06-10;2767;Frank-Glover;2023-12-24;Personal;within;;;Mercado de Flores
121;965;2023-06-16;1859;Ruiz, Miller and Giles;2023-10-05;Crime;simple;;;Mercado de Legumes
181;974;2020-01-30;239;Jackson, Munoz and Guzman;2025-04-01;Eight;group;;;Mercado de Legumes
101;950;2025-04-12;185;Dominguez, Fry and Hill;2021-08-11;Entire;level;;;Mercado de Legumes
432;748;2021-04-05;1313;Wright Group;2021-03-18;But;until;;;Mercado de Fruta
229;61;2023-01-08;2765;Johnson, Sanders and Lam;2021-09-13;Everybody;stay;;;Mercado de Fruta
27;205;2024-04-10;1645;Mosley-Kim;2023-04-06;Need;from;;;Mercado de Fruta
32;654;2021-02-17;4135;Arnold, Hernandez and Hines;2022-10-16;Everyone;sound;51.0;sense;Mercado de Flores
426;633;2022-03-15;451;Johnson-Williams;2021-10-18;Action;its;82.0;marriage;Mercado de Flores
294;166;2021-01-06;1323;Jones, Leon and Edwards;2024-02-02;Give;certainly;98.0;human;Mercado de Fruta
299;686;2022-05-13;1994;Booker PLC;2025-08-17;Difference;black;;;Mercado de Legumes
395;945;2023-11-15;600;Santana-Ray;2022-09-09;Peace;student;;;Mercado de Flores
289;949;2024-04-04;3035;Spencer-Carter;2026-01-20;Watch;usually;;;Mercado de Fruta
399;839;2024-09-11;2613;Scott Group;2021-11-11;Security;moment;84.0;page;Mercado de Legumes
471;690;2020-03-09;1651;Mason-Rogers;2025-10-13;Modern;strategy;;;Mercado de Flores
368;361;2023-03-23;1581;Martin and Sons;2024-01-11;Growth;pull;;;Mercado de Fruta
483;842;2023-08-06;3230;Ramirez PLC;2025-10-14;Travel;occur;8.0;throughout;Mercado de Legumes
75;469;2023-11-01;2426;Conley LLC;2025-11-10;Throughout;north;;;Mercado de Fruta
228;308;2024-08-10;1713;Butler PLC;2021-05-21;May;rock;;;Mercado de Legumes
194;900;2023-04-30;2291;Bowen and Sons;2022-07-29;Something;message;;;Mercado de Flores
366;69;2025-03-05;287;Martinez-West;2024-04-10;True;stay;125.0;add;Mercado de Flores
425;756;2023-06-13;612;Sims PLC;2023-09-28;Short;blue;58.0;different;Mercado de Flores
425;756;2023-06-13;612;Sims PLC;2023-09-28;Short;blue;193.0;exactly;Mercado de Flores
425;756;2023-06-13;612;Sims PLC;2023-09-28;Short;blue;196.0;personal;Mercado de Flores
202;748;2022-09-27;1929;Thomas-Sanders;2025-02-12;But;until;;;Mercado de Fruta
491;291;2022-04-27;4636;Smith LLC;2025-01-19;Check;wife;156.0;hair;Mercado de Flores
491;291;2022-04-27;4636;Smith LLC;2025-01-19;Check;wife;172.0;moment;Mercado de Flores
41;411;2024-07-20;3881;Stephenson-Lee;2025-10-15;Establish;author;;;Mercado de Flores
2;542;2024-08-05;3273;Rogers, Fernandez and Perez;2023-11-29;School;itself;176.0;price;Mercado de Legumes
2;542;2024-08-05;3273;Rogers, Fernandez and Perez;2023-11-29;School;itself;199.0;lot;Mercado de Legumes
191;783;2021-11-13;1581;Cross, Skinner and Hart;2022-12-01;Certain;office;;;Mercado de Flores
334;974;2020-01-21;3686;Hernandez-Mason;2024-04-05;Eight;group;140.0;ok;Mercado de Legumes
338;860;2020-06-03;2344;Brown Ltd;2025-02-19;Minute;police;;;Mercado de Legumes
456;858;2020-02-13;2821;Price, Franklin and Duarte;2025-01-08;Coach;concern;;;Mercado de Flores
123;471;2026-01-08;522;Rivas LLC;2024-11-01;Effect;force;54.0;million;Mercado de Flores
123;471;2026-01-08;522;Rivas LLC;2024-11-01;Effect;force;108.0;office;Mercado de Flores
192;641;2022-06-25;4355;Bowman Ltd;2023-10-30;Point;yourself;;;Mercado de Legumes
406;253;2021-05-16;4247;Rodriguez-Spencer;2022-05-20;Concern;responsibility;;;Mercado de Fruta
238;199;2024-08-16;732;Whitney, Kim and Moore;2025-02-23;Before;around;;;Mercado de Fruta
163;671;2021-01-26;214;Rogers and Sons;2024-04-13;Miss;level;;;Mercado de Legumes
409;969;2023-04-29;1859;Long Ltd;2024-03-21;Hundred;resource;;;Mercado de Flores
354;659;2021-07-28;1000;Martinez, Sanchez and Smith;2023-08-21;Natural;friend;;;Mercado de Legumes
39;559;2022-05-19;2844;Yu-Ramirez;2025-09-02;Admit;position;21.0;party;Mercado de Fruta
454;709;2022-06-12;686;Gonzales-Gonzales;2022-11-22;Account;moment;;;Mercado de Fruta
144;18;2022-12-07;2498;Mercado-Thomas;2024-04-11;Large;skill;103.0;need;Mercado de Flores
270;52;2024-08-05;4331;Knight-Alexander;2023-05-25;Ask;four;175.0;practice;Mercado de Fruta
468;620;2021-03-14;1208;Crawford, Barnes and Aguilar;2021-04-19;Simply;without;;;Mercado de Legumes
27;408;2021-05-05;1184;Mosley-Kim;2023-04-06;Agree;represent;;;Mercado de Flores
294;814;2023-08-13;2042;Jones, Leon and Edwards;2024-02-02;Natural;foot;98.0;human;Mercado de Fruta
206;320;2023-03-27;1802;Glass, Berry and Williams;2024-08-17;Common;grow;;;Mercado de Legumes
302;72;2023-09-08;4059;Howard-Palmer;2022-03-21;Eat;accept;;;Mercado de Flores
47;216;2022-12-24;2187;Benjamin-Reed;2024-09-25;Sure;well;;;Mercado de Flores
389;603;2023-08-21;1542;Snyder, Reese and Wagner;2021-07-04;Woman;mission;102.0;as;Mercado de Flores
294;905;2024-12-27;2211;Jones, Leon and Edwards;2024-02-02;Economic;meet;98.0;human;Mercado de Legumes
216;338;2021-05-27;4916;Kirk LLC;2025-02-16;Executive;agent;74.0;employee;Mercado de Legumes
256;982;2022-12-26;2211;Martinez and Sons;2022-09-09;Their;ever;6.0;bar;Mercado de Fruta
470;849;2022-11-20;4457;Ray, Hall and Graves;2024-05-10;Security;well;;;Mercado de Flores
312;645;2023-04-12;903;Roberts, Sanchez and Cook;2021-10-18;Turn;herself;;;Mercado de Flores
350;378;2022-07-10;1190;Medina-Johnson;2023-03-01;Under;kitchen;;;Mercado de Flores
55;889;2020-06-11;2604;Hill, Allen and Rodriguez;2022-07-31;Executive;level;114.0;ability;Mercado de Fruta
346;626;2021-01-16;3912;Paul, Stewart and Pierce;2024-08-13;Energy;base;44.0;house;Mercado de Legumes
53;200;2023-01-16;4816;West-Brewer;2021-11-26;Image;those;188.0;both;Mercado de Legumes
467;986;2025-02-27;3484;Wilson PLC;2021-12-24;Need;player;;;Mercado de Legumes
409;5;2024-05-08;4569;Long Ltd;2024-03-21;They;describe;;;Mercado de Legumes
498;411;2020-10-10;2004;Walker-Kirk;2024-03-19;Establish;author;;;Mercado de Flores
218;598;2020-10-03;1546;Olson Inc;2026-01-06;Oil;speech;;;Mercado de Fruta
128;425;2022-09-22;3970;Butler-Washington;2021-05-01;Party;yes;;;Mercado de Legumes
450;409;2025-04-28;2490;Calderon, May and Davis;2023-01-09;Baby;model;171.0;wait;Mercado de Fruta
84;722;2023-08-08;4985;Daniels LLC;2023-11-15;Executive;training;;;Mercado de Legumes
201;151;2025-04-10;2678;Swanson Group;2022-06-11;Learn;body;195.0;state;Mercado de Fruta
37;251;2024-11-19;2136;Meyer-Kim;2022-04-17;Create;media;40.0;do;Mercado de Legumes
199;129;2025-04-15;893;Hanson-Fleming;2025-09-15;Way;but;;;Mercado de Flores
448;116;2023-12-28;467;Jacobs Ltd;2024-09-13;Heart;whose;;;Mercado de Legumes
204;74;2025-08-22;794;Flynn-Knight;2023-08-04;Then;no;;;Mercado de Legumes
161;316;2024-05-03;3596;Mays-Harmon;2022-10-23;Where;so;;;Mercado de Fruta
185;416;2023-08-12;2966;Jennings PLC;2024-02-10;Be;stay;;;Mercado de Legumes
31;737;2023-08-18;2094;Ball-Phillips;2025-10-21;Cell;may;;;Mercado de Legumes
167;293;2020-03-30;2116;Walker LLC;2023-07-29;Seek;reach;;;Mercado de Legumes
314;847;2021-11-27;4172;Moody LLC;2024-10-26;Physical;else;;;Mercado de Fruta
158;141;2025-10-25;2360;Moon Group;2024-08-28;Doctor;year;;;Mercado de Flores
1;6;2020-05-18;1433;Cooper and Sons;2022-04-26;Response;shoulder;;;Mercado de Flores
240;110;2022-11-06;4266;Cannon-Newman;2024-02-03;Our;manage;31.0;coach;Mercado de Legumes
157;898;2026-02-10;2106;West Group;2021-06-12;Million;role;;;Mercado de Fruta
444;16;2020-09-08;976;Mack-Castillo;2024-04-27;Reduce;toward;;;Mercado de Fruta
413;308;2023-09-27;4023;Shelton Inc;2024-03-19;May;rock;;;Mercado de Legumes
4;607;2020-02-27;2798;Compton, Gonzalez and Banks;2021-03-20;Make;meet;49.0;next;Mercado de Fruta
367;463;2025-03-16;3810;Waters Inc;2025-12-04;Class;face;;;Mercado de Fruta
431;883;2024-10-25;600;Taylor Inc;2024-08-22;Five;future;104.0;account;Mercado de Fruta
488;375;2022-02-13;4292;Rodriguez and Sons;2022-03-26;Employee;field;;;Mercado de Flores
159;607;2020-07-24;3974;Johnson, Long and Benson;2022-06-05;Make;meet;;;Mercado de Fruta
148;490;2023-08-08;2495;Hicks, Smith and Watson;2026-01-22;Bar;former;18.0;turn;Mercado de Fruta
334;495;2021-01-12;1953;Hernandez-Mason;2024-04-05;Medical;interesting;140.0;ok;Mercado de Flores
499;833;2020-04-30;1117;Jacobs, Johnson and Clark;2022-01-05;Each;even;9.0;piece;Mercado de Legumes
499;833;2020-04-30;1117;Jacobs, Johnson and Clark;2022-01-05;Each;even;43.0;here;Mercado de Legumes
52;208;2023-06-07;2498;Hess PLC;2022-07-05;National;people;112.0;that;Mercado de Fruta
98;154;2021-09-30;986;Riley, Dunn and Mccarty;2024-07-30;Data;marriage;;;Mercado de Fruta
283;822;2022-07-01;271;Nguyen-Patterson;2023-01-09;Medical;scene;;;Mercado de Flores
249;172;2021-08-06;1330;Dunlap, Cabrera and Thompson;2021-04-23;Early;pretty;;;Mercado de Fruta
78;26;2022-01-17;2573;Douglas and Sons;2025-06-07;Available;yard;;;Mercado de Legumes
491;609;2025-10-15;733;Smith LLC;2025-01-19;Mrs;in;156.0;hair;Mercado de Flores
491;609;2025-10-15;733;Smith LLC;2025-01-19;Mrs;in;172.0;moment;Mercado de Flores
112;668;2022-01-28;383;Colon, King and Evans;2022-10-21;Assume;argue;;;Mercado de Legumes
170;926;2024-05-29;3248;Collins-Campos;2025-06-15;Enter;government;;;Mercado de Legumes
105;927;2020-05-25;2635;Mccall and Sons;2022-01-20;Middle;enough;5.0;meet;Mercado de Flores
105;927;2020-05-25;2635;Mccall and Sons;2022-01-20;Middle;enough;187.0;coach;Mercado de Flores
299;3;2023-07-14;1661;Booker PLC;2025-08-17;Development;approach;;;Mercado de Flores
334;348;2024-01-06;1823;Hernandez-Mason;2024-04-05;End;maintain;140.0;ok;Mercado de Flores
480;185;2021-03-21;4777;Jones-Chavez;2022-10-24;Walk;western;99.0;then;Mercado de Legumes
480;185;2021-03-21;4777;Jones-Chavez;2022-10-24;Walk;western;131.0;religious;Mercado de Legumes
456;436;2024-02-11;2054;Price, Franklin and Duarte;2025-01-08;Today;impact;;;Mercado de Fruta
215;945;2022-07-09;4742;Jimenez-Gates;2022-10-05;Peace;student;;;Mercado de Flores
128;476;2020-09-03;3690;Butler-Washington;2021-05-01;Money;project;;;Mercado de Legumes
228;969;2022-05-21;2597;Butler PLC;2021-05-21;Hundred;resource;;;Mercado de Flores
155;176;2025-11-06;2826;Harris-Travis;2023-09-23;Believe;for;;;Mercado de Legumes
379;883;2023-08-20;1985;Ross, Ray and Bean;2023-09-04;Five;future;22.0;join;Mercado de Fruta
189;132;2021-10-03;1775;Clark LLC;2025-06-23;Reveal;create;;;Mercado de Flores
367;846;2022-10-16;4604;Waters Inc;2025-12-04;Wind;training;;;Mercado de Flores
338;591;2025-04-17;1688;Brown Ltd;2025-02-19;Article;interest;;;Mercado de Flores
214;642;2020-07-08;2875;Weaver LLC;2023-05-04;Money;section;;;Mercado de Flores
351;393;2022-12-13;1344;Curtis Inc;2024-10-01;Tell;eat;101.0;both;Mercado de Flores
481;162;2024-06-24;218;Green, Price and Lucas;2024-01-29;Enjoy;per;;;Mercado de Flores
308;807;2025-06-04;1953;Jones, Harrington and Herrera;2024-03-21;To;nice;;;Mercado de Flores
467;264;2023-02-20;2729;Wilson PLC;2021-12-24;Blood;foot;;;Mercado de Flores
347;103;2024-05-19;4980;Becker, Flynn and Silva;2023-12-04;Sound;window;;;Mercado de Fruta
431;29;2023-11-07;3339;Taylor Inc;2024-08-22;Different;agency;104.0;account;Mercado de Legumes
258;273;2022-02-12;1190;Sims, Miller and Chavez;2021-06-01;Whom;book;;;Mercado de Flores
352;34;2024-08-01;2633;Brewer-Willis;2024-10-10;Party;speak;;;Mercado de Fruta
36;494;2024-05-14;4642;Williams Inc;2025-02-07;And;suffer;152.0;increase;Mercado de Legumes
369;382;2022-07-21;663;Frank-Glover;2023-12-24;Political;Democrat;;;Mercado de Fruta
120;135;2022-01-14;3862;Mcdaniel-Garza;2022-08-16;Although;lead;;;Mercado de Flores
267;764;2020-09-03;1334;Wagner Inc;2022-03-29;;friend;;;Mercado de Legumes
390;160;2025-07-05;4737;Lawrence, Gardner and Harris;2023-03-17;Production;far;;;Mercado de Fruta
385;400;2023-06-10;324;Gonzalez Group;2024-02-14;Season;whatever;;;Mercado de Fruta
410;618;2021-09-11;2135;Clark Ltd;2021-04-02;West;manage;;;Mercado de Flores
22;343;2025-10-13;1053;Hernandez, Cain and Dalton;2021-04-23;Camera;theory;158.0;outside;Mercado de Fruta
168;681;2021-12-27;3347;Martinez and Sons;2023-10-25;Blue;window;4.0;along;Mercado de Flores
365;706;2022-04-09;2967;Cantu, Palmer and Thomas;2025-01-03;Yourself;high;;;Mercado de Fruta
431;389;2022-04-10;2516;Taylor Inc;2024-08-22;Town;tend;104.0;account;Mercado de Legumes
459;9;2021-11-21;4401;Holland, Evans and Myers;2023-04-18;Dinner;thing;25.0;large;Mercado de Flores
495;496;2024-10-18;2104;Miller, Cherry and Torres;2025-12-22;Would;source;;;Mercado de Fruta
246;872;2023-10-21;4116;Wood-Fisher;2025-06-13;Lot;kitchen;;;Mercado de Legumes
185;455;2020-10-14;4376;Jennings PLC;2024-02-10;Read;measure;;;Mercado de Legumes
391;427;2023-10-06;3065;Travis PLC;2023-06-04;Task;education;;;Mercado de Fruta
397;582;2021-09-29;445;Choi Ltd;2023-02-14;Better;no;;;Mercado de Flores
364;993;2022-09-09;3880;Boyd-Sexton;2024-06-11;Coach;report;;;Mercado de Flores
378;179;2024-12-08;1056;Clark, Sloan and Maldonado;2024-06-22;Level;drop;;;Mercado de Legumes
294;787;2026-01-06;4631;Jones, Leon and Edwards;2024-02-02;Thank;guess;98.0;human;Mercado de Fruta
393;659;2020-12-15;869;Carson and Sons;2021-11-06;Natural;friend;;;Mercado de Legumes
214;565;2020-07-26;3428;Weaver LLC;2023-05-04;Interview;election;;;Mercado de Fruta
421;568;2024-09-24;2521;Martin LLC;2023-10-20;Wonder;bag;;;Mercado de Fruta
246;819;2024-07-28;4107;Wood-Fisher;2025-06-13;Kid;stand;;;Mercado de Flores
333;188;2022-04-06;3138;Robinson, Riddle and Reese;2024-10-16;Animal;too;;;Mercado de Legumes
487;258;2022-04-02;1058;Martin, Mosley and York;2022-04-29;Amount;lawyer;;;Mercado de Flores
297;686;2021-03-10;4364;Martin-Stuart;2023-04-09;Difference;black;;;Mercado de Legumes
254;271;2023-01-18;4321;Williams, Mcdonald and Schmidt;2025-08-24;Chair;near;123.0;dream;Mercado de Fruta
470;351;2024-02-19;868;Ray, Hall and Graves;2024-05-10;Enough;character;;;Mercado de Flores
91;937;2023-07-24;2258;Lee-Osborne;2023-03-17;Increase;piece;;;Mercado de Fruta
311;904;2022-12-27;2854;Johnson-Blankenship;2021-09-21;Evening;cell;46.0;far;Mercado de Fruta
44;141;2025-07-22;1109;Johnson, Hooper and Norton;2022-03-04;Doctor;year;;;Mercado de Flores
282;910;2020-03-29;3547;Wilson LLC;2025-01-17;Theory;election;130.0;billion;Mercado de Fruta
282;910;2020-03-29;3547;Wilson LLC;2025-01-17;Theory;election;167.0;wonder;Mercado de Fruta
253;162;2025-02-04;3608;Kelley Ltd;2023-12-20;Enjoy;per;;;Mercado de Flores
32;44;2020-07-02;3018;Arnold, Hernandez and Hines;2022-10-16;Ready;level;51.0;sense;Mercado de Legumes
312;216;2025-12-12;2454;Roberts, Sanchez and Cook;2021-10-18;Sure;well;;;Mercado de Flores
266;169;2023-12-25;1394;Carney-Gomez;2023-01-17;Light;scene;91.0;serious;Mercado de Fruta
232;312;2024-10-25;2899;Stephenson Group;2025-12-12;Major;according;;;Mercado de Flores
174;347;2020-09-04;990;Pope, Perez and Mcdonald;2024-06-19;Speak;far;;;Mercado de Legumes
143;301;2024-07-21;2738;Flores and Sons;2024-12-02;We;hit;;;Mercado de Fruta
376;606;2020-04-20;111;Miller-Fields;2024-08-18;More;society;;;Mercado de Flores
382;332;2025-04-14;3069;Buchanan-Marquez;2023-03-31;Show;wonder;;;Mercado de Legumes
321;531;2025-05-06;2433;Frost-Wolfe;2023-12-28;Clear;cost;;;Mercado de Flores
269;836;2024-11-26;1281;Garcia, Velasquez and James;2024-10-15;Writer;tell;;;Mercado de Legumes
140;465;2021-06-21;2023;Woodard PLC;2021-04-23;Perform;gun;;;Mercado de Flores
417;987;2021-12-02;3280;Wells Group;2026-01-14;Bit;success;;;Mercado de Flores
195;594;2024-01-19;2364;Ross-Davidson;2022-08-27;Sure;fight;;;Mercado de Flores
358;935;2021-11-13;4752;Mccormick and Sons;2023-11-06;Alone;science;24.0;during;Mercado de Legumes
358;935;2021-11-13;4752;Mccormick and Sons;2023-11-06;Alone;science;138.0;democratic;Mercado de Legumes
38;868;2023-04-19;3670;Moore LLC;2022-08-15;Sister;join;;;Mercado de Fruta
159;45;2025-11-16;2317;Johnson, Long and Benson;2022-06-05;Still;whose;;;Mercado de Flores
142;274;2020-08-13;1119;Guzman Inc;2024-04-08;Generation;officer;2.0;beyond;Mercado de Fruta
296;215;2023-01-29;4455;Coleman-Reyes;2025-07-26;Whom;wear;83.0;responsibility;Mercado de Legumes
296;215;2023-01-29;4455;Coleman-Reyes;2025-07-26;Whom;wear;145.0;somebody;Mercado de Legumes
179;49;2021-03-03;2764;Bowman, Boyer and Smith;2025-03-16;Season;dinner;;;Mercado de Fruta
433;645;2021-07-25;1441;Ballard-Orozco;2024-02-08;Turn;herself;136.0;of;Mercado de Flores
272;929;2023-12-01;916;Barrett PLC;2022-06-07;Mrs;avoid;;;Mercado de Legumes
3;445;2023-09-17;937;Cruz, Hurley and Graham;2024-07-17;Like;parent;;;Mercado de Fruta
496;776;2020-11-07;2197;Barrett, Patrick and Morton;2025-03-09;Long;yard;129.0;nor;Mercado de Legumes
400;485;2023-12-18;2159;Davis Group;2024-10-27;However;debate;13.0;coach;Mercado de Legumes
17;210;2020-05-02;2592;Roberts LLC;2023-12-21;Low;feel;185.0;truth;Mercado de Flores
310;642;2020-09-20;3253;Turner, Bowman and Williams;2021-08-06;Money;section;;;Mercado de Flores
337;655;2023-12-11;2038;Jackson Ltd;2022-01-03;Water;truth;14.0;fight;Mercado de Fruta
165;347;2020-08-12;2377;Williams, Griffith and Craig;2025-01-08;Speak;far;39.0;away;Mercado de Legumes
141;18;2022-02-06;1040;Gordon LLC;2022-04-11;Large;skill;;;Mercado de Flores
249;672;2022-07-21;1106;Dunlap, Cabrera and Thompson;2021-04-23;Total;hold;;;Mercado de Flores
393;905;2022-07-26;4234;Carson and Sons;2021-11-06;Economic;meet;;;Mercado de Legumes
250;430;2023-09-26;1862;Williams LLC;2024-05-24;Piece;our;;;Mercado de Fruta
62;894;2022-02-14;1372;Dean Group;2023-04-26;Camera;field;;;Mercado de Flores
242;312;2023-07-15;1974;Bishop, Acosta and Obrien;2022-08-25;Major;according;;;Mercado de Flores
349;530;2023-03-01;3874;Wise-Perry;2021-04-04;Film;physical;;;Mercado de Legumes
458;811;2021-04-29;2398;Long, Walker and Allison;2025-03-29;Nor;remember;;;Mercado de Fruta
379;181;2023-10-05;3970;Ross, Ray and Bean;2023-09-04;She;our;22.0;join;Mercado de Fruta
49;171;2024-03-07;3339;Black and Sons;2021-10-18;Style;bill;;;Mercado de Flores
412;219;2024-12-31;2121;Young Ltd;2021-10-29;Speak;some;;;Mercado de Flores
265;958;2024-02-25;1786;Baker-Wheeler;2021-11-02;Property;store;;;Mercado de Fruta
235;96;2023-06-20;4602;Walker-Garcia;2025-06-30;Speak;establish;166.0;suffer;Mercado de Flores
7;380;2020-09-15;4758;Davis, Armstrong and Brown;2023-02-05;Character;forward;;;Mercado de Legumes
325;650;2022-02-26;3778;Barrett Group;2022-12-07;Wait;single;;;Mercado de Legumes
139;509;2021-01-13;561;Ramirez, Powell and Chen;2025-10-04;Picture;finish;81.0;majority;Mercado de Legumes
158;857;2021-06-29;1364;Moon Group;2024-08-28;Painting;so;;;Mercado de Legumes
358;589;2025-10-03;2988;Mccormick and Sons;2023-11-06;Environmental;strategy;24.0;during;Mercado de Fruta
358;589;2025-10-03;2988;Mccormick and Sons;2023-11-06;Environmental;strategy;138.0;democratic;Mercado de Fruta
218;328;2020-08-12;2242;Olson Inc;2026-01-06;Yes;discover;;;Mercado de Fruta
351;701;2020-07-12;576;Curtis Inc;2024-10-01;Important;stock;101.0;both;Mercado de Legumes
210;41;2024-06-06;972;Clark Ltd;2024-07-20;Guy;require;19.0;perhaps;Mercado de Legumes
477;537;2025-08-28;2857;Jenkins-Butler;2023-02-09;Skin;you;;;Mercado de Flores
309;168;2021-06-12;3354;Maldonado-Macias;2021-03-27;Address;product;;;Mercado de Flores
59;532;2023-11-01;1350;Sullivan, Johnston and Rosales;2024-12-03;Million;fall;;;Mercado de Fruta
141;848;2024-04-23;798;Gordon LLC;2022-04-11;Focus;very;;;Mercado de Legumes
484;116;2022-11-09;3316;Greene Inc;2024-11-23;Heart;whose;124.0;follow;Mercado de Legumes
204;546;2024-03-02;1173;Flynn-Knight;2023-08-04;Cover;control;;;Mercado de Flores
113;556;2024-02-19;206;Beasley and Sons;2022-12-28;Look;some;;;Mercado de Fruta
376;441;2023-12-30;421;Miller-Fields;2024-08-18;Serious;above;;;Mercado de Flores
382;356;2020-07-20;923;Buchanan-Marquez;2023-03-31;Left;although;;;Mercado de Legumes
58;514;2025-10-18;3477;Campos, Manning and Johnson;2021-09-03;Head;wife;;;Mercado de Fruta
48;520;2023-07-20;1224;Munoz Ltd;2021-03-17;Science;poor;;;Mercado de Fruta
386;446;2022-10-11;814;Hayden-Ellis;2026-01-01;Painting;take;;;Mercado de Legumes
411;809;2024-10-02;2547;Howard-Gomez;2021-12-18;Maybe;thousand;62.0;care;Mercado de Legumes
134;300;2025-01-31;4305;Riddle-Jones;2023-07-15;Follow;not;;;Mercado de Flores
8;786;2025-11-27;3780;Garcia-Lawson;2024-11-18;Season;base;;;Mercado de Flores
482;628;2025-12-25;4005;Stout Inc;2023-05-30;More;not;;;Mercado de Fruta
283;282;2023-02-28;524;Nguyen-Patterson;2023-01-09;Notice;peace;;;Mercado de Flores
332;797;2020-12-12;4828;Dixon and Sons;2022-12-29;Another;live;;;Mercado de Legumes
232;13;2024-07-06;4549;Stephenson Group;2025-12-12;Tv;prove;;;Mercado de Fruta
7;491;2025-09-18;3610;Davis, Armstrong and Brown;2023-02-05;Point;place;;;Mercado de Legumes
345;94;2024-08-27;2883;Perez-Shannon;2023-09-04;Difficult;set;;;Mercado de Fruta
423;896;2021-07-03;1394;Goodman-Hayes;2024-12-18;Sister;economic;;;Mercado de Legumes
329;652;2020-02-15;259;Miller LLC;2023-07-20;Thought;provide;35.0;mean;Mercado de Fruta
455;640;2025-03-20;2132;Giles, Lewis and Sampson;2021-08-24;Nature;send;;;Mercado de Fruta
272;275;2022-07-12;3765;Barrett PLC;2022-06-07;Course;result;;;Mercado de Legumes
299;358;2024-05-09;382;Booker PLC;2025-08-17;Suggest;too;;;Mercado de Fruta
319;432;2021-07-11;4085;Lee-White;2022-01-14;Soldier;decade;;;Mercado de Flores
197;789;2021-02-01;774;Tate, Wilson and Wilson;2026-02-16;Her;fear;142.0;pattern;Mercado de Flores
35;118;2023-01-12;3702;Nolan, Jones and Gordon;2021-04-03;Determine;recognize;61.0;record;Mercado de Fruta
345;469;2020-05-01;2136;Perez-Shannon;2023-09-04;Throughout;north;;;Mercado de Fruta
13;224;2023-03-07;687;Conley, Snyder and Stone;2025-05-01;Rather;source;100.0;each;Mercado de Legumes
13;224;2023-03-07;687;Conley, Snyder and Stone;2025-05-01;Rather;source;198.0;themselves;Mercado de Legumes
167;325;2021-01-20;4829;Walker LLC;2023-07-29;Politics;simple;;;Mercado de Fruta
356;870;2024-11-01;1686;Cook, Boyer and Cox;2024-02-10;Open;perhaps;;;Mercado de Flores
410;157;2025-10-25;4681;Clark Ltd;2021-04-02;Site;next;;;Mercado de Fruta
293;482;2023-09-01;4225;Tyler LLC;2025-11-18;Manager;behavior;;;Mercado de Legumes
4;657;2024-09-04;2418;Compton, Gonzalez and Banks;2021-03-20;Area;reality;49.0;next;Mercado de Flores
169;328;2022-12-28;4763;Hall Inc;2025-03-03;Yes;discover;;;Mercado de Fruta
129;974;2023-05-28;4300;Gonzalez LLC;2025-09-05;Eight;group;30.0;difficult;Mercado de Legumes
129;974;2023-05-28;4300;Gonzalez LLC;2025-09-05;Eight;group;191.0;a;Mercado de Legumes
8;361;2023-09-10;160;Garcia-Lawson;2024-11-18;Growth;pull;;;Mercado de Fruta
97;622;2024-11-27;3847;Munoz-Lawson;2024-07-29;Reflect;position;20.0;stay;Mercado de Fruta
97;622;2024-11-27;3847;Munoz-Lawson;2024-07-29;Reflect;position;23.0;total;Mercado de Fruta
97;622;2024-11-27;3847;Munoz-Lawson;2024-07-29;Reflect;position;26.0;identify;Mercado de Fruta
97;622;2024-11-27;3847;Munoz-Lawson;2024-07-29;Reflect;position;150.0;join;Mercado de Fruta
97;622;2024-11-27;3847;Munoz-Lawson;2024-07-29;Reflect;position;181.0;grow;Mercado de Fruta
243;297;2022-02-01;3155;Jensen, Flores and Barnes;2021-07-05;Ball;senior;;;Mercado de Flores
363;863;2025-02-18;4911;Adams Group;2023-01-02;Any;bill;27.0;college;Mercado de Legumes
363;863;2025-02-18;4911;Adams Group;2023-01-02;Any;bill;170.0;clearly;Mercado de Legumes
1;183;2020-06-05;4321;Cooper and Sons;2022-04-26;Response;argue;;;Mercado de Flores
237;681;2020-08-10;581;Holland-Mckay;2025-02-19;Blue;window;128.0;so;Mercado de Flores
90;970;2023-12-08;3068;Mitchell-Fisher;2024-12-19;Use;lawyer;109.0;term;Mercado de Fruta
305;748;2024-12-06;1412;Johnson-Hunter;2023-04-03;But;until;;;Mercado de Fruta
217;682;2023-08-05;463;Moore, Guzman and Moore;2022-12-25;Wrong;organization;;;Mercado de Fruta
18;479;2024-12-05;2702;Ford-Garrett;2025-06-05;Floor;organization;;;Mercado de Legumes
74;700;2025-01-20;3059;Campbell Inc;2023-06-06;Great;against;;;Mercado de Fruta
60;901;2023-03-28;281;Brown, Ortega and Moran;2023-07-07;Important;actually;;;Mercado de Fruta
149;739;2022-01-09;189;Sawyer LLC;2026-01-27;Somebody;Mrs;;;Mercado de Fruta
9;206;2024-02-25;1367;Perez-Hurley;2022-02-11;Rule;former;;;Mercado de Legumes
382;355;2022-10-16;1220;Buchanan-Marquez;2023-03-31;Real;wife;;;Mercado de Fruta
35;204;2021-05-22;2683;Nolan, Jones and Gordon;2021-04-03;Father;lawyer;61.0;record;Mercado de Flores
403;499;2020-11-08;1946;Reynolds PLC;2023-07-11;Leader;spend;70.0;score;Mercado de Fruta
467;232;2023-11-26;2342;Wilson PLC;2021-12-24;Parent;cut;;;Mercado de Fruta
162;490;2021-05-24;4867;Jacobs-Watson;2025-05-15;Bar;former;;;Mercado de Fruta
124;913;2020-03-02;395;Baker Inc;2021-05-29;Bed;remember;72.0;language;Mercado de Fruta
429;878;2023-07-03;2871;Foster-Murphy;2023-08-16;Personal;could;;;Mercado de Legumes
214;557;2022-08-28;1495;Weaver LLC;2023-05-04;Heavy;order;;;Mercado de Legumes
208;626;2025-11-10;3233;Nunez-Lopez;2025-09-23;Energy;base;;;Mercado de Legumes
394;599;2024-12-15;559;Mcgee-Ramirez;2024-11-29;Friend;along;;;Mercado de Legumes
152;200;2022-08-11;4005;Schultz-Glass;2023-06-16;Image;those;118.0;western;Mercado de Legumes
322;21;2025-04-22;2932;Elliott Group;2024-07-27;Cultural;threat;;;Mercado de Flores
66;314;2022-05-16;2663;Lara, Baker and Young;2025-09-16;Laugh;daughter;182.0;current;Mercado de Legumes
452;181;2020-03-13;1152;Sims LLC;2025-12-16;She;our;;;Mercado de Fruta
247;333;2020-08-27;1335;Rivera Group;2021-12-30;To;watch;197.0;possible;Mercado de Flores
77;134;2023-05-10;564;Carter PLC;2024-11-13;Voice;try;;;Mercado de Legumes
27;389;2020-03-24;4815;Mosley-Kim;2023-04-06;Town;tend;;;Mercado de Legumes
287;895;2025-12-26;127;Bailey, Bush and Hernandez;2024-12-15;North;discussion;148.0;room;Mercado de Fruta
196;49;2021-03-12;2219;Robinson-Cowan;2025-03-23;Season;dinner;;;Mercado de Fruta
278;617;2021-06-09;2626;Morrow-Compton;2025-06-19;Ok;thought;90.0;star;Mercado de Legumes
401;280;2023-09-04;797;Bell, Nelson and Walker;2026-01-20;Stock;civil;;;Mercado de Fruta
200;966;2025-07-17;772;Hernandez, Rojas and Rodriguez;2024-02-06;Still;offer;;;Mercado de Flores
182;814;2025-11-12;2466;Moore, Rivera and Nguyen;2024-06-18;Natural;foot;;;Mercado de Fruta
55;636;2023-08-07;2063;Hill, Allen and Rodriguez;2022-07-31;Second;arrive;114.0;ability;Mercado de Flores
52;323;2025-09-11;4768;Hess PLC;2022-07-05;Area;record;112.0;that;Mercado de Legumes
246;468;2025-05-11;1514;Wood-Fisher;2025-06-13;Box;it;;;Mercado de Flores
165;458;2020-07-30;133;Williams, Griffith and Craig;2025-01-08;Eat;list;39.0;away;Mercado de Legumes
404;921;2020-09-18;2523;Jordan, Kim and Bowman;2024-02-28;Life;image;;;Mercado de Flores
363;727;2020-08-05;790;Adams Group;2023-01-02;Threat;soon;27.0;college;Mercado de Fruta
363;727;2020-08-05;790;Adams Group;2023-01-02;Threat;soon;170.0;clearly;Mercado de Fruta
360;542;2020-06-27;2575;Harris-Stephens;2024-08-29;School;itself;48.0;rate;Mercado de Legumes
397;224;2021-05-24;4208;Choi Ltd;2023-02-14;Rather;source;;;Mercado de Legumes
85;479;2023-07-23;1247;Keller, Dixon and Wilson;2025-04-06;Floor;organization;111.0;free;Mercado de Legumes
305;830;2023-07-10;3997;Johnson-Hunter;2023-04-03;Customer;cut;;;Mercado de Legumes
14;995;2025-01-22;3268;Harrison-Moore;2024-09-28;Skin;hundred;;;Mercado de Legumes
59;82;2024-12-22;2799;Sullivan, Johnston and Rosales;2024-12-03;Drive;military;;;Mercado de Fruta
408;693;2024-04-06;3795;Wright-Jones;2022-01-26;Entire;personal;;;Mercado de Flores
262;800;2021-11-21;4139;Williams and Sons;2023-12-20;Account;whom;;;Mercado de Legumes
227;153;2024-02-29;923;Mitchell, Hernandez and Smith;2023-04-11;Look;at;;;Mercado de Flores
121;751;2022-03-04;258;Ruiz, Miller and Giles;2023-10-05;If;identify;;;Mercado de Fruta
287;233;2025-09-20;2210;Bailey, Bush and Hernandez;2024-12-15;Evidence;four;148.0;room;Mercado de Legumes
249;385;2025-03-03;663;Dunlap, Cabrera and Thompson;2021-04-23;Position;turn;;;Mercado de Fruta
465;151;2023-06-15;3270;Smith-King;2025-09-06;Learn;body;;;Mercado de Fruta
279;820;2023-01-14;3491;Craig, Gordon and Chang;2021-06-08;Buy;focus;;;Mercado de Fruta
81;885;2023-09-12;3833;Norton, Mccoy and Torres;2021-07-03;Event;father;;;Mercado de Flores
148;403;2020-11-08;3407;Hicks, Smith and Watson;2026-01-22;Choose;beat;18.0;turn;Mercado de Fruta
452;896;2026-02-12;1085;Sims LLC;2025-12-16;Sister;economic;;;Mercado de Legumes
316;938;2025-09-14;3900;Rodriguez, Huff and Holland;2024-08-16;Within;a;;;Mercado de Legumes
409;718;2022-01-24;4012;Long Ltd;2024-03-21;Eight;gun;;;Mercado de Fruta
196;13;2025-04-20;211;Robinson-Cowan;2025-03-23;Tv;prove;;;Mercado de Fruta
233;406;2024-05-21;2393;Hernandez-Hart;2021-08-13;Go;ability;177.0;media;Mercado de Fruta
406;268;2021-08-17;215;Rodriguez-Spencer;2022-05-20;Them;often;;;Mercado de Fruta
39;485;2020-08-10;1055;Yu-Ramirez;2025-09-02;However;debate;21.0;party;Mercado de Legumes
274;303;2023-08-28;2899;Sosa Group;2026-01-19;Either;whom;;;Mercado de Flores
81;553;2023-04-01;2861;Norton, Mccoy and Torres;2021-07-03;Pick;member;;;Mercado de Fruta
208;388;2024-04-14;2937;Nunez-Lopez;2025-09-23;International;effect;;;Mercado de Fruta
253;758;2021-03-31;4028;Kelley Ltd;2023-12-20;Every;stock;;;Mercado de Legumes
58;488;2020-02-17;2988;Campos, Manning and Johnson;2021-09-03;Despite;exactly;;;Mercado de Legumes
73;966;2020-10-03;4110;Adams, Lamb and Ellis;2022-05-26;Still;offer;;;Mercado de Flores
123;32;2024-04-15;2088;Rivas LLC;2024-11-01;The;ball;54.0;million;Mercado de Legumes
123;32;2024-04-15;2088;Rivas LLC;2024-11-01;The;ball;108.0;office;Mercado de Legumes
414;710;2025-04-04;1741;Nguyen-Becker;2023-04-12;Name;ball;;;Mercado de Legumes
111;306;2021-11-25;2962;Huff-Garcia;2024-06-20;Control;run;;;Mercado de Flores
185;295;2025-05-24;393;Jennings PLC;2024-02-10;Subject;order;;;Mercado de Fruta
459;772;2023-12-08;1330;Holland, Evans and Myers;2023-04-18;Technology;dinner;25.0;large;Mercado de Fruta
244;546;2020-05-01;4457;Perez Ltd;2024-11-05;Cover;control;;;Mercado de Flores
396;421;2022-04-04;4846;Mclaughlin Inc;2023-12-02;Director;fine;;;Mercado de Fruta
356;90;2026-01-11;2122;Cook, Boyer and Cox;2024-02-10;Possible;sit;;;Mercado de Flores
236;143;2022-07-15;3986;Butler, Williams and Hoffman;2023-04-13;Film;could;;;Mercado de Legumes
339;472;2022-11-28;4882;Hill, Dalton and Bolton;2021-10-09;Different;deep;77.0;property;Mercado de Fruta
245;435;2024-05-16;706;Guzman-Cole;2024-11-20;Already;run;56.0;design;Mercado de Flores
163;770;2025-02-09;211;Rogers and Sons;2024-04-13;Quite;end;;;Mercado de Legumes
53;582;2024-01-28;2454;West-Brewer;2021-11-26;Better;no;188.0;both;Mercado de Flores
372;248;2021-03-05;1326;Nichols, Moore and Meadows;2024-11-05;Report;many;;;Mercado de Legumes
346;25;2020-01-07;4441;Paul, Stewart and Pierce;2024-08-13;The;magazine;44.0;house;Mercado de Fruta
19;275;2021-01-05;2019;Taylor Group;2023-12-11;Course;result;;;Mercado de Legumes
314;578;2021-12-18;353;Moody LLC;2024-10-26;Sister;party;;;Mercado de Legumes
445;208;2020-10-07;2621;Rodriguez LLC;2023-11-14;National;people;;;Mercado de Fruta
273;68;2023-08-15;1722;Deleon, Conway and Sanchez;2024-12-11;Article;they;134.0;leg;Mercado de Legumes
374;437;2024-12-24;762;Park-Curry;2021-09-16;Care;score;;;Mercado de Legumes
92;176;2024-07-05;2364;Perez-Robinson;2024-12-31;Believe;for;;;Mercado de Legumes
109;308;2025-02-04;2217;Sanchez-Atkinson;2024-07-27;May;rock;;;Mercado de Legumes
312;282;2023-12-03;3387;Roberts, Sanchez and Cook;2021-10-18;Notice;peace;;;Mercado de Flores
79;293;2022-02-06;2869;Lopez, Newton and Rivera;2021-03-22;Seek;reach;;;Mercado de Legumes
22;760;2023-10-18;924;Hernandez, Cain and Dalton;2021-04-23;Budget;protect;158.0;outside;Mercado de Fruta
459;539;2022-11-30;4196;Holland, Evans and Myers;2023-04-18;Whom;what;25.0;large;Mercado de Legumes
56;653;2021-10-04;3125;Wheeler-Blackburn;2025-06-13;Loss;east;1.0;move;Mercado de Legumes
56;653;2021-10-04;3125;Wheeler-Blackburn;2025-06-13;Loss;east;132.0;sort;Mercado de Legumes
13;681;2023-03-25;4863;Conley, Snyder and Stone;2025-05-01;Blue;window;100.0;each;Mercado de Flores
13;681;2023-03-25;4863;Conley, Snyder and Stone;2025-05-01;Blue;window;198.0;themselves;Mercado de Flores
429;489;2022-04-18;4137;Foster-Murphy;2023-08-16;Culture;artist;;;Mercado de Flores
377;101;2025-02-10;2932;Humphrey-Hancock;2023-12-16;Include;happen;;;Mercado de Legumes
208;68;2020-02-19;198;Nunez-Lopez;2025-09-23;Article;they;;;Mercado de Legumes
206;616;2025-04-14;4156;Glass, Berry and Williams;2024-08-17;Side;drive;;;Mercado de Fruta
20;947;2022-09-24;968;Wilkerson PLC;2021-05-09;Unit;soon;116.0;explain;Mercado de Legumes
188;381;2024-11-21;1451;Davis, Cortez and Young;2022-03-06;Wife;data;133.0;assume;Mercado de Flores
188;381;2024-11-21;1451;Davis, Cortez and Young;2022-03-06;Wife;data;135.0;support;Mercado de Flores
388;751;2020-11-24;1932;Gutierrez-Wright;2025-12-14;If;identify;;;Mercado de Fruta
41;688;2021-06-22;2936;Stephenson-Lee;2025-10-15;Special;where;;;Mercado de Fruta
240;752;2023-09-20;2085;Cannon-Newman;2024-02-03;Job;strong;31.0;coach;Mercado de Legumes
191;468;2023-04-29;3401;Cross, Skinner and Hart;2022-12-01;Box;it;;;Mercado de Flores
335;771;2020-03-05;269;Webb Inc;2023-03-12;Stuff;mother;;;Mercado de Flores
89;304;2020-01-26;1205;Johns, Wolf and Osborne;2023-07-02;Charge;this;;;Mercado de Fruta
129;688;2024-12-23;873;Gonzalez LLC;2025-09-05;Special;where;30.0;difficult;Mercado de Fruta
129;688;2024-12-23;873;Gonzalez LLC;2025-09-05;Special;where;191.0;a;Mercado de Fruta
417;83;2024-07-08;2626;Wells Group;2026-01-14;Husband;sit;;;Mercado de Legumes
63;707;2021-04-29;1726;Castro, Sherman and Flores;2025-12-01;House;red;;;Mercado de Legumes
179;308;2021-01-21;3317;Bowman, Boyer and Smith;2025-03-16;May;rock;;;Mercado de Legumes
294;724;2022-04-01;267;Jones, Leon and Edwards;2024-02-02;Western;have;98.0;human;Mercado de Fruta
170;588;2026-01-01;365;Collins-Campos;2025-06-15;Wear;region;;;Mercado de Flores
85;900;2024-10-05;432;Keller, Dixon and Wilson;2025-04-06;Something;message;111.0;free;Mercado de Flores
91;159;2021-04-11;651;Lee-Osborne;2023-03-17;Newspaper;herself;;;Mercado de Flores
154;565;2022-04-17;1764;Coffey, Hodges and Tanner;2024-09-16;Interview;election;179.0;democratic;Mercado de Fruta
154;565;2022-04-17;1764;Coffey, Hodges and Tanner;2024-09-16;Interview;election;189.0;kind;Mercado de Fruta
287;766;2024-01-23;1362;Bailey, Bush and Hernandez;2024-12-15;Him;baby;148.0;room;Mercado de Fruta
200;714;2020-07-04;3726;Hernandez, Rojas and Rodriguez;2024-02-06;Range;late;;;Mercado de Flores
458;240;2021-07-02;961;Long, Walker and Allison;2025-03-29;Describe;attorney;;;Mercado de Flores
300;357;2022-10-11;4832;Saunders-Marshall;2022-10-25;One;his;;;Mercado de Flores
172;56;2021-08-01;3176;Grant-Jordan;2024-08-24;Forward;note;;;Mercado de Legumes
217;110;2024-12-14;2237;Moore, Guzman and Moore;2022-12-25;Our;manage;;;Mercado de Legumes
259;339;2020-02-01;4398;Pham, Farmer and Marsh;2021-04-12;Agreement;firm;50.0;have;Mercado de Flores
145;393;2025-01-16;3513;Weaver Ltd;2021-10-16;Tell;eat;;;Mercado de Flores
88;923;2022-05-19;4016;Brewer Ltd;2023-01-19;Paper;military;;;Mercado de Legumes
37;548;2021-02-14;1087;Meyer-Kim;2022-04-17;Drug;last;40.0;do;Mercado de Legumes
238;839;2022-07-07;2940;Whitney, Kim and Moore;2025-02-23;Security;moment;;;Mercado de Legumes
263;800;2021-11-05;821;Hicks, Peterson and Ayala;2022-05-20;Account;whom;45.0;total;Mercado de Legumes
263;800;2021-11-05;821;Hicks, Peterson and Ayala;2022-05-20;Account;whom;53.0;ago;Mercado de Legumes
425;250;2021-02-26;1510;Sims PLC;2023-09-28;Memory;Democrat;58.0;different;Mercado de Fruta
425;250;2021-02-26;1510;Sims PLC;2023-09-28;Memory;Democrat;193.0;exactly;Mercado de Fruta
425;250;2021-02-26;1510;Sims PLC;2023-09-28;Memory;Democrat;196.0;personal;Mercado de Fruta
429;425;2022-01-06;155;Foster-Murphy;2023-08-16;Party;yes;;;Mercado de Legumes
220;383;2025-04-20;3252;Sharp-Williams;2024-08-10;Yeah;determine;;;Mercado de Legumes
115;230;2020-01-24;3057;Johnson, Brennan and Wright;2025-01-01;Theory;study;183.0;feeling;Mercado de Legumes
89;616;2023-07-21;1499;Johns, Wolf and Osborne;2023-07-02;Side;drive;;;Mercado de Fruta
376;820;2022-04-01;1215;Miller-Fields;2024-08-18;Buy;focus;;;Mercado de Fruta
41;554;2026-01-03;3327;Stephenson-Lee;2025-10-15;Certainly;feel;;;Mercado de Legumes
431;902;2021-07-28;4891;Taylor Inc;2024-08-22;All;way;104.0;account;Mercado de Legumes
380;357;2021-04-21;2198;Hill, Brown and Clark;2023-05-13;One;his;;;Mercado de Flores
307;34;2023-03-19;1842;Cooper-Gates;2022-08-19;Party;speak;;;Mercado de Fruta
40;578;2025-02-02;156;Andrade, Mcclure and Alvarez;2025-08-03;Sister;party;95.0;executive;Mercado de Legumes
239;248;2022-10-05;460;Garcia LLC;2025-07-11;Report;many;;;Mercado de Legumes
250;443;2021-07-18;2418;Williams LLC;2024-05-24;Several;hand;;;Mercado de Legumes
416;642;2020-09-18;4687;Richardson LLC;2022-12-31;Money;section;;;Mercado de Flores
326;27;2022-05-17;3319;Jackson Group;2024-02-03;Republican;trouble;;;Mercado de Flores
178;52;2022-12-29;1267;Hernandez, Lewis and Shields;2025-07-25;Ask;four;97.0;pay;Mercado de Fruta
399;843;2021-10-26;1200;Scott Group;2021-11-11;Woman;century;84.0;page;Mercado de Flores
156;733;2022-08-31;4711;Wilkinson, George and Turner;2024-05-22;Think;success;;;Mercado de Fruta
131;119;2020-05-30;3025;Schroeder, Moss and Rivas;2021-05-15;Theory;account;;;Mercado de Legumes
226;58;2024-09-16;3107;Diaz, Hunt and Jackson;2022-02-06;Animal;occur;29.0;ever;Mercado de Fruta
226;58;2024-09-16;3107;Diaz, Hunt and Jackson;2022-02-06;Animal;occur;78.0;sit;Mercado de Fruta
226;58;2024-09-16;3107;Diaz, Hunt and Jackson;2022-02-06;Animal;occur;89.0;member;Mercado de Fruta
140;471;2021-10-31;3668;Woodard PLC;2021-04-23;Effect;force;;;Mercado de Flores
54;475;2020-10-12;2429;Schroeder, Hahn and Miller;2021-03-11;Reality;else;;;Mercado de Fruta
294;388;2021-12-24;3964;Jones, Leon and Edwards;2024-02-02;International;effect;98.0;human;Mercado de Fruta
351;298;2022-06-25;2120;Curtis Inc;2024-10-01;Still;simple;101.0;both;Mercado de Fruta
499;21;2025-01-12;2941;Jacobs, Johnson and Clark;2022-01-05;Cultural;threat;9.0;piece;Mercado de Flores
499;21;2025-01-12;2941;Jacobs, Johnson and Clark;2022-01-05;Cultural;threat;43.0;here;Mercado de Flores
457;608;2020-02-28;699;Olsen LLC;2024-01-29;Answer;size;;;Mercado de Legumes
332;28;2021-08-18;3739;Dixon and Sons;2022-12-29;Last;seek;;;Mercado de Fruta
107;349;2022-11-19;1581;Jones, Keith and Wiggins;2021-05-06;Hour;think;;;Mercado de Fruta
447;260;2022-12-31;4771;Palmer, Hall and Mcintosh;2023-12-21;Military;chance;;;Mercado de Legumes
428;310;2020-01-12;3817;Baldwin-Chandler;2022-06-04;Wind;situation;141.0;think;Mercado de Fruta
432;955;2020-07-25;494;Wright Group;2021-03-18;True;house;;;Mercado de Fruta
411;856;2023-06-19;3809;Howard-Gomez;2021-12-18;Something;summer;62.0;care;Mercado de Fruta
455;328;2024-03-30;807;Giles, Lewis and Sampson;2021-08-24;Yes;discover;;;Mercado de Fruta
62;205;2020-07-22;2657;Dean Group;2023-04-26;Need;from;;;Mercado de Fruta
220;351;2021-05-08;3794;Sharp-Williams;2024-08-10;Enough;character;;;Mercado de Flores
479;941;2023-02-15;606;Reynolds, Christian and Lopez;2021-07-19;Picture;lay;;;Mercado de Legumes
336;593;2024-11-07;4312;Michael and Sons;2022-10-12;Throw;picture;;;Mercado de Legumes
178;78;2020-10-06;4559;Hernandez, Lewis and Shields;2025-07-25;Generation;there;97.0;pay;Mercado de Flores
335;894;2025-11-23;4780;Webb Inc;2023-03-12;Camera;field;;;Mercado de Flores
49;529;2023-12-18;3097;Black and Sons;2021-10-18;Car;season;;;Mercado de Fruta
122;355;2024-07-22;3402;Scott-Bowers;2024-12-19;Real;wife;;;Mercado de Fruta
2;672;2021-04-04;310;Rogers, Fernandez and Perez;2023-11-29;Total;hold;176.0;price;Mercado de Flores
2;672;2021-04-04;310;Rogers, Fernandez and Perez;2023-11-29;Total;hold;199.0;lot;Mercado de Flores
39;146;2022-12-07;3178;Yu-Ramirez;2025-09-02;Direction;skin;21.0;party;Mercado de Legumes
337;565;2021-04-10;191;Jackson Ltd;2022-01-03;Interview;election;14.0;fight;Mercado de Fruta
152;737;2024-09-26;1852;Schultz-Glass;2023-06-16;Cell;may;118.0;western;Mercado de Legumes
440;250;2025-03-13;2622;Johnson, Smith and Reed;2024-11-14;Memory;Democrat;159.0;talk;Mercado de Fruta
79;154;2024-01-26;714;Lopez, Newton and Rivera;2021-03-22;Data;marriage;;;Mercado de Fruta
88;812;2020-12-18;2204;Brewer Ltd;2023-01-19;Debate;let;;;Mercado de Legumes
134;709;2023-01-12;1337;Riddle-Jones;2023-07-15;Account;moment;;;Mercado de Fruta
276;131;2021-02-14;3308;Spencer PLC;2025-06-17;Generation;work;;;Mercado de Legumes
77;791;2021-11-04;4022;Carter PLC;2024-11-13;Project;become;;;Mercado de Legumes
160;610;2021-01-06;2746;Marshall and Sons;2024-12-11;To;bad;63.0;sit;Mercado de Fruta
24;199;2023-06-29;2190;Yates Ltd;2021-10-02;Before;around;64.0;away;Mercado de Fruta
174;231;2021-11-07;2636;Pope, Perez and Mcdonald;2024-06-19;Memory;wide;;;Mercado de Flores
312;813;2022-02-27;2655;Roberts, Sanchez and Cook;2021-10-18;Floor;national;;;Mercado de Flores
392;332;2022-11-23;3190;Nelson-Donaldson;2024-05-14;Show;wonder;107.0;sense;Mercado de Legumes
9;495;2025-09-29;4880;Perez-Hurley;2022-02-11;Medical;interesting;;;Mercado de Flores
208;224;2024-04-23;1151;Nunez-Lopez;2025-09-23;Rather;source;;;Mercado de Legumes
144;690;2023-03-04;4593;Mercado-Thomas;2024-04-11;Modern;strategy;103.0;need;Mercado de Flores
122;461;2020-03-08;887;Scott-Bowers;2024-12-19;Director;war;;;Mercado de Legumes
432;542;2025-04-20;1973;Wright Group;2021-03-18;School;itself;;;Mercado de Legumes
36;266;2022-06-21;3771;Williams Inc;2025-02-07;Speak;fill;152.0;increase;Mercado de Legumes
110;686;2024-07-27;666;Price Inc;2025-10-27;Difference;black;121.0;what;Mercado de Legumes
259;589;2023-05-22;3122;Pham, Farmer and Marsh;2021-04-12;Environmental;strategy;50.0;have;Mercado de Fruta
293;319;2023-11-18;3968;Tyler LLC;2025-11-18;Green;almost;;;Mercado de Fruta
277;957;2022-06-10;1504;Bennett Group;2021-03-31;Glass;especially;;;Mercado de Flores
206;401;2021-03-08;4238;Glass, Berry and Williams;2024-08-17;Admit;politics;;;Mercado de Legumes
251;874;2020-03-15;2734;Fernandez Inc;2021-07-16;Win;enjoy;59.0;western;Mercado de Fruta
22;878;2022-04-20;3429;Hernandez, Cain and Dalton;2021-04-23;Personal;could;158.0;outside;Mercado de Legumes
271;539;2024-12-14;4027;Lucero-Dawson;2021-03-15;Whom;what;;;Mercado de Legumes
410;159;2021-04-08;4852;Clark Ltd;2021-04-02;Newspaper;herself;;;Mercado de Flores
91;722;2025-03-07;4778;Lee-Osborne;2023-03-17;Executive;training;;;Mercado de Legumes
441;476;2024-01-28;2678;Mclaughlin, Hernandez and Fitzpatrick;2025-05-27;Money;project;;;Mercado de Legumes
377;699;2021-12-27;1225;Humphrey-Hancock;2023-12-16;Yes;explain;;;Mercado de Flores
75;196;2025-07-31;3417;Conley LLC;2025-11-10;Soldier;whatever;;;Mercado de Fruta
173;535;2021-04-10;2531;Roberts, Nichols and Simon;2023-07-04;Recognize;name;;;Mercado de Fruta
52;773;2020-06-03;3655;Hess PLC;2022-07-05;Personal;sea;112.0;that;Mercado de Legumes
70;21;2024-07-23;1548;Brown Inc;2024-12-20;Cultural;threat;139.0;mission;Mercado de Flores
70;21;2024-07-23;1548;Brown Inc;2024-12-20;Cultural;threat;143.0;prevent;Mercado de Flores
74;553;2020-01-07;2261;Campbell Inc;2023-06-06;Pick;member;;;Mercado de Fruta
305;818;2025-09-15;1728;Johnson-Hunter;2023-04-03;Now;he;;;Mercado de Legumes
480;934;2021-12-03;2946;Jones-Chavez;2022-10-24;Toward;act;99.0;then;Mercado de Fruta
480;934;2021-12-03;2946;Jones-Chavez;2022-10-24;Toward;act;131.0;religious;Mercado de Fruta
161;249;2020-04-15;426;Mays-Harmon;2022-10-23;Kind;organization;;;Mercado de Flores
259;242;2025-06-13;460;Pham, Farmer and Marsh;2021-04-12;Again;eight;50.0;have;Mercado de Legumes
417;996;2022-09-12;2912;Wells Group;2026-01-14;List;education;;;Mercado de Flores
392;828;2025-06-10;3980;Nelson-Donaldson;2024-05-14;Training;finish;107.0;sense;Mercado de Flores
418;437;2020-04-19;3041;Shelton Ltd;2022-01-04;Care;score;;;Mercado de Legumes
294;618;2025-08-02;2563;Jones, Leon and Edwards;2024-02-02;West;manage;98.0;human;Mercado de Flores
157;690;2025-01-27;1574;West Group;2021-06-12;Modern;strategy;;;Mercado de Flores
276;785;2024-12-08;194;Spencer PLC;2025-06-17;Four;his;;;Mercado de Legumes
489;692;2025-02-05;2472;Lee, Guerrero and Alexander;2026-01-14;Fact;finally;;;Mercado de Legumes
10;36;2021-07-07;4378;Woods, Taylor and Harrison;2024-07-08;Identify;movie;;;Mercado de Flores
459;453;2021-12-16;4690;Holland, Evans and Myers;2023-04-18;Require;situation;25.0;large;Mercado de Flores
442;617;2021-02-08;4573;Savage Ltd;2025-04-01;Ok;thought;;;Mercado de Legumes
408;257;2024-04-28;1639;Wright-Jones;2022-01-26;If;participant;;;Mercado de Legumes
27;55;2021-04-08;2844;Mosley-Kim;2023-04-06;Themselves;believe;;;Mercado de Fruta
409;999;2024-03-28;3207;Long Ltd;2024-03-21;Indeed;bed;;;Mercado de Flores
410;542;2021-04-19;1846;Clark Ltd;2021-04-02;School;itself;;;Mercado de Legumes
336;491;2026-02-01;2275;Michael and Sons;2022-10-12;Point;place;;;Mercado de Legumes
431;945;2022-02-14;4758;Taylor Inc;2024-08-22;Peace;student;104.0;account;Mercado de Flores
289;331;2024-05-02;3722;Spencer-Carter;2026-01-20;Any;respond;;;Mercado de Fruta
18;282;2026-02-04;1065;Ford-Garrett;2025-06-05;Notice;peace;;;Mercado de Flores
496;912;2021-11-24;4424;Barrett, Patrick and Morton;2025-03-09;Together;participant;129.0;nor;Mercado de Flores
471;354;2024-12-22;1884;Mason-Rogers;2025-10-13;Another;collection;;;Mercado de Flores
4;84;2024-12-13;3191;Compton, Gonzalez and Banks;2021-03-20;Decade;compare;49.0;next;Mercado de Flores
82;545;2024-07-12;2673;Perez PLC;2022-08-24;Provide;tree;;;Mercado de Legumes
147;76;2024-05-09;3268;Hess-Dickson;2022-09-18;Black;across;119.0;force;Mercado de Fruta
190;539;2025-02-22;2908;Lyons-Cook;2023-06-02;Whom;what;;;Mercado de Legumes
346;339;2025-01-07;2878;Paul, Stewart and Pierce;2024-08-13;Agreement;firm;44.0;house;Mercado de Flores
457;394;2020-02-14;1799;Olsen LLC;2024-01-29;Information;analysis;;;Mercado de Fruta
187;47;2020-12-16;1788;Hanson, White and Jackson;2024-06-25;It;form;;;Mercado de Legumes
426;191;2024-12-08;3787;Johnson-Williams;2021-10-18;Before;middle;82.0;marriage;Mercado de Legumes
403;170;2025-09-12;4032;Reynolds PLC;2023-07-11;Argue;reality;70.0;score;Mercado de Legumes
93;192;2022-01-06;1369;Russell Ltd;2025-01-13;Line;police;194.0;quickly;Mercado de Flores
438;340;2026-02-11;3073;Reed, Vega and Ho;2022-04-05;During;national;42.0;seem;Mercado de Fruta
170;909;2024-04-08;4553;Collins-Campos;2025-06-15;Establish;almost;;;Mercado de Flores
433;978;2020-08-31;4610;Ballard-Orozco;2024-02-08;Western;artist;136.0;of;Mercado de Flores
100;521;2020-05-27;1610;Brown PLC;2025-07-17;Carry;several;;;Mercado de Legumes
478;311;2022-05-14;1914;Vaughan, Tucker and Jackson;2023-05-14;Today;organization;;;Mercado de Legumes
275;114;2024-03-08;2326;Cox, Wright and Price;2023-10-30;Plant;much;;;Mercado de Flores
41;546;2023-10-18;4093;Stephenson-Lee;2025-10-15;Cover;control;;;Mercado de Flores
252;590;2021-03-11;2869;Mitchell, Phillips and Marshall;2024-10-27;Team;day;105.0;partner;Mercado de Legumes
34;332;2023-11-16;1027;Martinez, Beck and Moyer;2022-10-22;Show;wonder;47.0;too;Mercado de Legumes
246;752;2021-10-22;3559;Wood-Fisher;2025-06-13;Job;strong;;;Mercado de Legumes
305;271;2021-03-29;4111;Johnson-Hunter;2023-04-03;Chair;near;;;Mercado de Fruta
123;237;2025-09-20;4829;Rivas LLC;2024-11-01;Street;check;54.0;million;Mercado de Flores
123;237;2025-09-20;4829;Rivas LLC;2024-11-01;Street;check;108.0;office;Mercado de Flores
117;648;2020-02-21;3052;Avila, Duke and Medina;2024-04-05;Book;score;184.0;specific;Mercado de Flores
159;260;2023-03-26;3035;Johnson, Long and Benson;2022-06-05;Military;chance;;;Mercado de Legumes
162;789;2022-07-20;4441;Jacobs-Watson;2025-05-15;Her;fear;;;Mercado de Flores
456;716;2022-04-27;3972;Price, Franklin and Duarte;2025-01-08;Gas;enough;;;Mercado de Legumes
170;518;2024-07-26;2393;Collins-Campos;2025-06-15;True;effort;;;Mercado de Legumes
239;745;2020-03-01;2259;Garcia LLC;2025-07-11;Large;nature;;;Mercado de Fruta
100;220;2022-07-28;1992;Brown PLC;2025-07-17;Plan;case;;;Mercado de Fruta
283;194;2026-01-25;2375;Nguyen-Patterson;2023-01-09;Student;each;;;Mercado de Legumes
51;122;2023-04-20;125;Mueller-Herrera;2022-08-02;North;eight;;;Mercado de Legumes
466;845;2022-06-25;3092;Hernandez-Lynch;2022-02-27;Challenge;performance;;;Mercado de Legumes
351;894;2023-06-14;3829;Curtis Inc;2024-10-01;Camera;field;101.0;both;Mercado de Flores
123;419;2025-03-26;143;Rivas LLC;2024-11-01;Available;citizen;54.0;million;Mercado de Legumes
123;419;2025-03-26;143;Rivas LLC;2024-11-01;Available;citizen;108.0;office;Mercado de Legumes
50;814;2022-12-31;3610;Maldonado and Sons;2021-06-01;Natural;foot;;;Mercado de Fruta
311;627;2025-06-29;4139;Johnson-Blankenship;2021-09-21;Effort;effect;46.0;far;Mercado de Flores
478;203;2022-02-15;554;Vaughan, Tucker and Jackson;2023-05-14;Wind;stock;;;Mercado de Legumes
299;930;2022-05-28;1482;Booker PLC;2025-08-17;Government;old;;;Mercado de Flores
462;797;2023-05-06;1970;Hansen-Lewis;2024-07-07;Another;live;;;Mercado de Legumes
243;758;2024-11-28;2646;Jensen, Flores and Barnes;2021-07-05;Every;stock;;;Mercado de Legumes
189;333;2022-01-21;4034;Clark LLC;2025-06-23;To;watch;;;Mercado de Flores
128;258;2021-01-12;1743;Butler-Washington;2021-05-01;Amount;lawyer;;;Mercado de Flores
293;180;2020-01-07;2278;Tyler LLC;2025-11-18;Entire;choose;;;Mercado de Flores
209;994;2021-09-08;4959;Savage, Tran and Atkins;2021-10-19;Claim;product;;;Mercado de Fruta
304;186;2021-02-27;2084;Welch Ltd;2022-10-24;Personal;within;190.0;give;Mercado de Flores
95;567;2022-11-09;3350;Woods and Sons;2022-04-09;Must;friend;32.0;follow;Mercado de Flores
75;199;2023-12-22;2243;Conley LLC;2025-11-10;Before;around;;;Mercado de Fruta
148;31;2022-08-01;603;Hicks, Smith and Watson;2026-01-22;Security;marriage;18.0;turn;Mercado de Fruta
156;907;2022-03-15;1219;Wilkinson, George and Turner;2024-05-22;Too;school;;;Mercado de Fruta
167;651;2023-09-15;4575;Walker LLC;2023-07-29;Street;recently;;;Mercado de Flores
151;551;2023-06-01;3883;Duncan PLC;2023-08-10;Now;help;;;Mercado de Legumes
411;573;2023-03-03;2469;Howard-Gomez;2021-12-18;Speech;whether;62.0;care;Mercado de Flores
358;598;2024-06-04;1330;Mccormick and Sons;2023-11-06;Oil;speech;24.0;during;Mercado de Fruta
358;598;2024-06-04;1330;Mccormick and Sons;2023-11-06;Oil;speech;138.0;democratic;Mercado de Fruta
232;798;2024-08-18;3354;Stephenson Group;2025-12-12;Young;pay;;;Mercado de Flores
268;251;2025-12-29;988;Taylor Inc;2022-03-26;Create;media;;;Mercado de Legumes
413;702;2026-02-04;167;Shelton Inc;2024-03-19;Cell;first;;;Mercado de Flores
422;867;2022-10-17;3360;Wright, Dickerson and Mcdonald;2023-02-13;Culture;turn;162.0;management;Mercado de Flores
223;747;2021-08-06;4565;Wilcox, Johnson and Dunlap;2025-04-12;Respond;night;17.0;character;Mercado de Flores
350;874;2020-08-08;679;Medina-Johnson;2023-03-01;Win;enjoy;;;Mercado de Fruta
334;490;2026-01-29;1907;Hernandez-Mason;2024-04-05;Bar;former;140.0;ok;Mercado de Fruta
79;359;2024-07-13;3812;Lopez, Newton and Rivera;2021-03-22;Market;sister;;;Mercado de Legumes
44;367;2020-04-08;3538;Johnson, Hooper and Norton;2022-03-04;Street;outside;;;Mercado de Fruta
244;117;2025-12-31;1245;Perez Ltd;2024-11-05;It;senior;;;Mercado de Flores
117;408;2023-08-22;1953;Avila, Duke and Medina;2024-04-05;Agree;represent;184.0;specific;Mercado de Flores
407;234;2020-01-01;1385;Ford, Spencer and Copeland;2021-10-25;Edge;woman;;;Mercado de Flores
116;194;2021-03-06;4415;Williams, Anderson and Lopez;2025-02-13;Student;each;28.0;difference;Mercado de Legumes
20;302;2023-02-05;1885;Wilkerson PLC;2021-05-09;Poor;responsibility;116.0;explain;Mercado de Legumes
127;866;2023-09-10;677;Hill PLC;2025-05-30;Base;compare;73.0;Congress;Mercado de Legumes
154;385;2021-03-13;4391;Coffey, Hodges and Tanner;2024-09-16;Position;turn;179.0;democratic;Mercado de Fruta
154;385;2021-03-13;4391;Coffey, Hodges and Tanner;2024-09-16;Position;turn;189.0;kind;Mercado de Fruta
442;76;2025-03-07;1180;Savage Ltd;2025-04-01;Black;across;;;Mercado de Fruta
104;888;2021-01-14;4038;Mosley, Petty and Davis;2026-01-02;Notice;here;;;Mercado de Flores
241;930;2020-12-22;1120;Bates-Rivera;2022-09-06;Government;old;;;Mercado de Flores
129;10;2026-01-12;3248;Gonzalez LLC;2025-09-05;News;treat;30.0;difficult;Mercado de Fruta
129;10;2026-01-12;3248;Gonzalez LLC;2025-09-05;News;treat;191.0;a;Mercado de Fruta
262;498;2021-01-01;1147;Williams and Sons;2023-12-20;Boy;though;;;Mercado de Flores
428;905;2021-12-05;606;Baldwin-Chandler;2022-06-04;Economic;meet;141.0;think;Mercado de Legumes
187;299;2022-09-10;649;Hanson, White and Jackson;2024-06-25;General;parent;;;Mercado de Legumes
357;645;2022-12-10;516;Curry, Luna and White;2023-03-17;Turn;herself;;;Mercado de Flores
494;434;2021-03-09;864;Rasmussen Group;2023-04-05;Energy;marriage;;;Mercado de Legumes
96;634;2023-03-13;739;Sosa, Newton and Anderson;2022-05-18;Feeling;near;;;Mercado de Fruta
231;282;2025-07-05;2736;Griffin PLC;2021-03-20;Notice;peace;;;Mercado de Flores
239;343;2020-01-12;3024;Garcia LLC;2025-07-11;Camera;theory;;;Mercado de Fruta
11;290;2021-09-17;1517;Serrano, Young and Nichols;2024-10-20;Education;share;;;Mercado de Legumes
149;382;2020-05-12;4308;Sawyer LLC;2026-01-27;Political;Democrat;;;Mercado de Fruta
145;565;2020-04-25;2607;Weaver Ltd;2021-10-16;Interview;election;;;Mercado de Fruta
38;861;2023-02-04;4766;Moore LLC;2022-08-15;House;third;;;Mercado de Flores
163;423;2021-09-01;415;Rogers and Sons;2024-04-13;Politics;teacher;;;Mercado de Flores
334;771;2023-06-01;1356;Hernandez-Mason;2024-04-05;Stuff;mother;140.0;ok;Mercado de Flores
451;65;2024-02-24;4478;Clay, Rivera and Taylor;2025-12-13;Unit;day;;;Mercado de Legumes
421;166;2024-03-12;4921;Martin LLC;2023-10-20;Give;certainly;;;Mercado de Fruta
305;5;2025-03-05;2424;Johnson-Hunter;2023-04-03;They;describe;;;Mercado de Legumes
11;406;2023-11-07;1827;Serrano, Young and Nichols;2024-10-20;Go;ability;;;Mercado de Fruta
324;838;2024-05-24;4130;Pearson-Dean;2022-05-18;Phone;interview;;;Mercado de Fruta
319;455;2022-11-18;520;Lee-White;2022-01-14;Read;measure;;;Mercado de Legumes
190;421;2025-02-26;1227;Lyons-Cook;2023-06-02;Director;fine;;;Mercado de Fruta
97;240;2025-09-03;818;Munoz-Lawson;2024-07-29;Describe;attorney;20.0;stay;Mercado de Flores
97;240;2025-09-03;818;Munoz-Lawson;2024-07-29;Describe;attorney;23.0;total;Mercado de Flores
97;240;2025-09-03;818;Munoz-Lawson;2024-07-29;Describe;attorney;26.0;identify;Mercado de Flores
97;240;2025-09-03;818;Munoz-Lawson;2024-07-29;Describe;attorney;150.0;join;Mercado de Flores
97;240;2025-09-03;818;Munoz-Lawson;2024-07-29;Describe;attorney;181.0;grow;Mercado de Flores
206;604;2020-11-07;3781;Glass, Berry and Williams;2024-08-17;Small;which;;;Mercado de Fruta
387;395;2024-08-28;3964;Smith Group;2022-08-12;Course;remain;15.0;Mrs;Mercado de Legumes
387;395;2024-08-28;3964;Smith Group;2022-08-12;Course;remain;65.0;window;Mercado de Legumes
321;942;2024-07-07;2922;Frost-Wolfe;2023-12-28;Bill;reason;;;Mercado de Flores
436;991;2020-12-27;1372;Henry, Krueger and Freeman;2021-09-19;Meeting;trial;;;Mercado de Fruta
378;474;2024-07-14;885;Clark, Sloan and Maldonado;2024-06-22;Court;truth;;;Mercado de Flores
410;357;2025-08-19;772;Clark Ltd;2021-04-02;One;his;;;Mercado de Flores
131;414;2020-10-17;4693;Schroeder, Moss and Rivas;2021-05-15;Next;eight;;;Mercado de Flores
222;982;2024-05-14;3685;Fisher, Dawson and Saunders;2021-12-24;Their;ever;;;Mercado de Fruta
88;65;2022-11-01;1944;Brewer Ltd;2023-01-19;Unit;day;;;Mercado de Legumes
438;439;2023-07-06;4830;Reed, Vega and Ho;2022-04-05;Weight;clear;42.0;seem;Mercado de Fruta
143;36;2024-07-04;639;Flores and Sons;2024-12-02;Identify;movie;;;Mercado de Flores
445;565;2023-01-23;2322;Rodriguez LLC;2023-11-14;Interview;election;;;Mercado de Fruta
357;288;2025-02-15;2429;Curry, Luna and White;2023-03-17;There;ask;;;Mercado de Flores
317;932;2023-05-08;573;Snyder and Sons;2021-07-03;Rule;about;;;Mercado de Legumes
321;569;2020-06-03;1760;Frost-Wolfe;2023-12-28;Process;body;;;Mercado de Legumes
34;585;2025-09-12;807;Martinez, Beck and Moyer;2022-10-22;Top;middle;47.0;too;Mercado de Flores
128;113;2023-07-11;4284;Butler-Washington;2021-05-01;Itself;issue;;;Mercado de Legumes
350;952;2020-02-26;4751;Medina-Johnson;2023-03-01;Religious;positive;;;Mercado de Fruta
242;87;2024-10-08;4154;Bishop, Acosta and Obrien;2022-08-25;Early;my;;;Mercado de Flores
316;101;2020-02-08;4193;Rodriguez, Huff and Holland;2024-08-16;Include;happen;;;Mercado de Legumes
495;712;2021-11-24;2415;Miller, Cherry and Torres;2025-12-22;Industry;purpose;;;Mercado de Fruta
119;745;2022-09-10;1873;Shelton, Odonnell and Williams;2022-11-17;Large;nature;;;Mercado de Fruta
472;978;2024-09-22;153;Camacho Inc;2022-03-16;Western;artist;;;Mercado de Flores
403;747;2023-11-25;660;Reynolds PLC;2023-07-11;Respond;night;70.0;score;Mercado de Flores
261;334;2021-04-03;239;Long-Ellis;2022-07-28;Tree;certain;55.0;between;Mercado de Fruta
41;849;2022-12-16;4711;Stephenson-Lee;2025-10-15;Security;well;;;Mercado de Flores
204;946;2023-09-18;716;Flynn-Knight;2023-08-04;Ago;box;;;Mercado de Fruta
386;310;2022-04-01;2861;Hayden-Ellis;2026-01-01;Wind;situation;;;Mercado de Fruta
285;784;2025-09-02;4709;English-Williams;2023-09-29;Score;poor;;;Mercado de Fruta
72;648;2022-02-14;4903;Crane-Torres;2022-06-18;Book;score;86.0;school;Mercado de Flores
426;426;2024-03-17;2254;Johnson-Williams;2021-10-18;Fly;commercial;82.0;marriage;Mercado de Flores
228;457;2022-02-20;3008;Butler PLC;2021-05-21;Either;late;;;Mercado de Fruta
286;889;2024-01-01;877;James PLC;2024-11-09;Executive;level;;;Mercado de Fruta
489;818;2024-01-15;657;Lee, Guerrero and Alexander;2026-01-14;Now;he;;;Mercado de Legumes
19;236;2024-09-19;1911;Taylor Group;2023-12-11;Cultural;control;;;Mercado de Legumes
378;633;2024-07-07;3311;Clark, Sloan and Maldonado;2024-06-22;Action;its;;;Mercado de Flores
349;588;2025-06-25;2056;Wise-Perry;2021-04-04;Wear;region;;;Mercado de Flores
489;759;2020-01-30;1505;Lee, Guerrero and Alexander;2026-01-14;Own;recognize;;;Mercado de Flores
296;791;2021-02-19;2064;Coleman-Reyes;2025-07-26;Project;become;83.0;responsibility;Mercado de Legumes
296;791;2021-02-19;2064;Coleman-Reyes;2025-07-26;Project;become;145.0;somebody;Mercado de Legumes
318;971;2024-09-01;641;Gutierrez, Cisneros and Phillips;2021-07-28;Education;play;;;Mercado de Legumes
491;809;2020-09-03;3180;Smith LLC;2025-01-19;Maybe;thousand;156.0;hair;Mercado de Legumes
491;809;2020-09-03;3180;Smith LLC;2025-01-19;Maybe;thousand;172.0;moment;Mercado de Legumes
39;245;2021-08-21;4833;Yu-Ramirez;2025-09-02;Contain;boy;21.0;party;Mercado de Legumes
281;270;2025-12-18;4279;Carlson-Landry;2025-12-17;Article;political;178.0;form;Mercado de Flores
326;502;2025-05-12;2688;Jackson Group;2024-02-03;Life;knowledge;;;Mercado de Fruta
278;593;2020-02-06;3917;Morrow-Compton;2025-06-19;Throw;picture;90.0;star;Mercado de Legumes
201;885;2023-08-23;1603;Swanson Group;2022-06-11;Event;father;195.0;state;Mercado de Flores
421;779;2021-08-25;4960;Martin LLC;2023-10-20;Lawyer;explain;;;Mercado de Legumes
131;916;2020-12-26;178;Schroeder, Moss and Rivas;2021-05-15;Anyone;reduce;;;Mercado de Fruta
271;407;2025-10-28;1201;Lucero-Dawson;2021-03-15;Admit;administration;;;Mercado de Legumes
118;528;2024-05-30;1307;Powell-Foster;2025-08-02;Some;must;;;Mercado de Flores
28;445;2020-04-17;1297;Hancock, Walker and Miller;2022-11-08;Like;parent;;;Mercado de Fruta
61;154;2025-04-20;4489;Stewart, Hopkins and Williams;2021-12-31;Data;marriage;;;Mercado de Fruta
14;654;2021-11-08;3581;Harrison-Moore;2024-09-28;Everyone;sound;;;Mercado de Flores
258;600;2025-09-12;744;Sims, Miller and Chavez;2021-06-01;Television;why;;;Mercado de Flores
375;289;2024-12-19;2204;Dixon-Williams;2021-07-20;Get;six;;;Mercado de Fruta
202;405;2021-10-16;4265;Thomas-Sanders;2025-02-12;Structure;wide;;;Mercado de Flores
12;759;2021-10-17;2081;Bradley LLC;2024-08-05;Own;recognize;;;Mercado de Flores
418;481;2022-08-03;1084;Shelton Ltd;2022-01-04;Wish;writer;;;Mercado de Fruta
484;178;2022-07-15;4064;Greene Inc;2024-11-23;Series;must;124.0;follow;Mercado de Fruta
94;643;2023-06-30;1937;Boyd, Mcdaniel and Marsh;2022-05-03;First;set;16.0;thing;Mercado de Fruta
310;574;2021-11-04;2999;Turner, Bowman and Williams;2021-08-06;Down;serve;;;Mercado de Fruta
312;808;2023-01-15;210;Roberts, Sanchez and Cook;2021-10-18;Because;material;;;Mercado de Fruta
224;618;2025-07-16;1324;Coleman-Green;2021-04-06;West;manage;137.0;mission;Mercado de Flores
485;392;2025-12-22;373;Allen and Sons;2023-06-18;Democrat;everyone;;;Mercado de Legumes
246;687;2025-03-26;3572;Wood-Fisher;2025-06-13;Clear;quality;;;Mercado de Flores
196;704;2020-11-19;1483;Robinson-Cowan;2025-03-23;Defense;star;;;Mercado de Legumes
351;801;2024-07-27;1305;Curtis Inc;2024-10-01;Special;the;101.0;both;Mercado de Flores
271;110;2020-05-22;4749;Lucero-Dawson;2021-03-15;Our;manage;;;Mercado de Legumes
14;419;2021-07-25;245;Harrison-Moore;2024-09-28;Available;citizen;;;Mercado de Legumes
308;568;2025-05-08;1864;Jones, Harrington and Herrera;2024-03-21;Wonder;bag;;;Mercado de Fruta
143;606;2021-04-29;2460;Flores and Sons;2024-12-02;More;society;;;Mercado de Flores
432;977;2020-02-28;2865;Wright Group;2021-03-18;Decision;off;;;Mercado de Legumes
347;695;2022-03-13;1537;Becker, Flynn and Silva;2023-12-04;Local;weight;;;Mercado de Legumes
28;839;2025-06-03;4225;Hancock, Walker and Miller;2022-11-08;Security;moment;;;Mercado de Legumes
29;458;2020-08-31;3274;Mills Group;2024-12-01;Eat;list;37.0;sister;Mercado de Legumes
29;458;2020-08-31;3274;Mills Group;2024-12-01;Eat;list;174.0;might;Mercado de Legumes
479;941;2025-03-22;4110;Reynolds, Christian and Lopez;2021-07-19;Picture;lay;;;Mercado de Legumes
468;367;2021-03-26;1931;Crawford, Barnes and Aguilar;2021-04-19;Street;outside;;;Mercado de Fruta
185;886;2022-03-01;2014;Jennings PLC;2024-02-10;Compare;student;;;Mercado de Fruta
180;442;2020-05-22;3632;Tran-Huynh;2021-10-01;Public;require;3.0;teach;Mercado de Fruta
444;285;2024-06-29;4040;Mack-Castillo;2024-04-27;Commercial;evidence;;;Mercado de Flores
152;397;2020-08-25;112;Schultz-Glass;2023-06-16;Reveal;return;118.0;western;Mercado de Fruta
458;147;2023-02-28;2727;Long, Walker and Allison;2025-03-29;Individual;court;;;Mercado de Flores
239;502;2022-08-27;4821;Garcia LLC;2025-07-11;Life;knowledge;;;Mercado de Fruta
176;538;2025-05-30;3574;Schaefer-Brooks;2021-04-09;Team;word;;;Mercado de Fruta
326;54;2024-10-21;1525;Jackson Group;2024-02-03;View;eat;;;Mercado de Flores
302;984;2025-10-28;4122;Howard-Palmer;2022-03-21;Foot;forward;;;Mercado de Flores
345;167;2024-06-24;214;Perez-Shannon;2023-09-04;Final;message;;;Mercado de Legumes
137;166;2023-04-25;224;Gray, Kim and Doyle;2023-09-10;Give;certainly;;;Mercado de Fruta
300;168;2024-08-03;4421;Saunders-Marshall;2022-10-25;Address;product;;;Mercado de Flores
69;751;2025-01-18;1741;Goodman-Kirby;2022-12-31;If;identify;67.0;hair;Mercado de Fruta
404;721;2025-11-07;2682;Jordan, Kim and Bowman;2024-02-28;Among;begin;;;Mercado de Fruta
91;25;2020-01-25;3894;Lee-Osborne;2023-03-17;The;magazine;;;Mercado de Fruta
422;683;2022-02-01;4476;Wright, Dickerson and Mcdonald;2023-02-13;Set;half;162.0;management;Mercado de Legumes
254;555;2020-08-11;1118;Williams, Mcdonald and Schmidt;2025-08-24;Green;particularly;123.0;dream;Mercado de Flores
320;696;2025-07-24;3517;Perez, Long and Spencer;2025-10-29;Enough;light;;;Mercado de Flores
333;457;2024-07-26;1894;Robinson, Riddle and Reese;2024-10-16;Either;late;;;Mercado de Fruta
242;696;2024-07-09;1031;Bishop, Acosta and Obrien;2022-08-25;Enough;light;;;Mercado de Flores
62;253;2024-08-12;4708;Dean Group;2023-04-26;Concern;responsibility;;;Mercado de Fruta
184;802;2023-11-09;3821;Moore, Lopez and Santos;2021-12-10;Institution;among;;;Mercado de Fruta
459;260;2025-08-23;4684;Holland, Evans and Myers;2023-04-18;Military;chance;25.0;large;Mercado de Legumes
11;364;2023-09-09;3287;Serrano, Young and Nichols;2024-10-20;Find;learn;;;Mercado de Fruta
38;309;2023-10-18;1708;Moore LLC;2022-08-15;Social;shake;;;Mercado de Flores
438;850;2025-10-29;2516;Reed, Vega and Ho;2022-04-05;Just;market;42.0;seem;Mercado de Fruta
168;224;2020-02-04;1089;Martinez and Sons;2023-10-25;Rather;source;4.0;along;Mercado de Legumes
407;336;2024-08-23;3583;Ford, Spencer and Copeland;2021-10-25;Unit;list;;;Mercado de Flores
116;829;2021-12-26;1614;Williams, Anderson and Lopez;2025-02-13;Fall;outside;28.0;difference;Mercado de Fruta
98;423;2020-08-20;201;Riley, Dunn and Mccarty;2024-07-30;Politics;teacher;;;Mercado de Flores
390;847;2026-02-06;3751;Lawrence, Gardner and Harris;2023-03-17;Physical;else;;;Mercado de Fruta
419;887;2021-05-21;866;Johnson, Hamilton and Price;2023-10-29;Remember;friend;;;Mercado de Legumes
274;75;2024-05-06;3248;Sosa Group;2026-01-19;Relate;no;;;Mercado de Flores
266;644;2024-03-15;4999;Carney-Gomez;2023-01-17;Draw;remember;91.0;serious;Mercado de Legumes
443;717;2023-12-30;2132;Avila Group;2026-01-21;Year;mention;7.0;might;Mercado de Flores
443;717;2023-12-30;2132;Avila Group;2026-01-21;Year;mention;75.0;grow;Mercado de Flores
364;596;2023-08-22;4323;Boyd-Sexton;2024-06-11;Indicate;hear;;;Mercado de Legumes
489;171;2022-05-22;3413;Lee, Guerrero and Alexander;2026-01-14;Style;bill;;;Mercado de Flores
147;659;2021-03-04;456;Hess-Dickson;2022-09-18;Natural;friend;119.0;force;Mercado de Legumes
328;67;2020-05-22;4445;Lee, Figueroa and Silva;2023-01-06;Money;inside;;;Mercado de Fruta
235;929;2022-04-11;2661;Walker-Garcia;2025-06-30;Mrs;avoid;166.0;suffer;Mercado de Legumes
31;703;2024-03-10;406;Ball-Phillips;2025-10-21;Her;better;;;Mercado de Fruta
326;254;2024-12-15;179;Jackson Group;2024-02-03;They;pay;;;Mercado de Legumes
77;626;2025-06-16;3772;Carter PLC;2024-11-13;Energy;base;;;Mercado de Legumes
163;692;2020-01-19;4590;Rogers and Sons;2024-04-13;Fact;finally;;;Mercado de Legumes
267;92;2025-08-21;3925;Wagner Inc;2022-03-29;System;dark;;;Mercado de Legumes
210;805;2020-09-17;244;Clark Ltd;2024-07-20;Six;entire;19.0;perhaps;Mercado de Fruta
412;271;2021-06-30;1312;Young Ltd;2021-10-29;Chair;near;;;Mercado de Fruta
79;517;2020-03-04;2152;Lopez, Newton and Rivera;2021-03-22;Which;ago;;;Mercado de Fruta
151;678;2022-03-31;4290;Duncan PLC;2023-08-10;To;contain;;;Mercado de Flores
260;221;2024-06-18;168;Smith, Carter and Blake;2021-07-29;Little;ever;;;Mercado de Legumes
114;935;2022-11-26;830;Powers, Friedman and Atkinson;2025-12-03;Alone;science;;;Mercado de Legumes
263;706;2020-07-11;2790;Hicks, Peterson and Ayala;2022-05-20;Yourself;high;45.0;total;Mercado de Fruta
263;706;2020-07-11;2790;Hicks, Peterson and Ayala;2022-05-20;Yourself;high;53.0;ago;Mercado de Fruta
274;196;2026-02-04;4821;Sosa Group;2026-01-19;Soldier;whatever;;;Mercado de Fruta
241;698;2021-06-11;4066;Bates-Rivera;2022-09-06;Age;him;;;Mercado de Legumes
155;191;2023-11-08;775;Harris-Travis;2023-09-23;Before;middle;;;Mercado de Legumes
157;904;2021-10-26;2232;West Group;2021-06-12;Evening;cell;;;Mercado de Fruta
22;19;2024-04-08;4465;Hernandez, Cain and Dalton;2021-04-23;Social;message;158.0;outside;Mercado de Fruta
110;515;2022-11-09;4772;Price Inc;2025-10-27;Light;there;121.0;what;Mercado de Legumes
186;27;2023-04-16;2162;Glass LLC;2021-02-27;Republican;trouble;;;Mercado de Flores
387;503;2024-07-22;270;Smith Group;2022-08-12;Product;society;15.0;Mrs;Mercado de Legumes
387;503;2024-07-22;270;Smith Group;2022-08-12;Product;society;65.0;window;Mercado de Legumes
250;794;2023-07-02;502;Williams LLC;2024-05-24;Institution;glass;;;Mercado de Legumes
480;939;2023-09-12;2374;Jones-Chavez;2022-10-24;Herself;win;99.0;then;Mercado de Flores
480;939;2023-09-12;2374;Jones-Chavez;2022-10-24;Herself;win;131.0;religious;Mercado de Flores
251;690;2022-10-30;2009;Fernandez Inc;2021-07-16;Modern;strategy;59.0;western;Mercado de Flores
349;67;2025-06-28;1637;Wise-Perry;2021-04-04;Money;inside;;;Mercado de Fruta
184;556;2026-02-13;3001;Moore, Lopez and Santos;2021-12-10;Look;some;;;Mercado de Fruta
189;886;2020-07-03;2235;Clark LLC;2025-06-23;Compare;student;;;Mercado de Fruta
350;303;2020-04-16;3967;Medina-Johnson;2023-03-01;Either;whom;;;Mercado de Flores
89;192;2024-03-07;832;Johns, Wolf and Osborne;2023-07-02;Line;police;;;Mercado de Flores
419;835;2022-10-24;3395;Johnson, Hamilton and Price;2023-10-29;Worker;near;;;Mercado de Fruta
332;211;2020-10-04;2616;Dixon and Sons;2022-12-29;Across;prove;;;Mercado de Fruta
188;11;2024-07-28;3621;Davis, Cortez and Young;2022-03-06;Cover;real;133.0;assume;Mercado de Legumes
188;11;2024-07-28;3621;Davis, Cortez and Young;2022-03-06;Cover;real;135.0;support;Mercado de Legumes
265;631;2020-02-23;3602;Baker-Wheeler;2021-11-02;Product;audience;;;Mercado de Fruta
122;34;2023-12-02;1365;Scott-Bowers;2024-12-19;Party;speak;;;Mercado de Fruta
45;943;2023-06-07;3591;Carney-Walker;2023-06-05;Set;physical;;;Mercado de Fruta
139;233;2021-09-26;4711;Ramirez, Powell and Chen;2025-10-04;Evidence;four;81.0;majority;Mercado de Legumes
222;983;2020-05-24;1850;Fisher, Dawson and Saunders;2021-12-24;Realize;doctor;;;Mercado de Legumes
10;240;2022-03-10;2147;Woods, Taylor and Harrison;2024-07-08;Describe;attorney;;;Mercado de Flores
441;986;2024-03-30;2670;Mclaughlin, Hernandez and Fitzpatrick;2025-05-27;Need;player;;;Mercado de Legumes
94;512;2020-04-30;1834;Boyd, Mcdaniel and Marsh;2022-05-03;New;evening;16.0;thing;Mercado de Legumes
205;815;2022-10-17;1008;Turner-Cook;2023-12-03;Same;cultural;;;Mercado de Legumes
199;75;2023-03-26;4912;Hanson-Fleming;2025-09-15;Relate;no;;;Mercado de Flores
434;492;2024-10-26;2198;Reyes LLC;2023-06-10;Against;hold;;;Mercado de Flores
176;506;2025-01-29;4911;Schaefer-Brooks;2021-04-09;Game;forward;;;Mercado de Legumes
13;318;2020-01-28;3843;Conley, Snyder and Stone;2025-05-01;Expect;actually;100.0;each;Mercado de Flores
13;318;2020-01-28;3843;Conley, Snyder and Stone;2025-05-01;Expect;actually;198.0;themselves;Mercado de Flores
388;252;2023-10-30;2026;Gutierrez-Wright;2025-12-14;Despite;establish;;;Mercado de Flores
256;797;2024-06-29;452;Martinez and Sons;2022-09-09;Another;live;6.0;bar;Mercado de Legumes
400;411;2021-02-08;4049;Davis Group;2024-10-27;Establish;author;13.0;coach;Mercado de Flores
245;191;2025-12-22;185;Guzman-Cole;2024-11-20;Before;middle;56.0;design;Mercado de Legumes
211;853;2025-02-27;4427;Robinson LLC;2022-02-07;Light;politics;153.0;thus;Mercado de Fruta
50;661;2023-01-06;2249;Maldonado and Sons;2021-06-01;Line;friend;;;Mercado de Fruta
338;50;2024-04-17;605;Brown Ltd;2025-02-19;Up;foot;;;Mercado de Legumes
259;3;2022-07-12;3465;Pham, Farmer and Marsh;2021-04-12;Development;approach;50.0;have;Mercado de Flores
33;225;2020-08-26;1383;Sims, Meza and Haynes;2021-09-04;Rule;industry;;;Mercado de Flores
189;772;2024-07-07;3235;Clark LLC;2025-06-23;Technology;dinner;;;Mercado de Fruta
77;926;2023-10-05;2056;Carter PLC;2024-11-13;Enter;government;;;Mercado de Legumes
439;311;2021-12-17;1350;Lopez, Jimenez and Miller;2024-03-06;Today;organization;;;Mercado de Legumes
195;980;2025-01-28;2265;Ross-Davidson;2022-08-27;If;meet;;;Mercado de Legumes
244;200;2023-11-14;3259;Perez Ltd;2024-11-05;Image;those;;;Mercado de Legumes
130;450;2025-08-14;2300;Chase PLC;2024-06-12;Study;personal;;;Mercado de Flores
236;349;2026-01-29;4731;Butler, Williams and Hoffman;2023-04-13;Hour;think;;;Mercado de Fruta
151;911;2024-10-29;1903;Duncan PLC;2023-08-10;Form;any;;;Mercado de Legumes
213;159;2025-08-05;3593;Gonzalez-George;2021-03-23;Newspaper;herself;11.0;off;Mercado de Flores
275;269;2025-02-06;3433;Cox, Wright and Price;2023-10-30;Rock;figure;;;Mercado de Legumes
418;562;2024-04-15;2307;Shelton Ltd;2022-01-04;Laugh;impact;;;Mercado de Fruta
456;78;2023-08-31;1889;Price, Franklin and Duarte;2025-01-08;Generation;there;;;Mercado de Flores
11;720;2020-04-27;4453;Serrano, Young and Nichols;2024-10-20;Actually;garden;;;Mercado de Flores
129;923;2024-07-10;2295;Gonzalez LLC;2025-09-05;Paper;military;30.0;difficult;Mercado de Legumes
129;923;2024-07-10;2295;Gonzalez LLC;2025-09-05;Paper;military;191.0;a;Mercado de Legumes
492;378;2021-06-19;2759;Lyons, Gomez and Oconnor;2021-04-27;Under;kitchen;;;Mercado de Flores
417;287;2025-06-08;219;Wells Group;2026-01-14;Find;discussion;;;Mercado de Legumes
183;887;2021-04-26;3035;Velez, Price and Cortez;2022-02-23;Remember;friend;;;Mercado de Legumes
94;202;2020-07-08;3935;Boyd, Mcdaniel and Marsh;2022-05-03;Discussion;edge;16.0;thing;Mercado de Fruta
33;358;2024-05-22;1919;Sims, Meza and Haynes;2021-09-04;Suggest;too;;;Mercado de Fruta
210;925;2025-12-04;1927;Clark Ltd;2024-07-20;According;store;19.0;perhaps;Mercado de Fruta
439;524;2022-07-10;4065;Lopez, Jimenez and Miller;2024-03-06;Black;very;;;Mercado de Legumes
248;560;2022-05-21;3926;Reese, Flores and Wright;2025-04-24;Poor;those;;;Mercado de Legumes
284;338;2021-03-05;4395;Wilson, Nixon and Sanchez;2022-10-14;Executive;agent;;;Mercado de Legumes
326;267;2024-03-09;4990;Jackson Group;2024-02-03;Movie;event;;;Mercado de Flores
40;224;2023-04-26;544;Andrade, Mcclure and Alvarez;2025-08-03;Rather;source;95.0;executive;Mercado de Legumes
120;869;2022-11-08;3143;Mcdaniel-Garza;2022-08-16;Who;glass;;;Mercado de Legumes
323;709;2025-06-28;3462;Cummings and Sons;2022-10-22;Account;moment;;;Mercado de Fruta
52;816;2020-07-07;1612;Hess PLC;2022-07-05;Interest;standard;112.0;that;Mercado de Flores
402;825;2025-04-25;1086;Miller-Wagner;2023-04-08;Central;magazine;;;Mercado de Flores
3;197;2022-07-31;1034;Cruz, Hurley and Graham;2024-07-17;Address;offer;;;Mercado de Legumes
185;85;2025-11-04;908;Jennings PLC;2024-02-10;Through;south;;;Mercado de Fruta
30;140;2024-01-07;4987;Vargas, Santiago and Mcdonald;2024-10-25;Nothing;apply;;;Mercado de Legumes
488;652;2023-04-18;3591;Rodriguez and Sons;2022-03-26;Thought;provide;;;Mercado de Fruta
225;414;2022-12-23;2352;Bradley-Phillips;2021-10-31;Next;eight;;;Mercado de Flores
450;520;2020-09-15;3766;Calderon, May and Davis;2023-01-09;Science;poor;171.0;wait;Mercado de Fruta
284;467;2022-08-16;2548;Wilson, Nixon and Sanchez;2022-10-14;Focus;democratic;;;Mercado de Legumes
454;833;2022-10-01;2257;Gonzales-Gonzales;2022-11-22;Each;even;;;Mercado de Legumes
36;883;2024-09-13;678;Williams Inc;2025-02-07;Five;future;152.0;increase;Mercado de Fruta
159;521;2025-02-02;4295;Johnson, Long and Benson;2022-06-05;Carry;several;;;Mercado de Legumes
131;705;2022-11-30;1421;Schroeder, Moss and Rivas;2021-05-15;Size;whole;;;Mercado de Flores
165;519;2021-12-21;2596;Williams, Griffith and Craig;2025-01-08;Feeling;set;39.0;away;Mercado de Flores
119;343;2024-03-02;1254;Shelton, Odonnell and Williams;2022-11-17;Camera;theory;;;Mercado de Fruta
394;655;2021-03-16;839;Mcgee-Ramirez;2024-11-29;Water;truth;;;Mercado de Fruta
155;772;2026-01-18;1393;Harris-Travis;2023-09-23;Technology;dinner;;;Mercado de Fruta
412;901;2023-06-17;3063;Young Ltd;2021-10-29;Important;actually;;;Mercado de Fruta
70;848;2026-01-27;2188;Brown Inc;2024-12-20;Focus;very;139.0;mission;Mercado de Legumes
70;848;2026-01-27;2188;Brown Inc;2024-12-20;Focus;very;143.0;prevent;Mercado de Legumes
236;621;2024-04-30;4531;Butler, Williams and Hoffman;2023-04-13;Former;second;;;Mercado de Flores
251;307;2024-05-05;1584;Fernandez Inc;2021-07-16;Traditional;appear;59.0;western;Mercado de Fruta
160;835;2023-02-15;3275;Marshall and Sons;2024-12-11;Worker;near;63.0;sit;Mercado de Fruta
486;387;2023-05-07;3617;Stewart Inc;2024-10-25;Sing;smile;180.0;party;Mercado de Flores
118;353;2022-08-07;4019;Powell-Foster;2025-08-02;See;cover;;;Mercado de Legumes
199;479;2020-05-31;931;Hanson-Fleming;2025-09-15;Floor;organization;;;Mercado de Legumes
175;772;2023-05-18;3975;Alvarado, Cobb and Dillon;2023-09-19;Technology;dinner;85.0;over;Mercado de Fruta
497;729;2021-12-31;4233;Bowers-Townsend;2022-08-31;Age;near;;;Mercado de Flores
289;74;2022-03-29;4688;Spencer-Carter;2026-01-20;Then;no;;;Mercado de Legumes
105;867;2020-09-29;2184;Mccall and Sons;2022-01-20;Culture;turn;5.0;meet;Mercado de Flores
105;867;2020-09-29;2184;Mccall and Sons;2022-01-20;Culture;turn;187.0;coach;Mercado de Flores
381;121;2022-06-07;4194;Hunter-Wood;2023-06-13;Everyone;whatever;;;Mercado de Fruta
369;63;2023-12-10;2180;Frank-Glover;2023-12-24;Paper;street;;;Mercado de Flores
371;55;2021-01-27;3884;Wells, Jenkins and Martin;2025-08-30;Themselves;believe;;;Mercado de Fruta
200;920;2023-08-09;639;Hernandez, Rojas and Rodriguez;2024-02-06;Kid;son;;;Mercado de Legumes
175;409;2022-06-18;4489;Alvarado, Cobb and Dillon;2023-09-19;Baby;model;85.0;over;Mercado de Fruta
364;264;2021-03-06;4507;Boyd-Sexton;2024-06-11;Blood;foot;;;Mercado de Flores
154;996;2024-01-12;2886;Coffey, Hodges and Tanner;2024-09-16;List;education;179.0;democratic;Mercado de Flores
154;996;2024-01-12;2886;Coffey, Hodges and Tanner;2024-09-16;List;education;189.0;kind;Mercado de Flores
116;893;2021-07-07;1539;Williams, Anderson and Lopez;2025-02-13;Different;soon;28.0;difference;Mercado de Legumes
127;408;2023-01-12;3169;Hill PLC;2025-05-30;Agree;represent;73.0;Congress;Mercado de Flores
475;997;2025-10-24;1774;Luna Ltd;2025-03-23;Population;produce;;;Mercado de Fruta
349;741;2023-12-05;3855;Wise-Perry;2021-04-04;Member;other;;;Mercado de Flores
35;812;2022-07-23;4000;Nolan, Jones and Gordon;2021-04-03;Debate;let;61.0;record;Mercado de Legumes
50;952;2020-07-18;3216;Maldonado and Sons;2021-06-01;Religious;positive;;;Mercado de Fruta
277;518;2020-09-27;558;Bennett Group;2021-03-31;True;effort;;;Mercado de Legumes
474;224;2022-01-10;3488;Alvarez, Lee and Lopez;2021-04-28;Rather;source;127.0;through;Mercado de Legumes
474;224;2022-01-10;3488;Alvarez, Lee and Lopez;2021-04-28;Rather;source;163.0;party;Mercado de Legumes
252;416;2023-02-22;391;Mitchell, Phillips and Marshall;2024-10-27;Be;stay;105.0;partner;Mercado de Legumes
378;461;2023-08-22;1709;Clark, Sloan and Maldonado;2024-06-22;Director;war;;;Mercado de Legumes
347;348;2021-09-27;1540;Becker, Flynn and Silva;2023-12-04;End;maintain;;;Mercado de Flores
410;215;2023-03-02;4380;Clark Ltd;2021-04-02;Whom;wear;;;Mercado de Legumes
221;235;2022-11-16;108;Gardner Group;2024-11-05;Deal;go;41.0;big;Mercado de Fruta
485;230;2020-10-23;687;Allen and Sons;2023-06-18;Theory;study;;;Mercado de Legumes
47;580;2020-01-14;2150;Benjamin-Reed;2024-09-25;Open;vote;;;Mercado de Fruta
416;80;2024-03-18;3920;Richardson LLC;2022-12-31;Focus;price;;;Mercado de Legumes
420;782;2022-04-05;4121;Brooks Ltd;2021-05-23;Media;or;;;Mercado de Legumes
147;667;2022-12-25;1201;Hess-Dickson;2022-09-18;Best;phone;119.0;force;Mercado de Fruta
275;731;2020-10-18;3271;Cox, Wright and Price;2023-10-30;By;finally;;;Mercado de Legumes
376;487;2022-12-13;1973;Miller-Fields;2024-08-18;Court;address;;;Mercado de Fruta
463;562;2020-12-26;3527;Sullivan-Hernandez;2021-08-01;Laugh;impact;;;Mercado de Fruta
189;96;2022-06-10;4276;Clark LLC;2025-06-23;Speak;establish;;;Mercado de Flores
174;236;2022-08-16;282;Pope, Perez and Mcdonald;2024-06-19;Cultural;control;;;Mercado de Legumes
220;592;2023-06-17;2884;Sharp-Williams;2024-08-10;Congress;difficult;;;Mercado de Fruta
431;608;2023-09-16;1352;Taylor Inc;2024-08-22;Answer;size;104.0;account;Mercado de Legumes
244;126;2023-08-15;4332;Perez Ltd;2024-11-05;Player;though;;;Mercado de Flores
224;378;2023-11-13;4283;Coleman-Green;2021-04-06;Under;kitchen;137.0;mission;Mercado de Flores
489;609;2020-11-11;4163;Lee, Guerrero and Alexander;2026-01-14;Mrs;in;;;Mercado de Flores
142;189;2020-03-07;1110;Guzman Inc;2024-04-08;Watch;little;2.0;beyond;Mercado de Flores
361;373;2023-06-28;3321;Martinez Ltd;2023-11-22;Trial;box;80.0;by;Mercado de Fruta
120;423;2025-06-07;756;Mcdaniel-Garza;2022-08-16;Politics;teacher;;;Mercado de Flores
221;623;2021-01-14;3398;Gardner Group;2024-11-05;Art;from;41.0;big;Mercado de Legumes
293;979;2023-11-27;1469;Tyler LLC;2025-11-18;Any;system;;;Mercado de Fruta
90;510;2024-01-26;1328;Mitchell-Fisher;2024-12-19;Suffer;nature;109.0;term;Mercado de Flores
194;228;2022-07-03;2489;Bowen and Sons;2022-07-29;Still;degree;;;Mercado de Flores
228;599;2024-11-03;4012;Butler PLC;2021-05-21;Friend;along;;;Mercado de Legumes
308;844;2020-05-18;4612;Jones, Harrington and Herrera;2024-03-21;Southern;thus;;;Mercado de Fruta
437;529;2020-11-01;2352;Chan Ltd;2026-01-15;Car;season;;;Mercado de Fruta
370;251;2024-07-09;4362;Welch Ltd;2021-10-25;Create;media;;;Mercado de Legumes
493;692;2025-07-07;4009;Blake Group;2025-03-31;Fact;finally;110.0;truth;Mercado de Legumes
475;207;2024-11-20;1700;Luna Ltd;2025-03-23;Pass;ask;;;Mercado de Flores
334;916;2020-10-11;2130;Hernandez-Mason;2024-04-05;Anyone;reduce;140.0;ok;Mercado de Fruta
336;251;2026-02-08;2034;Michael and Sons;2022-10-12;Create;media;;;Mercado de Legumes
3;700;2022-01-12;4827;Cruz, Hurley and Graham;2024-07-17;Great;against;;;Mercado de Fruta
366;289;2022-11-08;4580;Martinez-West;2024-04-10;Get;six;125.0;add;Mercado de Fruta
369;316;2022-06-11;1922;Frank-Glover;2023-12-24;Where;so;;;Mercado de Fruta
287;254;2025-01-01;3125;Bailey, Bush and Hernandez;2024-12-15;They;pay;148.0;room;Mercado de Legumes
406;493;2020-08-10;4579;Rodriguez-Spencer;2022-05-20;On;possible;;;Mercado de Fruta
80;350;2025-11-24;3709;Boyd, Johnson and Miller;2024-08-15;Mission;sing;10.0;exactly;Mercado de Legumes
80;350;2025-11-24;3709;Boyd, Johnson and Miller;2024-08-15;Mission;sing;96.0;parent;Mercado de Legumes
160;225;2023-04-01;4268;Marshall and Sons;2024-12-11;Rule;industry;63.0;sit;Mercado de Flores
26;519;2024-05-25;4181;Barron, Dodson and Baker;2024-07-08;Feeling;set;;;Mercado de Flores
144;342;2024-09-09;4235;Mercado-Thomas;2024-04-11;May;good;103.0;need;Mercado de Flores
464;628;2024-12-19;2963;Morris Ltd;2021-10-01;More;not;;;Mercado de Fruta
383;402;2024-09-30;2425;Price-Pearson;2022-09-23;International;and;;;Mercado de Flores
216;988;2022-06-18;4916;Kirk LLC;2025-02-16;Near;foreign;74.0;employee;Mercado de Fruta
160;893;2020-06-25;4116;Marshall and Sons;2024-12-11;Different;soon;63.0;sit;Mercado de Legumes
362;665;2023-02-20;2928;Mccullough-Mckinney;2024-11-08;Night;experience;94.0;all;Mercado de Legumes
362;665;2023-02-20;2928;Mccullough-Mckinney;2024-11-08;Night;experience;157.0;environment;Mercado de Legumes
299;161;2024-11-13;1002;Booker PLC;2025-08-17;Participant;no;;;Mercado de Legumes
394;335;2021-03-06;2319;Mcgee-Ramirez;2024-11-29;Girl;serious;;;Mercado de Legumes
277;123;2020-01-15;794;Bennett Group;2021-03-31;Morning;box;;;Mercado de Flores
400;444;2023-04-20;4681;Davis Group;2024-10-27;Really;specific;13.0;coach;Mercado de Flores
451;688;2024-03-23;1350;Clay, Rivera and Taylor;2025-12-13;Special;where;;;Mercado de Fruta
276;558;2020-03-18;4146;Spencer PLC;2025-06-17;Suddenly;analysis;;;Mercado de Flores
86;893;2022-04-29;3118;Frederick, Kelly and Willis;2023-11-24;Different;soon;;;Mercado de Legumes
255;9;2021-12-07;2765;Rodriguez Inc;2021-07-28;Dinner;thing;;;Mercado de Flores
152;101;2023-02-02;4478;Schultz-Glass;2023-06-16;Include;happen;118.0;western;Mercado de Legumes
475;311;2025-06-06;4817;Luna Ltd;2025-03-23;Today;organization;;;Mercado de Legumes
293;364;2020-09-27;3552;Tyler LLC;2025-11-18;Find;learn;;;Mercado de Fruta
95;33;2023-06-03;4653;Woods and Sons;2022-04-09;;visit;32.0;follow;Mercado de Flores
430;360;2021-03-15;3974;Guerrero-Hernandez;2024-02-11;Television;base;146.0;amount;Mercado de Flores
405;327;2023-07-18;2903;Valenzuela-Meyer;2024-09-09;Number;field;;;Mercado de Flores
131;227;2025-06-10;2739;Schroeder, Moss and Rivas;2021-05-15;Still;religious;;;Mercado de Legumes
290;40;2024-11-21;995;Hart-Koch;2022-07-24;Realize;table;106.0;finish;Mercado de Fruta
282;699;2025-09-11;1355;Wilson LLC;2025-01-17;Yes;explain;130.0;billion;Mercado de Flores
282;699;2025-09-11;1355;Wilson LLC;2025-01-17;Yes;explain;167.0;wonder;Mercado de Flores
26;378;2020-03-20;1321;Barron, Dodson and Baker;2024-07-08;Under;kitchen;;;Mercado de Flores
43;201;2024-12-08;764;Hubbard-Morgan;2026-01-13;Senior;many;120.0;once;Mercado de Flores
400;828;2021-10-10;1301;Davis Group;2024-10-27;Training;finish;13.0;coach;Mercado de Flores
95;694;2022-07-28;4160;Woods and Sons;2022-04-09;Again;nature;32.0;follow;Mercado de Fruta
283;231;2025-02-26;1184;Nguyen-Patterson;2023-01-09;Memory;wide;;;Mercado de Flores
190;457;2025-10-17;2658;Lyons-Cook;2023-06-02;Either;late;;;Mercado de Fruta
324;12;2024-03-10;4135;Pearson-Dean;2022-05-18;Not;Congress;;;Mercado de Flores
20;619;2026-02-03;2587;Wilkerson PLC;2021-05-09;Decade;generation;116.0;explain;Mercado de Fruta
67;761;2020-03-30;3478;Jones, Wolf and Smith;2022-08-07;Government;system;;;Mercado de Legumes
377;60;2024-08-15;4242;Humphrey-Hancock;2023-12-16;Accept;low;;;Mercado de Flores
264;533;2024-05-16;1938;Hopkins, Jackson and Ortiz;2025-01-24;Language;those;;;Mercado de Legumes
281;561;2020-01-16;4336;Carlson-Landry;2025-12-17;Those;turn;178.0;form;Mercado de Flores
42;108;2025-05-17;4857;Goodwin-Murphy;2023-05-27;Affect;amount;;;Mercado de Flores
115;679;2020-05-18;1610;Johnson, Brennan and Wright;2025-01-01;Also;husband;183.0;feeling;Mercado de Fruta
297;146;2024-08-15;2192;Martin-Stuart;2023-04-09;Direction;skin;;;Mercado de Legumes
426;975;2023-01-15;2505;Johnson-Williams;2021-10-18;Future;hear;82.0;marriage;Mercado de Flores
269;747;2020-10-21;3979;Garcia, Velasquez and James;2024-10-15;Respond;night;;;Mercado de Flores
167;613;2023-04-17;394;Walker LLC;2023-07-29;Base;often;;;Mercado de Fruta
220;853;2025-04-24;3132;Sharp-Williams;2024-08-10;Light;politics;;;Mercado de Fruta
12;895;2023-10-05;4304;Bradley LLC;2024-08-05;North;discussion;;;Mercado de Fruta
84;14;2020-11-01;2224;Daniels LLC;2023-11-15;Image;leg;;;Mercado de Legumes
129;596;2022-05-17;1706;Gonzalez LLC;2025-09-05;Indicate;hear;30.0;difficult;Mercado de Legumes
129;596;2022-05-17;1706;Gonzalez LLC;2025-09-05;Indicate;hear;191.0;a;Mercado de Legumes
294;304;2022-06-04;3796;Jones, Leon and Edwards;2024-02-02;Charge;this;98.0;human;Mercado de Fruta
405;180;2024-06-07;2290;Valenzuela-Meyer;2024-09-09;Entire;choose;;;Mercado de Flores
460;802;2021-04-26;2544;Davenport-Cook;2021-03-09;Institution;among;;;Mercado de Fruta
168;244;2020-04-01;4065;Martinez and Sons;2023-10-25;School;write;4.0;along;Mercado de Fruta
385;420;2021-04-09;906;Gonzalez Group;2024-02-14;Enjoy;long;;;Mercado de Flores
65;206;2023-06-30;2931;Serrano-Hoover;2024-05-14;Rule;former;144.0;total;Mercado de Legumes
240;417;2025-05-09;1315;Cannon-Newman;2024-02-03;Agreement;girl;31.0;coach;Mercado de Flores
142;989;2020-09-04;2249;Guzman Inc;2024-04-08;Early;real;2.0;beyond;Mercado de Legumes
160;824;2023-04-22;3602;Marshall and Sons;2024-12-11;Teach;campaign;63.0;sit;Mercado de Legumes
331;577;2020-09-30;1394;Lawrence Inc;2023-06-02;Feeling;dinner;149.0;service;Mercado de Fruta
319;835;2022-10-30;2042;Lee-White;2022-01-14;Worker;near;;;Mercado de Fruta
365;451;2025-10-18;703;Cantu, Palmer and Thomas;2025-01-03;Check;determine;;;Mercado de Fruta
294;59;2025-11-23;2493;Jones, Leon and Edwards;2024-02-02;Himself;move;98.0;human;Mercado de Legumes
174;502;2026-02-04;2763;Pope, Perez and Mcdonald;2024-06-19;Life;knowledge;;;Mercado de Fruta
341;548;2020-09-15;2971;Alvarez, Dunn and Browning;2023-04-02;Drug;last;;;Mercado de Legumes
407;212;2024-06-07;221;Ford, Spencer and Copeland;2021-10-25;Evidence;night;;;Mercado de Legumes
134;755;2024-04-09;2412;Riddle-Jones;2023-07-15;World;whose;;;Mercado de Legumes
75;107;2025-01-25;2204;Conley LLC;2025-11-10;Modern;yes;;;Mercado de Legumes
179;679;2020-07-12;3261;Bowman, Boyer and Smith;2025-03-16;Also;husband;;;Mercado de Fruta
147;922;2022-12-13;2920;Hess-Dickson;2022-09-18;Daughter;remember;119.0;force;Mercado de Fruta
113;189;2025-10-13;4521;Beasley and Sons;2022-12-28;Watch;little;;;Mercado de Flores
262;700;2023-02-19;3362;Williams and Sons;2023-12-20;Great;against;;;Mercado de Fruta
491;465;2021-02-27;750;Smith LLC;2025-01-19;Perform;gun;156.0;hair;Mercado de Flores
491;465;2021-02-27;750;Smith LLC;2025-01-19;Perform;gun;172.0;moment;Mercado de Flores
271;59;2024-06-25;452;Lucero-Dawson;2021-03-15;Himself;move;;;Mercado de Legumes
193;215;2023-02-02;4537;Cunningham, Mcpherson and Jones;2025-05-23;Whom;wear;;;Mercado de Legumes
235;564;2020-09-26;560;Walker-Garcia;2025-06-30;Firm;majority;166.0;suffer;Mercado de Flores
208;137;2026-01-04;4024;Nunez-Lopez;2025-09-23;Modern;people;;;Mercado de Legumes
68;197;2021-11-22;2579;Howard-Olson;2023-03-02;Address;offer;;;Mercado de Legumes
298;248;2022-09-07;3371;Benson-Travis;2022-07-13;Report;many;34.0;will;Mercado de Legumes
167;773;2023-01-27;4624;Walker LLC;2023-07-29;Personal;sea;;;Mercado de Legumes
80;312;2023-12-22;532;Boyd, Johnson and Miller;2024-08-15;Major;according;10.0;exactly;Mercado de Flores
80;312;2023-12-22;532;Boyd, Johnson and Miller;2024-08-15;Major;according;96.0;parent;Mercado de Flores
341;283;2022-02-27;3106;Alvarez, Dunn and Browning;2023-04-02;Commercial;seat;;;Mercado de Fruta
429;621;2024-03-18;2683;Foster-Murphy;2023-08-16;Former;second;;;Mercado de Flores
316;78;2022-10-28;3111;Rodriguez, Huff and Holland;2024-08-16;Generation;there;;;Mercado de Flores
33;138;2022-04-27;402;Sims, Meza and Haynes;2021-09-04;Ten;role;;;Mercado de Flores
438;187;2020-08-21;336;Reed, Vega and Ho;2022-04-05;Cost;finally;42.0;seem;Mercado de Fruta
258;646;2023-11-02;3671;Sims, Miller and Chavez;2021-06-01;Important;face;;;Mercado de Fruta
63;801;2022-06-05;4830;Castro, Sherman and Flores;2025-12-01;Special;the;;;Mercado de Flores
288;215;2023-10-06;4987;Hicks, Griffin and Craig;2026-01-22;Whom;wear;33.0;conference;Mercado de Legumes
64;506;2021-08-14;2092;Gonzalez, Vasquez and Powers;2024-07-20;Game;forward;;;Mercado de Legumes
99;812;2021-04-19;1769;Stokes, Taylor and Wallace;2023-11-03;Debate;let;147.0;miss;Mercado de Legumes
99;812;2021-04-19;1769;Stokes, Taylor and Wallace;2023-11-03;Debate;let;168.0;party;Mercado de Legumes
307;684;2021-10-13;4225;Cooper-Gates;2022-08-19;Free;might;;;Mercado de Flores
55;269;2025-05-11;1545;Hill, Allen and Rodriguez;2022-07-31;Rock;figure;114.0;ability;Mercado de Legumes
281;587;2021-02-01;1630;Carlson-Landry;2025-12-17;Purpose;player;178.0;form;Mercado de Legumes
185;877;2025-06-26;281;Jennings PLC;2024-02-10;Quickly;late;;;Mercado de Fruta
499;184;2023-10-29;1374;Jacobs, Johnson and Clark;2022-01-05;Movie;many;9.0;piece;Mercado de Fruta
499;184;2023-10-29;1374;Jacobs, Johnson and Clark;2022-01-05;Movie;many;43.0;here;Mercado de Fruta
98;570;2022-08-22;1836;Riley, Dunn and Mccarty;2024-07-30;Though;week;;;Mercado de Flores
137;319;2020-02-11;2345;Gray, Kim and Doyle;2023-09-10;Green;almost;;;Mercado de Fruta
104;309;2024-06-02;222;Mosley, Petty and Davis;2026-01-02;Social;shake;;;Mercado de Flores
110;55;2020-07-24;2870;Price Inc;2025-10-27;Themselves;believe;121.0;what;Mercado de Fruta
161;991;2021-07-01;4142;Mays-Harmon;2022-10-23;Meeting;trial;;;Mercado de Fruta
248;234;2023-08-24;1978;Reese, Flores and Wright;2025-04-24;Edge;woman;;;Mercado de Flores
37;591;2024-06-18;4975;Meyer-Kim;2022-04-17;Article;interest;40.0;do;Mercado de Flores
219;789;2024-03-10;2139;Adams-Ferguson;2024-08-20;Her;fear;151.0;event;Mercado de Flores
233;560;2020-10-23;4871;Hernandez-Hart;2021-08-13;Poor;those;177.0;media;Mercado de Legumes
98;652;2024-05-12;2082;Riley, Dunn and Mccarty;2024-07-30;Thought;provide;;;Mercado de Fruta
479;868;2022-02-15;3724;Reynolds, Christian and Lopez;2021-07-19;Sister;join;;;Mercado de Fruta
173;247;2023-03-18;4466;Roberts, Nichols and Simon;2023-07-04;Nice;although;;;Mercado de Fruta
104;914;2020-01-30;4282;Mosley, Petty and Davis;2026-01-02;Study;choose;;;Mercado de Legumes
64;580;2022-02-22;792;Gonzalez, Vasquez and Powers;2024-07-20;Open;vote;;;Mercado de Fruta
376;21;2020-02-11;4002;Miller-Fields;2024-08-18;Cultural;threat;;;Mercado de Flores
119;308;2021-01-30;955;Shelton, Odonnell and Williams;2022-11-17;May;rock;;;Mercado de Legumes
59;441;2023-10-27;3159;Sullivan, Johnston and Rosales;2024-12-03;Serious;above;;;Mercado de Flores
43;495;2025-11-25;1157;Hubbard-Morgan;2026-01-13;Medical;interesting;120.0;once;Mercado de Flores
84;967;2021-04-07;2075;Daniels LLC;2023-11-15;Center;score;;;Mercado de Fruta
187;905;2021-04-19;3364;Hanson, White and Jackson;2024-06-25;Economic;meet;;;Mercado de Legumes
426;167;2026-02-04;2160;Johnson-Williams;2021-10-18;Final;message;82.0;marriage;Mercado de Legumes
414;40;2020-05-27;2775;Nguyen-Becker;2023-04-12;Realize;table;;;Mercado de Fruta
338;492;2021-07-12;4466;Brown Ltd;2025-02-19;Against;hold;;;Mercado de Flores
331;342;2025-01-05;3346;Lawrence Inc;2023-06-02;May;good;149.0;service;Mercado de Flores
326;121;2020-09-03;3972;Jackson Group;2024-02-03;Everyone;whatever;;;Mercado de Fruta
148;989;2024-08-13;4876;Hicks, Smith and Watson;2026-01-22;Early;real;18.0;turn;Mercado de Legumes
146;754;2023-06-26;721;Christian, Lee and Stewart;2024-07-08;Professor;despite;126.0;enter;Mercado de Fruta
430;912;2024-08-18;1534;Guerrero-Hernandez;2024-02-11;Together;participant;146.0;amount;Mercado de Flores
290;242;2022-05-26;147;Hart-Koch;2022-07-24;Again;eight;106.0;finish;Mercado de Legumes
398;268;2020-12-07;4801;Williams-Reynolds;2021-07-19;Them;often;38.0;ten;Mercado de Fruta
398;268;2020-12-07;4801;Williams-Reynolds;2021-07-19;Them;often;200.0;professional;Mercado de Fruta
216;824;2025-06-23;2991;Kirk LLC;2025-02-16;Teach;campaign;74.0;employee;Mercado de Legumes
37;164;2022-12-03;837;Meyer-Kim;2022-04-17;Almost;describe;40.0;do;Mercado de Legumes
286;464;2020-08-03;2822;James PLC;2024-11-09;Put;idea;;;Mercado de Legumes
282;467;2023-04-21;2146;Wilson LLC;2025-01-17;Focus;democratic;130.0;billion;Mercado de Legumes
282;467;2023-04-21;2146;Wilson LLC;2025-01-17;Focus;democratic;167.0;wonder;Mercado de Legumes
190;355;2023-11-06;4565;Lyons-Cook;2023-06-02;Real;wife;;;Mercado de Fruta
239;204;2021-06-08;472;Garcia LLC;2025-07-11;Father;lawyer;;;Mercado de Flores
328;724;2025-09-09;3366;Lee, Figueroa and Silva;2023-01-06;Western;have;;;Mercado de Fruta
322;800;2024-09-12;3654;Elliott Group;2024-07-27;Account;whom;;;Mercado de Legumes
260;110;2020-08-27;1636;Smith, Carter and Blake;2021-07-29;Our;manage;;;Mercado de Legumes
250;491;2020-02-12;2801;Williams LLC;2024-05-24;Point;place;;;Mercado de Legumes
207;149;2023-08-22;310;Warren Inc;2022-01-11;Brother;ball;;;Mercado de Legumes
121;927;2021-01-16;4200;Ruiz, Miller and Giles;2023-10-05;Middle;enough;;;Mercado de Flores
405;577;2024-08-12;1390;Valenzuela-Meyer;2024-09-09;Feeling;dinner;;;Mercado de Fruta
321;604;2020-04-02;2159;Frost-Wolfe;2023-12-28;Small;which;;;Mercado de Fruta
74;630;2020-02-14;2704;Campbell Inc;2023-06-06;Give;generation;;;Mercado de Flores
458;534;2021-07-12;2504;Long, Walker and Allison;2025-03-29;Baby;machine;;;Mercado de Flores
107;13;2025-02-27;4013;Jones, Keith and Wiggins;2021-05-06;Tv;prove;;;Mercado de Fruta
297;818;2025-01-29;240;Martin-Stuart;2023-04-09;Now;he;;;Mercado de Legumes
101;143;2023-05-13;4185;Dominguez, Fry and Hill;2021-08-11;Film;could;;;Mercado de Legumes
468;385;2023-02-10;643;Crawford, Barnes and Aguilar;2021-04-19;Position;turn;;;Mercado de Fruta
170;68;2021-01-18;1179;Collins-Campos;2025-06-15;Article;they;;;Mercado de Legumes
374;248;2023-07-25;2745;Park-Curry;2021-09-16;Report;many;;;Mercado de Legumes
320;539;2021-10-18;2158;Perez, Long and Spencer;2025-10-29;Whom;what;;;Mercado de Legumes
353;264;2020-05-06;1146;Jones-Rollins;2024-02-10;Blood;foot;;;Mercado de Flores
294;269;2025-04-29;2239;Jones, Leon and Edwards;2024-02-02;Rock;figure;98.0;human;Mercado de Legumes
197;566;2023-04-24;368;Tate, Wilson and Wilson;2026-02-16;Something;computer;142.0;pattern;Mercado de Legumes
202;552;2025-09-18;763;Thomas-Sanders;2025-02-12;Choose;natural;;;Mercado de Flores
147;932;2021-12-16;2039;Hess-Dickson;2022-09-18;Rule;about;119.0;force;Mercado de Legumes
7;427;2025-03-01;1141;Davis, Armstrong and Brown;2023-02-05;Task;education;;;Mercado de Fruta
29;608;2025-11-17;4647;Mills Group;2024-12-01;Answer;size;37.0;sister;Mercado de Legumes
29;608;2025-11-17;4647;Mills Group;2024-12-01;Answer;size;174.0;might;Mercado de Legumes
196;281;2024-09-15;581;Robinson-Cowan;2025-03-23;Voice;democratic;;;Mercado de Legumes
283;202;2024-12-01;3507;Nguyen-Patterson;2023-01-09;Discussion;edge;;;Mercado de Fruta
249;976;2026-01-23;859;Dunlap, Cabrera and Thompson;2021-04-23;Network;almost;;;Mercado de Fruta
233;812;2023-08-04;4684;Hernandez-Hart;2021-08-13;Debate;let;177.0;media;Mercado de Legumes
55;553;2021-10-23;1167;Hill, Allen and Rodriguez;2022-07-31;Pick;member;114.0;ability;Mercado de Fruta
433;31;2022-06-12;3098;Ballard-Orozco;2024-02-08;Security;marriage;136.0;of;Mercado de Fruta
249;533;2023-12-18;4282;Dunlap, Cabrera and Thompson;2021-04-23;Language;those;;;Mercado de Legumes
144;783;2021-03-30;4554;Mercado-Thomas;2024-04-11;Certain;office;103.0;need;Mercado de Flores
294;528;2024-02-20;1638;Jones, Leon and Edwards;2024-02-02;Some;must;98.0;human;Mercado de Flores
193;480;2024-07-31;4639;Cunningham, Mcpherson and Jones;2025-05-23;Actually;various;;;Mercado de Flores
74;706;2023-03-06;3122;Campbell Inc;2023-06-06;Yourself;high;;;Mercado de Fruta
282;607;2022-02-12;2531;Wilson LLC;2025-01-17;Make;meet;130.0;billion;Mercado de Fruta
282;607;2022-02-12;2531;Wilson LLC;2025-01-17;Make;meet;167.0;wonder;Mercado de Fruta
142;8;2020-07-17;2898;Guzman Inc;2024-04-08;Thus;allow;2.0;beyond;Mercado de Legumes
476;885;2025-09-06;2509;Johnson-Curtis;2021-06-10;Event;father;36.0;dream;Mercado de Flores
143;422;2024-10-25;4600;Flores and Sons;2024-12-02;Beautiful;tax;;;Mercado de Legumes
192;329;2021-10-15;177;Bowman Ltd;2023-10-30;Without;piece;;;Mercado de Legumes
115;9;2021-06-22;841;Johnson, Brennan and Wright;2025-01-01;Dinner;thing;183.0;feeling;Mercado de Flores
235;736;2022-12-16;986;Walker-Garcia;2025-06-30;Design;author;166.0;suffer;Mercado de Fruta
114;792;2020-06-17;719;Powers, Friedman and Atkinson;2025-12-03;Eight;leg;;;Mercado de Flores
49;479;2021-06-09;4384;Black and Sons;2021-10-18;Floor;organization;;;Mercado de Legumes
203;817;2025-05-31;4157;Roberts LLC;2024-09-29;Charge;ball;;;Mercado de Fruta
453;767;2021-06-02;4852;Tran PLC;2023-10-18;Source;keep;88.0;inside;Mercado de Legumes
11;969;2022-08-02;3347;Serrano, Young and Nichols;2024-10-20;Hundred;resource;;;Mercado de Flores
295;63;2022-03-22;4494;Sandoval, Castillo and Golden;2025-02-04;Paper;street;;;Mercado de Flores
168;419;2025-04-23;4649;Martinez and Sons;2023-10-25;Available;citizen;4.0;along;Mercado de Legumes
356;120;2023-09-10;4601;Cook, Boyer and Cox;2024-02-10;Several;blue;;;Mercado de Flores
465;81;2022-07-22;1572;Smith-King;2025-09-06;Coach;ago;;;Mercado de Flores
389;216;2023-05-30;638;Snyder, Reese and Wagner;2021-07-04;Sure;well;102.0;as;Mercado de Flores
415;636;2024-02-06;896;Anderson, Yoder and Taylor;2021-08-26;Second;arrive;60.0;thing;Mercado de Flores
195;13;2023-07-21;2554;Ross-Davidson;2022-08-27;Tv;prove;;;Mercado de Fruta
308;549;2022-03-05;839;Jones, Harrington and Herrera;2024-03-21;Know;Republican;;;Mercado de Flores
78;18;2025-04-25;3746;Douglas and Sons;2025-06-07;Large;skill;;;Mercado de Flores
408;589;2024-12-11;1911;Wright-Jones;2022-01-26;Environmental;strategy;;;Mercado de Fruta
440;402;2021-10-28;2494;Johnson, Smith and Reed;2024-11-14;International;and;159.0;talk;Mercado de Flores
279;273;2022-02-28;4920;Craig, Gordon and Chang;2021-06-08;Whom;book;;;Mercado de Flores
250;153;2020-10-19;3774;Williams LLC;2024-05-24;Look;at;;;Mercado de Flores
242;55;2022-11-01;968;Bishop, Acosta and Obrien;2022-08-25;Themselves;believe;;;Mercado de Fruta
116;879;2025-11-25;558;Williams, Anderson and Lopez;2025-02-13;Manager;ok;28.0;difference;Mercado de Flores
361;993;2021-10-15;1284;Martinez Ltd;2023-11-22;Coach;report;80.0;by;Mercado de Flores
423;212;2022-06-22;3234;Goodman-Hayes;2024-12-18;Evidence;night;;;Mercado de Legumes
302;963;2021-11-17;4775;Howard-Palmer;2022-03-21;End;order;;;Mercado de Flores
478;39;2023-02-21;3105;Vaughan, Tucker and Jackson;2023-05-14;Hand;financial;;;Mercado de Flores
291;337;2023-07-10;406;Hernandez LLC;2025-09-01;Article;raise;;;Mercado de Fruta
414;553;2023-07-23;940;Nguyen-Becker;2023-04-12;Pick;member;;;Mercado de Fruta
2;477;2022-06-15;2751;Rogers, Fernandez and Perez;2023-11-29;Pay;sport;176.0;price;Mercado de Flores
2;477;2022-06-15;2751;Rogers, Fernandez and Perez;2023-11-29;Pay;sport;199.0;lot;Mercado de Flores
239;774;2026-02-16;1794;Garcia LLC;2025-07-11;Miss;chair;;;Mercado de Flores
153;897;2022-01-14;4738;Wilson, Spears and Mitchell;2025-04-21;Eat;growth;79.0;image;Mercado de Flores
189;966;2024-04-18;279;Clark LLC;2025-06-23;Still;offer;;;Mercado de Flores
249;681;2022-08-31;1632;Dunlap, Cabrera and Thompson;2021-04-23;Blue;window;;;Mercado de Flores
462;362;2021-01-18;1914;Hansen-Lewis;2024-07-07;Arm;present;;;Mercado de Legumes
231;206;2024-05-15;1516;Griffin PLC;2021-03-20;Rule;former;;;Mercado de Legumes
137;271;2022-09-15;796;Gray, Kim and Doyle;2023-09-10;Chair;near;;;Mercado de Fruta
340;244;2023-01-15;1167;James Inc;2024-10-08;School;write;165.0;full;Mercado de Fruta
2;269;2025-10-26;1862;Rogers, Fernandez and Perez;2023-11-29;Rock;figure;176.0;price;Mercado de Legumes
2;269;2025-10-26;1862;Rogers, Fernandez and Perez;2023-11-29;Rock;figure;199.0;lot;Mercado de Legumes
300;845;2023-01-17;3896;Saunders-Marshall;2022-10-25;Challenge;performance;;;Mercado de Legumes
220;427;2026-01-07;4922;Sharp-Williams;2024-08-10;Task;education;;;Mercado de Fruta
308;578;2022-10-02;108;Jones, Harrington and Herrera;2024-03-21;Sister;party;;;Mercado de Legumes
272;63;2024-07-23;496;Barrett PLC;2022-06-07;Paper;street;;;Mercado de Flores
325;99;2022-01-06;1404;Barrett Group;2022-12-07;Dream;inside;;;Mercado de Flores
495;237;2020-11-23;2943;Miller, Cherry and Torres;2025-12-22;Street;check;;;Mercado de Flores
468;807;2022-07-12;3869;Crawford, Barnes and Aguilar;2021-04-19;To;nice;;;Mercado de Flores
73;671;2025-08-05;4115;Adams, Lamb and Ellis;2022-05-26;Miss;level;;;Mercado de Legumes
428;745;2020-09-16;2526;Baldwin-Chandler;2022-06-04;Large;nature;141.0;think;Mercado de Fruta
26;240;2021-04-17;1082;Barron, Dodson and Baker;2024-07-08;Describe;attorney;;;Mercado de Flores
302;867;2022-07-02;651;Howard-Palmer;2022-03-21;Culture;turn;;;Mercado de Flores
289;227;2022-03-10;2188;Spencer-Carter;2026-01-20;Still;religious;;;Mercado de Legumes
112;170;2023-08-24;3502;Colon, King and Evans;2022-10-21;Argue;reality;;;Mercado de Legumes
405;764;2025-03-23;3839;Valenzuela-Meyer;2024-09-09;;friend;;;Mercado de Legumes
288;487;2025-11-09;2344;Hicks, Griffin and Craig;2026-01-22;Court;address;33.0;conference;Mercado de Fruta
180;178;2024-10-18;4132;Tran-Huynh;2021-10-01;Series;must;3.0;teach;Mercado de Fruta
238;110;2024-11-17;309;Whitney, Kim and Moore;2025-02-23;Our;manage;;;Mercado de Legumes
263;434;2024-02-03;2655;Hicks, Peterson and Ayala;2022-05-20;Energy;marriage;45.0;total;Mercado de Legumes
263;434;2024-02-03;2655;Hicks, Peterson and Ayala;2022-05-20;Energy;marriage;53.0;ago;Mercado de Legumes
431;584;2023-10-18;4740;Taylor Inc;2024-08-22;Consumer;half;104.0;account;Mercado de Legumes
114;87;2025-04-06;4434;Powers, Friedman and Atkinson;2025-12-03;Early;my;;;Mercado de Flores
7;208;2026-01-17;4089;Davis, Armstrong and Brown;2023-02-05;National;people;;;Mercado de Fruta
225;598;2026-01-06;426;Bradley-Phillips;2021-10-31;Oil;speech;;;Mercado de Fruta
465;666;2022-09-12;1192;Smith-King;2025-09-06;Measure;focus;;;Mercado de Flores
83;165;2020-07-08;4411;Graham LLC;2022-11-25;Partner;leave;154.0;tree;Mercado de Flores
30;678;2022-03-24;2266;Vargas, Santiago and Mcdonald;2024-10-25;To;contain;;;Mercado de Flores
60;407;2022-02-06;2354;Brown, Ortega and Moran;2023-07-07;Admit;administration;;;Mercado de Legumes
236;266;2021-08-28;433;Butler, Williams and Hoffman;2023-04-13;Speak;fill;;;Mercado de Legumes
358;193;2024-09-26;372;Mccormick and Sons;2023-11-06;Born;across;24.0;during;Mercado de Fruta
358;193;2024-09-26;372;Mccormick and Sons;2023-11-06;Born;across;138.0;democratic;Mercado de Fruta
87;539;2023-05-23;828;Mason Inc;2025-07-04;Whom;what;;;Mercado de Legumes
182;748;2022-12-03;4327;Moore, Rivera and Nguyen;2024-06-18;But;until;;;Mercado de Fruta
318;626;2022-06-28;1256;Gutierrez, Cisneros and Phillips;2021-07-28;Energy;base;;;Mercado de Legumes
217;48;2025-09-17;1868;Moore, Guzman and Moore;2022-12-25;Man;serious;;;Mercado de Flores
220;568;2024-11-06;2329;Sharp-Williams;2024-08-10;Wonder;bag;;;Mercado de Fruta
87;842;2025-12-04;4981;Mason Inc;2025-07-04;Travel;occur;;;Mercado de Legumes
237;224;2024-05-08;757;Holland-Mckay;2025-02-19;Rather;source;128.0;so;Mercado de Legumes
253;823;2022-11-11;2343;Kelley Ltd;2023-12-20;Music;certainly;;;Mercado de Fruta
50;429;2024-04-27;4885;Maldonado and Sons;2021-06-01;Must;future;;;Mercado de Flores
444;667;2025-12-09;3308;Mack-Castillo;2024-04-27;Best;phone;;;Mercado de Fruta
158;458;2022-04-24;4592;Moon Group;2024-08-28;Eat;list;;;Mercado de Legumes
187;47;2022-08-30;2592;Hanson, White and Jackson;2024-06-25;It;form;;;Mercado de Legumes
47;400;2021-06-20;4294;Benjamin-Reed;2024-09-25;Season;whatever;;;Mercado de Fruta
258;279;2024-05-31;1698;Sims, Miller and Chavez;2021-06-01;Red;join;;;Mercado de Flores
203;616;2022-09-16;3786;Roberts LLC;2024-09-29;Side;drive;;;Mercado de Fruta
126;898;2022-09-08;2684;Patterson-Oconnor;2023-06-03;Million;role;;;Mercado de Fruta
461;351;2025-07-19;3187;Smith-Stanley;2021-06-23;Enough;character;;;Mercado de Flores
326;32;2025-10-02;1883;Jackson Group;2024-02-03;The;ball;;;Mercado de Legumes
234;67;2023-01-13;460;Yates LLC;2025-03-18;Money;inside;87.0;audience;Mercado de Fruta
234;67;2023-01-13;460;Yates LLC;2025-03-18;Money;inside;164.0;where;Mercado de Fruta
36;834;2022-05-12;100;Williams Inc;2025-02-07;Interesting;unit;152.0;increase;Mercado de Flores
219;736;2020-10-07;3996;Adams-Ferguson;2024-08-20;Design;author;151.0;event;Mercado de Fruta
316;697;2021-06-12;3654;Rodriguez, Huff and Holland;2024-08-16;Actually;still;;;Mercado de Fruta
14;698;2022-10-27;3104;Harrison-Moore;2024-09-28;Age;him;;;Mercado de Legumes
317;682;2021-09-30;2238;Snyder and Sons;2021-07-03;Wrong;organization;;;Mercado de Fruta
354;608;2024-08-01;3725;Martinez, Sanchez and Smith;2023-08-21;Answer;size;;;Mercado de Legumes
165;214;2021-10-10;1253;Williams, Griffith and Craig;2025-01-08;Available;evidence;39.0;away;Mercado de Fruta
28;467;2025-08-31;140;Hancock, Walker and Miller;2022-11-08;Focus;democratic;;;Mercado de Legumes
17;178;2022-02-21;2887;Roberts LLC;2023-12-21;Series;must;185.0;truth;Mercado de Fruta
88;117;2024-05-30;4448;Brewer Ltd;2023-01-19;It;senior;;;Mercado de Flores
116;828;2023-09-11;3449;Williams, Anderson and Lopez;2025-02-13;Training;finish;28.0;difference;Mercado de Flores
381;419;2022-05-29;1875;Hunter-Wood;2023-06-13;Available;citizen;;;Mercado de Legumes
294;838;2023-04-20;1603;Jones, Leon and Edwards;2024-02-02;Phone;interview;98.0;human;Mercado de Fruta
420;285;2023-09-07;4697;Brooks Ltd;2021-05-23;Commercial;evidence;;;Mercado de Flores
486;831;2020-10-12;4079;Stewart Inc;2024-10-25;Yard;everyone;180.0;party;Mercado de Flores
290;29;2026-02-10;4787;Hart-Koch;2022-07-24;Different;agency;106.0;finish;Mercado de Legumes
253;546;2025-11-23;1979;Kelley Ltd;2023-12-20;Cover;control;;;Mercado de Flores
29;596;2020-04-11;3125;Mills Group;2024-12-01;Indicate;hear;37.0;sister;Mercado de Legumes
29;596;2020-04-11;3125;Mills Group;2024-12-01;Indicate;hear;174.0;might;Mercado de Legumes
327;451;2020-10-18;3538;Mills, Mclaughlin and Smith;2026-02-09;Check;determine;66.0;certainly;Mercado de Fruta
263;675;2023-04-05;3458;Hicks, Peterson and Ayala;2022-05-20;Land;easy;45.0;total;Mercado de Flores
263;675;2023-04-05;3458;Hicks, Peterson and Ayala;2022-05-20;Land;easy;53.0;ago;Mercado de Flores
95;212;2025-11-15;870;Woods and Sons;2022-04-09;Evidence;night;32.0;follow;Mercado de Legumes
72;650;2022-09-16;1218;Crane-Torres;2022-06-18;Wait;single;86.0;school;Mercado de Legumes
306;834;2023-06-20;1004;Jenkins LLC;2022-02-24;Interesting;unit;;;Mercado de Flores
348;226;2024-11-30;849;Lyons-Mccoy;2021-09-26;Oil;his;76.0;involve;Mercado de Fruta
311;156;2020-02-25;1820;Johnson-Blankenship;2021-09-21;Only;soon;46.0;far;Mercado de Flores
165;371;2023-06-10;1292;Williams, Griffith and Craig;2025-01-08;Price;material;39.0;away;Mercado de Legumes
250;805;2023-06-23;4167;Williams LLC;2024-05-24;Six;entire;;;Mercado de Fruta
289;879;2025-01-07;1665;Spencer-Carter;2026-01-20;Manager;ok;;;Mercado de Flores
245;374;2025-08-01;532;Guzman-Cole;2024-11-20;Establish;here;56.0;design;Mercado de Legumes
388;95;2024-07-15;4569;Gutierrez-Wright;2025-12-14;Sure;lose;;;Mercado de Legumes
123;874;2020-04-19;1726;Rivas LLC;2024-11-01;Win;enjoy;54.0;million;Mercado de Fruta
123;874;2020-04-19;1726;Rivas LLC;2024-11-01;Win;enjoy;108.0;office;Mercado de Fruta
266;135;2022-02-27;2367;Carney-Gomez;2023-01-17;Although;lead;91.0;serious;Mercado de Flores
169;124;2022-03-30;2806;Hall Inc;2025-03-03;Find;how;;;Mercado de Fruta
293;178;2022-04-15;1869;Tyler LLC;2025-11-18;Series;must;;;Mercado de Fruta
412;594;2020-02-02;2356;Young Ltd;2021-10-29;Sure;fight;;;Mercado de Flores
203;73;2025-07-02;507;Roberts LLC;2024-09-29;Organization;relationship;;;Mercado de Fruta
57;149;2020-02-28;948;Lee Inc;2025-11-23;Brother;ball;;;Mercado de Legumes
356;360;2025-04-10;348;Cook, Boyer and Cox;2024-02-10;Television;base;;;Mercado de Flores
497;239;2022-08-15;492;Bowers-Townsend;2022-08-31;Difference;stand;;;Mercado de Legumes
168;138;2025-05-16;3892;Martinez and Sons;2023-10-25;Ten;role;4.0;along;Mercado de Flores
497;700;2021-06-09;203;Bowers-Townsend;2022-08-31;Great;against;;;Mercado de Fruta
118;150;2022-06-23;615;Powell-Foster;2025-08-02;Director;myself;;;Mercado de Flores
184;145;2024-07-09;2378;Moore, Lopez and Santos;2021-12-10;Deal;all;;;Mercado de Fruta
110;302;2022-03-19;1702;Price Inc;2025-10-27;Poor;responsibility;121.0;what;Mercado de Legumes
174;822;2020-01-26;4996;Pope, Perez and Mcdonald;2024-06-19;Medical;scene;;;Mercado de Flores
172;444;2022-08-04;1864;Grant-Jordan;2024-08-24;Really;specific;;;Mercado de Flores
485;889;2023-04-21;1236;Allen and Sons;2023-06-18;Executive;level;;;Mercado de Fruta
284;766;2022-07-21;4957;Wilson, Nixon and Sanchez;2022-10-14;Him;baby;;;Mercado de Fruta
342;426;2021-12-19;4131;Hernandez-King;2022-04-10;Fly;commercial;;;Mercado de Flores
465;850;2022-10-06;3020;Smith-King;2025-09-06;Just;market;;;Mercado de Fruta
141;36;2020-07-15;1434;Gordon LLC;2022-04-11;Identify;movie;;;Mercado de Flores
343;884;2023-06-12;136;Stone, Romero and Walton;2022-02-19;Describe;model;;;Mercado de Legumes
312;586;2020-03-09;4384;Roberts, Sanchez and Cook;2021-10-18;Fact;receive;;;Mercado de Fruta
437;816;2022-01-01;135;Chan Ltd;2026-01-15;Interest;standard;;;Mercado de Flores
267;690;2020-04-24;4989;Wagner Inc;2022-03-29;Modern;strategy;;;Mercado de Flores
150;577;2024-12-25;287;Zhang, Arnold and Richmond;2021-11-15;Feeling;dinner;;;Mercado de Fruta
390;59;2022-08-06;2677;Lawrence, Gardner and Harris;2023-03-17;Himself;move;;;Mercado de Legumes
17;761;2020-11-28;730;Roberts LLC;2023-12-21;Government;system;185.0;truth;Mercado de Legumes
140;993;2020-07-22;1477;Woodard PLC;2021-04-23;Coach;report;;;Mercado de Flores
443;312;2020-12-15;908;Avila Group;2026-01-21;Major;according;7.0;might;Mercado de Flores
443;312;2020-12-15;908;Avila Group;2026-01-21;Major;according;75.0;grow;Mercado de Flores
202;409;2020-01-14;3793;Thomas-Sanders;2025-02-12;Baby;model;;;Mercado de Fruta
288;804;2024-09-22;4663;Hicks, Griffin and Craig;2026-01-22;Include;interview;33.0;conference;Mercado de Flores
465;431;2024-06-27;3529;Smith-King;2025-09-06;A;agent;;;Mercado de Legumes
378;4;2023-09-13;2461;Clark, Sloan and Maldonado;2024-06-22;Sound;myself;;;Mercado de Fruta
206;866;2024-04-29;3862;Glass, Berry and Williams;2024-08-17;Base;compare;;;Mercado de Legumes
94;334;2025-01-15;446;Boyd, Mcdaniel and Marsh;2022-05-03;Tree;certain;16.0;thing;Mercado de Fruta
301;432;2025-03-21;3203;York, Carter and Hernandez;2022-10-28;Soldier;decade;52.0;institution;Mercado de Flores
248;403;2025-04-27;3106;Reese, Flores and Wright;2025-04-24;Choose;beat;;;Mercado de Fruta
327;787;2023-01-14;2398;Mills, Mclaughlin and Smith;2026-02-09;Thank;guess;66.0;certainly;Mercado de Fruta
489;709;2025-04-07;190;Lee, Guerrero and Alexander;2026-01-14;Account;moment;;;Mercado de Fruta
409;344;2023-01-19;1322;Long Ltd;2024-03-21;Piece;million;;;Mercado de Legumes
304;179;2023-05-06;2048;Welch Ltd;2022-10-24;Level;drop;190.0;give;Mercado de Legumes
57;426;2020-11-23;3787;Lee Inc;2025-11-23;Fly;commercial;;;Mercado de Flores
187;334;2020-06-07;2398;Hanson, White and Jackson;2024-06-25;Tree;certain;;;Mercado de Fruta
15;565;2020-12-11;2644;Jackson, Miller and Chang;2024-05-13;Interview;election;;;Mercado de Fruta
22;376;2021-01-22;3687;Hernandez, Cain and Dalton;2021-04-23;Myself;accept;158.0;outside;Mercado de Fruta
335;813;2020-03-14;2725;Webb Inc;2023-03-12;Floor;national;;;Mercado de Flores
53;997;2025-04-26;3459;West-Brewer;2021-11-26;Population;produce;188.0;both;Mercado de Fruta
229;840;2025-11-01;2306;Johnson, Sanders and Lam;2021-09-13;Population;bill;;;Mercado de Flores
352;648;2025-02-02;1217;Brewer-Willis;2024-10-10;Book;score;;;Mercado de Flores
94;364;2021-11-05;852;Boyd, Mcdaniel and Marsh;2022-05-03;Find;learn;16.0;thing;Mercado de Fruta
441;26;2022-02-17;399;Mclaughlin, Hernandez and Fitzpatrick;2025-05-27;Available;yard;;;Mercado de Legumes
250;281;2024-12-09;1799;Williams LLC;2024-05-24;Voice;democratic;;;Mercado de Legumes
289;434;2021-01-30;3202;Spencer-Carter;2026-01-20;Energy;marriage;;;Mercado de Legumes
49;914;2022-03-05;3198;Black and Sons;2021-10-18;Study;choose;;;Mercado de Legumes
480;573;2025-06-09;380;Jones-Chavez;2022-10-24;Speech;whether;99.0;then;Mercado de Flores
480;573;2025-06-09;380;Jones-Chavez;2022-10-24;Speech;whether;131.0;religious;Mercado de Flores
439;167;2024-10-21;3527;Lopez, Jimenez and Miller;2024-03-06;Final;message;;;Mercado de Legumes
398;519;2025-10-10;192;Williams-Reynolds;2021-07-19;Feeling;set;38.0;ten;Mercado de Flores
398;519;2025-10-10;192;Williams-Reynolds;2021-07-19;Feeling;set;200.0;professional;Mercado de Flores
289;274;2023-07-10;4346;Spencer-Carter;2026-01-20;Generation;officer;;;Mercado de Fruta
105;239;2023-10-20;1302;Mccall and Sons;2022-01-20;Difference;stand;5.0;meet;Mercado de Legumes
105;239;2023-10-20;1302;Mccall and Sons;2022-01-20;Difference;stand;187.0;coach;Mercado de Legumes
155;436;2025-01-17;277;Harris-Travis;2023-09-23;Today;impact;;;Mercado de Fruta
380;61;2025-07-04;3404;Hill, Brown and Clark;2023-05-13;Everybody;stay;;;Mercado de Fruta
401;431;2024-08-25;523;Bell, Nelson and Walker;2026-01-20;A;agent;;;Mercado de Legumes
162;472;2021-08-16;198;Jacobs-Watson;2025-05-15;Different;deep;;;Mercado de Fruta
29;980;2020-10-18;1553;Mills Group;2024-12-01;If;meet;37.0;sister;Mercado de Legumes
29;980;2020-10-18;1553;Mills Group;2024-12-01;If;meet;174.0;might;Mercado de Legumes
401;650;2023-09-09;4621;Bell, Nelson and Walker;2026-01-20;Wait;single;;;Mercado de Legumes
57;103;2021-03-30;1945;Lee Inc;2025-11-23;Sound;window;;;Mercado de Fruta
346;732;2025-03-16;3957;Paul, Stewart and Pierce;2024-08-13;Test;type;44.0;house;Mercado de Flores
412;524;2023-12-12;1734;Young Ltd;2021-10-29;Black;very;;;Mercado de Legumes
75;170;2020-02-09;1780;Conley LLC;2025-11-10;Argue;reality;;;Mercado de Legumes
500;123;2020-05-29;1895;Johnson-Anderson;2024-01-02;Morning;box;;;Mercado de Flores
8;469;2021-02-18;3754;Garcia-Lawson;2024-11-18;Throughout;north;;;Mercado de Fruta
432;952;2025-12-12;1180;Wright Group;2021-03-18;Religious;positive;;;Mercado de Fruta
216;717;2022-10-17;4986;Kirk LLC;2025-02-16;Year;mention;74.0;employee;Mercado de Flores
436;918;2023-11-03;3118;Henry, Krueger and Freeman;2021-09-19;Reason;man;;;Mercado de Flores
345;854;2020-03-22;157;Perez-Shannon;2023-09-04;Somebody;once;;;Mercado de Legumes
144;382;2026-01-24;4970;Mercado-Thomas;2024-04-11;Political;Democrat;103.0;need;Mercado de Fruta
366;283;2022-05-29;186;Martinez-West;2024-04-10;Commercial;seat;125.0;add;Mercado de Fruta
212;758;2022-10-30;4169;Mckenzie Ltd;2023-12-02;Every;stock;;;Mercado de Legumes
153;242;2023-05-15;567;Wilson, Spears and Mitchell;2025-04-21;Again;eight;79.0;image;Mercado de Legumes
319;661;2022-06-13;4579;Lee-White;2022-01-14;Line;friend;;;Mercado de Fruta
82;950;2025-09-01;1050;Perez PLC;2022-08-24;Entire;level;;;Mercado de Legumes
214;661;2025-06-09;2858;Weaver LLC;2023-05-04;Line;friend;;;Mercado de Fruta
212;203;2022-08-28;1614;Mckenzie Ltd;2023-12-02;Wind;stock;;;Mercado de Legumes
57;433;2025-07-07;4168;Lee Inc;2025-11-23;Else;customer;;;Mercado de Fruta
332;802;2022-03-16;2978;Dixon and Sons;2022-12-29;Institution;among;;;Mercado de Fruta
249;385;2024-05-03;4893;Dunlap, Cabrera and Thompson;2021-04-23;Position;turn;;;Mercado de Fruta
38;666;2020-05-06;621;Moore LLC;2022-08-15;Measure;focus;;;Mercado de Flores
470;701;2021-05-20;3740;Ray, Hall and Graves;2024-05-10;Important;stock;;;Mercado de Legumes
494;536;2023-02-22;705;Rasmussen Group;2023-04-05;Left;increase;;;Mercado de Legumes
13;831;2023-03-31;1666;Conley, Snyder and Stone;2025-05-01;Yard;everyone;100.0;each;Mercado de Flores
13;831;2023-03-31;1666;Conley, Snyder and Stone;2025-05-01;Yard;everyone;198.0;themselves;Mercado de Flores
498;336;2024-07-12;3596;Walker-Kirk;2024-03-19;Unit;list;;;Mercado de Flores
435;880;2024-02-09;2209;Thompson-Kramer;2024-03-05;Produce;television;;;Mercado de Fruta
312;749;2020-07-17;2806;Roberts, Sanchez and Cook;2021-10-18;Practice;worker;;;Mercado de Legumes
37;429;2020-08-14;880;Meyer-Kim;2022-04-17;Must;future;40.0;do;Mercado de Flores
237;322;2026-01-25;3855;Holland-Mckay;2025-02-19;Democrat;serve;128.0;so;Mercado de Fruta
73;880;2021-03-01;701;Adams, Lamb and Ellis;2022-05-26;Produce;television;;;Mercado de Fruta
328;353;2025-11-30;3490;Lee, Figueroa and Silva;2023-01-06;See;cover;;;Mercado de Legumes
410;352;2020-08-03;4291;Clark Ltd;2021-04-02;Before;minute;;;Mercado de Fruta
108;658;2023-12-29;203;Mejia Ltd;2021-06-22;Able;last;;;Mercado de Fruta
412;950;2022-10-08;3621;Young Ltd;2021-10-29;Entire;level;;;Mercado de Legumes
354;673;2024-05-13;2738;Martinez, Sanchez and Smith;2023-08-21;Night;continue;;;Mercado de Fruta
29;599;2021-11-16;2770;Mills Group;2024-12-01;Friend;along;37.0;sister;Mercado de Legumes
29;599;2021-11-16;2770;Mills Group;2024-12-01;Friend;along;174.0;might;Mercado de Legumes
137;61;2022-08-17;2035;Gray, Kim and Doyle;2023-09-10;Everybody;stay;;;Mercado de Fruta
82;980;2024-05-30;2228;Perez PLC;2022-08-24;If;meet;;;Mercado de Legumes
119;986;2025-06-02;369;Shelton, Odonnell and Williams;2022-11-17;Need;player;;;Mercado de Legumes
92;452;2021-05-02;2217;Perez-Robinson;2024-12-31;Need;tree;;;Mercado de Legumes
235;876;2021-10-24;1243;Walker-Garcia;2025-06-30;End;table;166.0;suffer;Mercado de Flores
464;242;2025-06-12;4351;Morris Ltd;2021-10-01;Again;eight;;;Mercado de Legumes
270;91;2025-08-07;4754;Knight-Alexander;2023-05-25;South;system;175.0;practice;Mercado de Fruta
223;935;2022-12-26;4528;Wilcox, Johnson and Dunlap;2025-04-12;Alone;science;17.0;character;Mercado de Legumes
64;600;2024-07-19;2885;Gonzalez, Vasquez and Powers;2024-07-20;Television;why;;;Mercado de Flores
326;610;2025-11-29;1141;Jackson Group;2024-02-03;To;bad;;;Mercado de Fruta
258;555;2024-05-01;3553;Sims, Miller and Chavez;2021-06-01;Green;particularly;;;Mercado de Flores
362;66;2022-07-07;3670;Mccullough-Mckinney;2024-11-08;Community;majority;94.0;all;Mercado de Flores
362;66;2022-07-07;3670;Mccullough-Mckinney;2024-11-08;Community;majority;157.0;environment;Mercado de Flores
65;376;2021-01-25;3952;Serrano-Hoover;2024-05-14;Myself;accept;144.0;total;Mercado de Fruta
353;721;2020-11-27;3159;Jones-Rollins;2024-02-10;Among;begin;;;Mercado de Fruta
78;597;2020-07-23;3390;Douglas and Sons;2025-06-07;Also;popular;;;Mercado de Flores
379;582;2023-10-09;3446;Ross, Ray and Bean;2023-09-04;Better;no;22.0;join;Mercado de Flores
269;897;2025-10-16;3161;Garcia, Velasquez and James;2024-10-15;Eat;growth;;;Mercado de Flores
472;29;2025-09-25;2898;Camacho Inc;2022-03-16;Different;agency;;;Mercado de Legumes
368;929;2022-03-12;3788;Martin and Sons;2024-01-11;Mrs;avoid;;;Mercado de Legumes
370;322;2020-03-22;2955;Welch Ltd;2021-10-25;Democrat;serve;;;Mercado de Fruta
91;522;2020-02-03;489;Lee-Osborne;2023-03-17;Which;whatever;;;Mercado de Flores
410;396;2026-02-12;4094;Clark Ltd;2021-04-02;Drug;let;;;Mercado de Flores
90;210;2020-05-17;4180;Mitchell-Fisher;2024-12-19;Low;feel;109.0;term;Mercado de Flores
461;763;2021-03-26;859;Smith-Stanley;2021-06-23;Front;former;;;Mercado de Fruta
43;769;2021-01-16;485;Hubbard-Morgan;2026-01-13;Upon;describe;120.0;once;Mercado de Fruta
170;890;2024-10-27;1683;Collins-Campos;2025-06-15;Expect;thousand;;;Mercado de Legumes
284;575;2020-07-30;1036;Wilson, Nixon and Sanchez;2022-10-14;Great;age;;;Mercado de Legumes
219;86;2024-07-23;1006;Adams-Ferguson;2024-08-20;Most;dog;151.0;event;Mercado de Legumes
226;291;2021-10-11;1768;Diaz, Hunt and Jackson;2022-02-06;Check;wife;29.0;ever;Mercado de Flores
226;291;2021-10-11;1768;Diaz, Hunt and Jackson;2022-02-06;Check;wife;78.0;sit;Mercado de Flores
226;291;2021-10-11;1768;Diaz, Hunt and Jackson;2022-02-06;Check;wife;89.0;member;Mercado de Flores
371;712;2024-04-30;897;Wells, Jenkins and Martin;2025-08-30;Industry;purpose;;;Mercado de Fruta
96;474;2024-09-12;1452;Sosa, Newton and Anderson;2022-05-18;Court;truth;;;Mercado de Flores
366;793;2023-10-08;3392;Martinez-West;2024-04-10;Party;situation;125.0;add;Mercado de Fruta
467;46;2024-10-17;4655;Wilson PLC;2021-12-24;Sport;identify;;;Mercado de Fruta
368;960;2021-10-24;4110;Martin and Sons;2024-01-11;Seem;west;;;Mercado de Flores
298;462;2021-06-26;1330;Benson-Travis;2022-07-13;Daughter;compare;34.0;will;Mercado de Flores
372;456;2020-06-25;1399;Nichols, Moore and Meadows;2024-11-05;Kitchen;cultural;;;Mercado de Flores
308;536;2022-05-30;1748;Jones, Harrington and Herrera;2024-03-21;Left;increase;;;Mercado de Legumes
476;179;2023-08-29;713;Johnson-Curtis;2021-06-10;Level;drop;36.0;dream;Mercado de Legumes
229;249;2020-10-27;3595;Johnson, Sanders and Lam;2021-09-13;Kind;organization;;;Mercado de Flores
213;704;2023-11-02;1671;Gonzalez-George;2021-03-23;Defense;star;11.0;off;Mercado de Legumes
488;133;2025-06-21;3817;Rodriguez and Sons;2022-03-26;Ten;international;;;Mercado de Fruta
9;270;2024-08-14;2382;Perez-Hurley;2022-02-11;Article;political;;;Mercado de Flores
377;153;2022-09-30;423;Humphrey-Hancock;2023-12-16;Look;at;;;Mercado de Flores
314;257;2022-08-22;2081;Moody LLC;2024-10-26;If;participant;;;Mercado de Legumes
81;33;2025-12-26;1903;Norton, Mccoy and Torres;2021-07-03;;visit;;;Mercado de Flores
479;535;2025-12-17;4033;Reynolds, Christian and Lopez;2021-07-19;Recognize;name;;;Mercado de Fruta
50;52;2021-06-30;1087;Maldonado and Sons;2021-06-01;Ask;four;;;Mercado de Fruta
181;203;2022-07-09;1927;Jackson, Munoz and Guzman;2025-04-01;Wind;stock;;;Mercado de Legumes
209;168;2020-03-03;2887;Savage, Tran and Atkins;2021-10-19;Address;product;;;Mercado de Flores
438;357;2022-07-10;1065;Reed, Vega and Ho;2022-04-05;One;his;42.0;seem;Mercado de Flores
478;35;2025-11-28;3717;Vaughan, Tucker and Jackson;2023-05-14;Shake;most;;;Mercado de Legumes
88;350;2021-01-26;3309;Brewer Ltd;2023-01-19;Mission;sing;;;Mercado de Legumes
291;178;2023-01-16;3504;Hernandez LLC;2025-09-01;Series;must;;;Mercado de Fruta
350;619;2020-08-28;4810;Medina-Johnson;2023-03-01;Decade;generation;;;Mercado de Fruta
327;626;2020-05-03;3695;Mills, Mclaughlin and Smith;2026-02-09;Energy;base;66.0;certainly;Mercado de Legumes
40;793;2023-02-01;1212;Andrade, Mcclure and Alvarez;2025-08-03;Party;situation;95.0;executive;Mercado de Fruta
406;80;2022-05-04;3360;Rodriguez-Spencer;2022-05-20;Focus;price;;;Mercado de Legumes
62;730;2022-02-24;3093;Dean Group;2023-04-26;Cut;safe;;;Mercado de Fruta
53;216;2021-08-14;1366;West-Brewer;2021-11-26;Sure;well;188.0;both;Mercado de Flores
341;927;2020-08-13;4672;Alvarez, Dunn and Browning;2023-04-02;Middle;enough;;;Mercado de Flores
438;393;2023-04-02;4132;Reed, Vega and Ho;2022-04-05;Tell;eat;42.0;seem;Mercado de Flores
344;201;2022-03-24;1957;Smith-Cochran;2024-06-15;Senior;many;;;Mercado de Flores
25;36;2020-06-14;2829;Scott, Daugherty and Grant;2021-05-04;Identify;movie;155.0;generation;Mercado de Flores
468;623;2024-03-12;4205;Crawford, Barnes and Aguilar;2021-04-19;Art;from;;;Mercado de Legumes
257;359;2020-01-10;2107;Mclaughlin, Noble and Mccall;2023-07-02;Market;sister;;;Mercado de Legumes
157;501;2020-07-23;437;West Group;2021-06-12;Offer;after;;;Mercado de Flores
348;629;2024-08-02;1129;Lyons-Mccoy;2021-09-26;Defense;whom;76.0;involve;Mercado de Legumes
402;592;2023-03-04;2427;Miller-Wagner;2023-04-08;Congress;difficult;;;Mercado de Fruta
480;378;2024-07-17;451;Jones-Chavez;2022-10-24;Under;kitchen;99.0;then;Mercado de Flores
480;378;2024-07-17;451;Jones-Chavez;2022-10-24;Under;kitchen;131.0;religious;Mercado de Flores
4;619;2024-12-04;1396;Compton, Gonzalez and Banks;2021-03-20;Decade;generation;49.0;next;Mercado de Fruta
224;295;2021-06-21;1609;Coleman-Green;2021-04-06;Subject;order;137.0;mission;Mercado de Fruta
246;897;2023-08-05;1222;Wood-Fisher;2025-06-13;Eat;growth;;;Mercado de Flores
231;291;2024-08-31;788;Griffin PLC;2021-03-20;Check;wife;;;Mercado de Flores
493;531;2022-04-01;2542;Blake Group;2025-03-31;Clear;cost;110.0;truth;Mercado de Flores
225;945;2020-04-12;1376;Bradley-Phillips;2021-10-31;Peace;student;;;Mercado de Flores
447;834;2021-12-04;3494;Palmer, Hall and Mcintosh;2023-12-21;Interesting;unit;;;Mercado de Flores
428;712;2025-05-24;4062;Baldwin-Chandler;2022-06-04;Industry;purpose;141.0;think;Mercado de Fruta
125;715;2022-08-22;4963;Rice, Freeman and Brown;2024-12-11;Dog;wish;115.0;reality;Mercado de Fruta
317;311;2022-05-26;1484;Snyder and Sons;2021-07-03;Today;organization;;;Mercado de Legumes
282;719;2023-12-26;1846;Wilson LLC;2025-01-17;Contain;memory;130.0;billion;Mercado de Legumes
282;719;2023-12-26;1846;Wilson LLC;2025-01-17;Contain;memory;167.0;wonder;Mercado de Legumes
204;917;2023-05-26;2063;Flynn-Knight;2023-08-04;Everyone;sense;;;Mercado de Legumes
245;398;2023-07-07;4333;Guzman-Cole;2024-11-20;Fact;expect;56.0;design;Mercado de Legumes
212;595;2025-05-04;1533;Mckenzie Ltd;2023-12-02;Especially;staff;;;Mercado de Fruta
326;59;2023-11-10;1642;Jackson Group;2024-02-03;Himself;move;;;Mercado de Legumes
26;443;2020-03-24;3787;Barron, Dodson and Baker;2024-07-08;Several;hand;;;Mercado de Legumes
256;557;2025-06-10;4106;Martinez and Sons;2022-09-09;Heavy;order;6.0;bar;Mercado de Legumes
235;666;2023-06-14;875;Walker-Garcia;2025-06-30;Measure;focus;166.0;suffer;Mercado de Flores
313;816;2022-02-11;1333;Stout-Rodgers;2022-09-19;Interest;standard;92.0;why;Mercado de Flores
150;789;2023-05-28;4287;Zhang, Arnold and Richmond;2021-11-15;Her;fear;;;Mercado de Flores
92;85;2020-07-09;2585;Perez-Robinson;2024-12-31;Through;south;;;Mercado de Fruta
500;988;2024-03-15;1812;Johnson-Anderson;2024-01-02;Near;foreign;;;Mercado de Fruta
213;589;2024-01-15;1773;Gonzalez-George;2021-03-23;Environmental;strategy;11.0;off;Mercado de Fruta
111;325;2021-07-05;708;Huff-Garcia;2024-06-20;Politics;simple;;;Mercado de Fruta
143;369;2022-06-14;1492;Flores and Sons;2024-12-02;Oil;likely;;;Mercado de Flores
476;121;2022-12-10;2199;Johnson-Curtis;2021-06-10;Everyone;whatever;36.0;dream;Mercado de Fruta
256;223;2024-10-14;143;Martinez and Sons;2022-09-09;Recognize;because;6.0;bar;Mercado de Fruta
434;601;2022-07-02;997;Reyes LLC;2023-06-10;Item;president;;;Mercado de Fruta
227;981;2024-11-05;4281;Mitchell, Hernandez and Smith;2023-04-11;Force;give;;;Mercado de Flores
253;460;2024-04-04;4492;Kelley Ltd;2023-12-20;Across;others;;;Mercado de Fruta
355;100;2022-01-03;3485;Snyder-Kane;2024-09-28;Stuff;physical;;;Mercado de Fruta
392;858;2024-03-04;597;Nelson-Donaldson;2024-05-14;Coach;concern;107.0;sense;Mercado de Flores
334;630;2024-07-28;2203;Hernandez-Mason;2024-04-05;Give;generation;140.0;ok;Mercado de Flores
22;316;2021-02-16;2902;Hernandez, Cain and Dalton;2021-04-23;Where;so;158.0;outside;Mercado de Fruta
370;167;2020-12-20;1764;Welch Ltd;2021-10-25;Final;message;;;Mercado de Legumes
302;880;2022-02-27;2945;Howard-Palmer;2022-03-21;Produce;television;;;Mercado de Fruta
355;322;2022-09-24;242;Snyder-Kane;2024-09-28;Democrat;serve;;;Mercado de Fruta
220;453;2023-11-07;3044;Sharp-Williams;2024-08-10;Require;situation;;;Mercado de Flores
445;942;2024-07-01;4374;Rodriguez LLC;2023-11-14;Bill;reason;;;Mercado de Flores
177;714;2020-10-13;2412;Jenkins-Ramos;2023-10-01;Range;late;;;Mercado de Flores
44;508;2025-02-02;4890;Johnson, Hooper and Norton;2022-03-04;Shoulder;garden;;;Mercado de Fruta
61;697;2021-10-20;1972;Stewart, Hopkins and Williams;2021-12-31;Actually;still;;;Mercado de Fruta
476;245;2025-01-13;2277;Johnson-Curtis;2021-06-10;Contain;boy;36.0;dream;Mercado de Legumes
392;571;2020-03-17;2776;Nelson-Donaldson;2024-05-14;Wife;bill;107.0;sense;Mercado de Fruta
471;713;2022-06-13;1016;Mason-Rogers;2025-10-13;Send;thought;;;Mercado de Legumes
256;12;2020-03-12;4602;Martinez and Sons;2022-09-09;Not;Congress;6.0;bar;Mercado de Flores
494;59;2023-05-26;3680;Rasmussen Group;2023-04-05;Himself;move;;;Mercado de Legumes
411;105;2021-06-11;4198;Howard-Gomez;2021-12-18;Dog;fish;62.0;care;Mercado de Flores
68;411;2022-12-08;3576;Howard-Olson;2023-03-02;Establish;author;;;Mercado de Flores
12;525;2022-01-06;1827;Bradley LLC;2024-08-05;Writer;way;;;Mercado de Flores
94;264;2023-09-22;4027;Boyd, Mcdaniel and Marsh;2022-05-03;Blood;foot;16.0;thing;Mercado de Flores
312;731;2023-04-15;2095;Roberts, Sanchez and Cook;2021-10-18;By;finally;;;Mercado de Legumes
175;196;2022-05-07;2316;Alvarado, Cobb and Dillon;2023-09-19;Soldier;whatever;85.0;over;Mercado de Fruta
55;661;2023-05-09;2000;Hill, Allen and Rodriguez;2022-07-31;Line;friend;114.0;ability;Mercado de Fruta
222;100;2021-08-25;3412;Fisher, Dawson and Saunders;2021-12-24;Stuff;physical;;;Mercado de Fruta
212;476;2021-12-20;2325;Mckenzie Ltd;2023-12-02;Money;project;;;Mercado de Legumes
62;938;2021-07-29;165;Dean Group;2023-04-26;Within;a;;;Mercado de Legumes
287;237;2021-10-26;4671;Bailey, Bush and Hernandez;2024-12-15;Street;check;148.0;room;Mercado de Flores
157;365;2024-08-15;1627;West Group;2021-06-12;Main;thank;;;Mercado de Legumes
27;433;2025-02-01;4679;Mosley-Kim;2023-04-06;Else;customer;;;Mercado de Fruta
340;48;2024-08-06;2757;James Inc;2024-10-08;Man;serious;165.0;full;Mercado de Flores
401;503;2021-09-27;1271;Bell, Nelson and Walker;2026-01-20;Product;society;;;Mercado de Legumes
485;859;2025-03-27;1865;Allen and Sons;2023-06-18;Room;PM;;;Mercado de Fruta
201;413;2020-12-31;421;Swanson Group;2022-06-11;Really;traditional;195.0;state;Mercado de Legumes
386;401;2023-03-12;972;Hayden-Ellis;2026-01-01;Admit;politics;;;Mercado de Legumes
178;432;2024-01-23;4148;Hernandez, Lewis and Shields;2025-07-25;Soldier;decade;97.0;pay;Mercado de Flores
471;995;2021-08-03;1075;Mason-Rogers;2025-10-13;Skin;hundred;;;Mercado de Legumes
435;997;2022-02-21;789;Thompson-Kramer;2024-03-05;Population;produce;;;Mercado de Fruta
290;742;2025-12-25;3599;Hart-Koch;2022-07-24;Become;recognize;106.0;finish;Mercado de Fruta
5;633;2025-06-22;4651;Hart, Ramsey and Diaz;2021-03-14;Action;its;113.0;tend;Mercado de Flores
257;401;2020-05-09;279;Mclaughlin, Noble and Mccall;2023-07-02;Admit;politics;;;Mercado de Legumes
1;775;2025-11-26;4779;Cooper and Sons;2022-04-26;Same;coach;;;Mercado de Fruta
432;705;2024-05-01;433;Wright Group;2021-03-18;Size;whole;;;Mercado de Flores
280;225;2022-11-20;3769;Fitzgerald, Good and Curtis;2021-09-14;Rule;industry;68.0;glass;Mercado de Flores
280;225;2022-11-20;3769;Fitzgerald, Good and Curtis;2021-09-14;Rule;industry;186.0;ball;Mercado de Flores
295;976;2024-11-06;3852;Sandoval, Castillo and Golden;2025-02-04;Network;almost;;;Mercado de Fruta
468;646;2022-02-02;3520;Crawford, Barnes and Aguilar;2021-04-19;Important;face;;;Mercado de Fruta
249;109;2020-08-11;3429;Dunlap, Cabrera and Thompson;2021-04-23;Degree;one;;;Mercado de Fruta
258;182;2022-05-26;3856;Sims, Miller and Chavez;2021-06-01;Management;pattern;;;Mercado de Legumes
191;553;2020-11-14;3453;Cross, Skinner and Hart;2022-12-01;Pick;member;;;Mercado de Fruta
32;801;2023-12-18;3797;Arnold, Hernandez and Hines;2022-10-16;Special;the;51.0;sense;Mercado de Flores
490;538;2020-09-05;3743;Pruitt-Young;2021-04-13;Team;word;;;Mercado de Fruta
3;887;2022-11-27;3304;Cruz, Hurley and Graham;2024-07-17;Remember;friend;;;Mercado de Legumes
84;749;2025-08-17;335;Daniels LLC;2023-11-15;Practice;worker;;;Mercado de Legumes
403;672;2020-02-08;4967;Reynolds PLC;2023-07-11;Total;hold;70.0;score;Mercado de Flores
326;800;2021-01-14;1775;Jackson Group;2024-02-03;Account;whom;;;Mercado de Legumes
15;829;2021-04-11;395;Jackson, Miller and Chang;2024-05-13;Fall;outside;;;Mercado de Fruta
336;120;2021-05-27;3412;Michael and Sons;2022-10-12;Several;blue;;;Mercado de Flores
47;653;2022-06-26;404;Benjamin-Reed;2024-09-25;Loss;east;;;Mercado de Legumes
346;421;2022-01-02;535;Paul, Stewart and Pierce;2024-08-13;Director;fine;44.0;house;Mercado de Fruta
455;192;2023-10-28;3196;Giles, Lewis and Sampson;2021-08-24;Line;police;;;Mercado de Flores
292;74;2021-07-21;662;Johnson-Garcia;2022-04-20;Then;no;;;Mercado de Legumes
14;170;2024-01-25;4030;Harrison-Moore;2024-09-28;Argue;reality;;;Mercado de Legumes
184;642;2023-04-04;4881;Moore, Lopez and Santos;2021-12-10;Money;section;;;Mercado de Flores
377;230;2021-01-18;1815;Humphrey-Hancock;2023-12-16;Theory;study;;;Mercado de Legumes
186;637;2024-07-12;1356;Glass LLC;2021-02-27;Well;determine;;;Mercado de Fruta
392;790;2023-02-26;4108;Nelson-Donaldson;2024-05-14;Several;politics;107.0;sense;Mercado de Fruta
79;982;2020-07-17;3886;Lopez, Newton and Rivera;2021-03-22;Their;ever;;;Mercado de Fruta
19;271;2024-12-18;3168;Taylor Group;2023-12-11;Chair;near;;;Mercado de Fruta
21;213;2025-05-16;1249;Williams, Martinez and Gentry;2021-03-07;Despite;environment;;;Mercado de Flores
198;50;2022-02-28;485;Bradley PLC;2021-04-20;Up;foot;;;Mercado de Legumes
144;330;2023-08-21;2837;Mercado-Thomas;2024-04-11;Because;now;103.0;need;Mercado de Flores
54;287;2020-09-03;3505;Schroeder, Hahn and Miller;2021-03-11;Find;discussion;;;Mercado de Legumes
446;517;2022-10-13;4811;Duffy-Molina;2022-11-01;Which;ago;93.0;paper;Mercado de Fruta
434;128;2023-09-29;511;Reyes LLC;2023-06-10;Employee;each;;;Mercado de Legumes
92;713;2025-10-27;1625;Perez-Robinson;2024-12-31;Send;thought;;;Mercado de Legumes
480;470;2021-05-21;3368;Jones-Chavez;2022-10-24;Into;his;99.0;then;Mercado de Legumes
480;470;2021-05-21;3368;Jones-Chavez;2022-10-24;Into;his;131.0;religious;Mercado de Legumes
433;756;2021-02-20;4543;Ballard-Orozco;2024-02-08;Short;blue;136.0;of;Mercado de Flores
34;441;2020-10-19;613;Martinez, Beck and Moyer;2022-10-22;Serious;above;47.0;too;Mercado de Flores
481;349;2021-08-24;584;Green, Price and Lucas;2024-01-29;Hour;think;;;Mercado de Fruta
124;674;2024-10-12;4507;Baker Inc;2021-05-29;Remain;voice;72.0;language;Mercado de Legumes
438;882;2023-05-10;1510;Reed, Vega and Ho;2022-04-05;Station;possible;42.0;seem;Mercado de Flores
425;685;2025-12-06;1724;Sims PLC;2023-09-28;Ask;good;58.0;different;Mercado de Fruta
425;685;2025-12-06;1724;Sims PLC;2023-09-28;Ask;good;193.0;exactly;Mercado de Fruta
425;685;2025-12-06;1724;Sims PLC;2023-09-28;Ask;good;196.0;personal;Mercado de Fruta
465;307;2021-06-05;2979;Smith-King;2025-09-06;Traditional;appear;;;Mercado de Fruta
181;487;2023-11-08;643;Jackson, Munoz and Guzman;2025-04-01;Court;address;;;Mercado de Fruta
150;408;2025-02-18;4879;Zhang, Arnold and Richmond;2021-11-15;Agree;represent;;;Mercado de Flores
498;102;2024-09-10;586;Walker-Kirk;2024-03-19;We;office;;;Mercado de Flores
146;595;2021-11-30;3751;Christian, Lee and Stewart;2024-07-08;Especially;staff;126.0;enter;Mercado de Fruta
217;905;2021-11-16;2781;Moore, Guzman and Moore;2022-12-25;Economic;meet;;;Mercado de Legumes
384;266;2022-08-31;1981;Gilbert, Schmidt and Macias;2025-03-21;Speak;fill;161.0;policy;Mercado de Legumes
126;79;2021-07-02;1924;Patterson-Oconnor;2023-06-03;Discuss;style;;;Mercado de Fruta
461;873;2023-01-15;1793;Smith-Stanley;2021-06-23;Strategy;success;;;Mercado de Flores
47;377;2020-01-16;2576;Benjamin-Reed;2024-09-25;Structure;debate;;;Mercado de Legumes
214;118;2023-02-20;4382;Weaver LLC;2023-05-04;Determine;recognize;;;Mercado de Fruta
32;965;2021-11-11;3957;Arnold, Hernandez and Hines;2022-10-16;Crime;simple;51.0;sense;Mercado de Legumes
172;718;2021-12-20;2068;Grant-Jordan;2024-08-24;Eight;gun;;;Mercado de Fruta
400;662;2023-11-15;4535;Davis Group;2024-10-27;Customer;current;13.0;coach;Mercado de Legumes
363;406;2024-08-03;2975;Adams Group;2023-01-02;Go;ability;27.0;college;Mercado de Fruta
363;406;2024-08-03;2975;Adams Group;2023-01-02;Go;ability;170.0;clearly;Mercado de Fruta
385;936;2023-04-30;2733;Gonzalez Group;2024-02-14;Dream;speak;;;Mercado de Flores
450;666;2021-05-15;3666;Calderon, May and Davis;2023-01-09;Measure;focus;171.0;wait;Mercado de Flores
408;605;2023-10-10;2624;Wright-Jones;2022-01-26;Do;large;;;Mercado de Legumes
433;266;2020-03-25;413;Ballard-Orozco;2024-02-08;Speak;fill;136.0;of;Mercado de Legumes
391;915;2021-05-29;525;Travis PLC;2023-06-04;Number;Congress;;;Mercado de Flores
16;438;2021-01-19;2582;Barber, Dominguez and Smith;2024-03-10;Attack;have;122.0;any;Mercado de Flores
16;438;2021-01-19;2582;Barber, Dominguez and Smith;2024-03-10;Attack;have;160.0;meet;Mercado de Flores
16;438;2021-01-19;2582;Barber, Dominguez and Smith;2024-03-10;Attack;have;192.0;single;Mercado de Flores
217;425;2023-03-04;1164;Moore, Guzman and Moore;2022-12-25;Party;yes;;;Mercado de Legumes
251;495;2020-01-02;4813;Fernandez Inc;2021-07-16;Medical;interesting;59.0;western;Mercado de Flores
164;191;2025-10-25;4800;Acevedo-Potts;2021-06-29;Before;middle;;;Mercado de Legumes
340;282;2025-07-15;1128;James Inc;2024-10-08;Notice;peace;165.0;full;Mercado de Flores
257;122;2024-08-19;1677;Mclaughlin, Noble and Mccall;2023-07-02;North;eight;;;Mercado de Legumes
395;840;2025-10-02;2236;Santana-Ray;2022-09-09;Population;bill;;;Mercado de Flores
416;270;2020-10-10;2271;Richardson LLC;2022-12-31;Article;political;;;Mercado de Flores
298;788;2021-08-31;321;Benson-Travis;2022-07-13;Brother;meet;34.0;will;Mercado de Legumes
327;347;2023-12-04;2350;Mills, Mclaughlin and Smith;2026-02-09;Speak;far;66.0;certainly;Mercado de Legumes
295;790;2025-11-29;3924;Sandoval, Castillo and Golden;2025-02-04;Several;politics;;;Mercado de Fruta
178;18;2020-06-15;2077;Hernandez, Lewis and Shields;2025-07-25;Large;skill;97.0;pay;Mercado de Flores
146;655;2024-08-07;762;Christian, Lee and Stewart;2024-07-08;Water;truth;126.0;enter;Mercado de Fruta
132;517;2021-07-10;3267;Branch and Sons;2021-12-10;Which;ago;69.0;exist;Mercado de Fruta
322;31;2023-07-20;4232;Elliott Group;2024-07-27;Security;marriage;;;Mercado de Fruta
370;404;2020-10-26;3763;Welch Ltd;2021-10-25;He;read;;;Mercado de Legumes
166;357;2025-06-30;1436;Savage-Martin;2025-07-07;One;his;;;Mercado de Flores
467;97;2024-02-23;1632;Wilson PLC;2021-12-24;Dog;all;;;Mercado de Fruta
35;460;2020-05-10;804;Nolan, Jones and Gordon;2021-04-03;Across;others;61.0;record;Mercado de Fruta
255;334;2021-08-24;1963;Rodriguez Inc;2021-07-28;Tree;certain;;;Mercado de Fruta
51;508;2024-06-14;4325;Mueller-Herrera;2022-08-02;Shoulder;garden;;;Mercado de Fruta
112;257;2023-12-27;4498;Colon, King and Evans;2022-10-21;If;participant;;;Mercado de Legumes
341;289;2025-11-25;2797;Alvarez, Dunn and Browning;2023-04-02;Get;six;;;Mercado de Fruta
330;222;2021-09-08;341;Robinson LLC;2022-07-27;Evening;happen;;;Mercado de Flores
206;931;2020-01-17;1520;Glass, Berry and Williams;2024-08-17;Nearly;water;;;Mercado de Fruta
137;483;2023-02-13;4457;Gray, Kim and Doyle;2023-09-10;Lead;chair;;;Mercado de Flores
243;813;2021-11-04;4880;Jensen, Flores and Barnes;2021-07-05;Floor;national;;;Mercado de Flores
230;324;2026-02-17;4548;Shelton Inc;2023-04-03;Reach;upon;169.0;hot;Mercado de Flores
474;239;2023-10-01;1056;Alvarez, Lee and Lopez;2021-04-28;Difference;stand;127.0;through;Mercado de Legumes
474;239;2023-10-01;1056;Alvarez, Lee and Lopez;2021-04-28;Difference;stand;163.0;party;Mercado de Legumes
93;663;2021-12-08;2441;Russell Ltd;2025-01-13;Financial;charge;194.0;quickly;Mercado de Flores
19;20;2023-06-15;1287;Taylor Group;2023-12-11;Increase;field;;;Mercado de Legumes
278;27;2022-10-07;3251;Morrow-Compton;2025-06-19;Republican;trouble;90.0;star;Mercado de Flores
84;753;2024-09-12;3505;Daniels LLC;2023-11-15;First;last;;;Mercado de Flores
157;56;2022-10-10;449;West Group;2021-06-12;Forward;note;;;Mercado de Legumes
411;745;2020-12-06;671;Howard-Gomez;2021-12-18;Large;nature;62.0;care;Mercado de Fruta
2;846;2020-07-07;1883;Rogers, Fernandez and Perez;2023-11-29;Wind;training;176.0;price;Mercado de Flores
2;846;2020-07-07;1883;Rogers, Fernandez and Perez;2023-11-29;Wind;training;199.0;lot;Mercado de Flores
485;485;2024-11-22;1985;Allen and Sons;2023-06-18;However;debate;;;Mercado de Legumes
169;501;2020-09-17;3656;Hall Inc;2025-03-03;Offer;after;;;Mercado de Flores
241;572;2024-11-26;267;Bates-Rivera;2022-09-06;Player;million;;;Mercado de Legumes
353;685;2020-05-12;2264;Jones-Rollins;2024-02-10;Ask;good;;;Mercado de Fruta
205;823;2021-03-15;3050;Turner-Cook;2023-12-03;Music;certainly;;;Mercado de Fruta
87;575;2021-02-18;4880;Mason Inc;2025-07-04;Great;age;;;Mercado de Legumes
383;88;2020-07-03;4036;Price-Pearson;2022-09-23;Floor;reach;;;Mercado de Fruta
355;177;2023-04-19;3160;Snyder-Kane;2024-09-28;Sister;able;;;Mercado de Flores
329;58;2023-01-30;2353;Miller LLC;2023-07-20;Animal;occur;35.0;mean;Mercado de Fruta
99;563;2021-04-10;965;Stokes, Taylor and Wallace;2023-11-03;Door;pay;147.0;miss;Mercado de Legumes
99;563;2021-04-10;965;Stokes, Taylor and Wallace;2023-11-03;Door;pay;168.0;party;Mercado de Legumes
346;315;2025-09-18;1896;Paul, Stewart and Pierce;2024-08-13;Attorney;financial;44.0;house;Mercado de Flores
111;827;2025-09-05;1463;Huff-Garcia;2024-06-20;Million;air;;;Mercado de Legumes
474;198;2021-12-24;923;Alvarez, Lee and Lopez;2021-04-28;Personal;religious;127.0;through;Mercado de Flores
474;198;2021-12-24;923;Alvarez, Lee and Lopez;2021-04-28;Personal;religious;163.0;party;Mercado de Flores
406;398;2022-03-04;566;Rodriguez-Spencer;2022-05-20;Fact;expect;;;Mercado de Legumes
63;673;2022-02-21;1156;Castro, Sherman and Flores;2025-12-01;Night;continue;;;Mercado de Fruta
318;294;2021-08-09;1579;Gutierrez, Cisneros and Phillips;2021-07-28;Discussion;toward;;;Mercado de Flores
224;310;2025-12-06;3237;Coleman-Green;2021-04-06;Wind;situation;137.0;mission;Mercado de Fruta
84;470;2025-01-07;2061;Daniels LLC;2023-11-15;Into;his;;;Mercado de Legumes
386;197;2020-07-20;479;Hayden-Ellis;2026-01-01;Address;offer;;;Mercado de Legumes
223;253;2021-11-11;2283;Wilcox, Johnson and Dunlap;2025-04-12;Concern;responsibility;17.0;character;Mercado de Fruta
160;430;2026-01-11;4943;Marshall and Sons;2024-12-11;Piece;our;63.0;sit;Mercado de Fruta
359;192;2021-03-27;2037;Thompson-Miller;2025-10-31;Line;police;;;Mercado de Flores
372;852;2021-12-31;4660;Nichols, Moore and Meadows;2024-11-05;Off;another;;;Mercado de Flores
314;141;2025-12-27;3129;Moody LLC;2024-10-26;Doctor;year;;;Mercado de Flores
100;112;2020-10-07;4119;Brown PLC;2025-07-17;Happen;human;;;Mercado de Fruta
214;605;2023-05-15;1191;Weaver LLC;2023-05-04;Do;large;;;Mercado de Legumes
123;424;2024-11-11;3245;Rivas LLC;2024-11-01;Brother;interesting;54.0;million;Mercado de Fruta
123;424;2024-11-11;3245;Rivas LLC;2024-11-01;Brother;interesting;108.0;office;Mercado de Fruta
351;215;2022-03-14;1558;Curtis Inc;2024-10-01;Whom;wear;101.0;both;Mercado de Legumes
109;230;2021-01-29;4189;Sanchez-Atkinson;2024-07-27;Theory;study;;;Mercado de Legumes
241;673;2023-11-28;1269;Bates-Rivera;2022-09-06;Night;continue;;;Mercado de Fruta
309;746;2021-04-17;2104;Maldonado-Macias;2021-03-27;Source;rather;;;Mercado de Legumes
355;538;2024-07-16;3442;Snyder-Kane;2024-09-28;Team;word;;;Mercado de Fruta
330;211;2023-12-31;2137;Robinson LLC;2022-07-27;Across;prove;;;Mercado de Fruta
73;15;2020-02-01;2783;Adams, Lamb and Ellis;2022-05-26;Fast;character;;;Mercado de Flores
200;652;2021-07-14;690;Hernandez, Rojas and Rodriguez;2024-02-06;Thought;provide;;;Mercado de Fruta
282;25;2023-11-12;4326;Wilson LLC;2025-01-17;The;magazine;130.0;billion;Mercado de Fruta
282;25;2023-11-12;4326;Wilson LLC;2025-01-17;The;magazine;167.0;wonder;Mercado de Fruta
465;694;2022-10-09;3371;Smith-King;2025-09-06;Again;nature;;;Mercado de Fruta
53;634;2021-07-01;3377;West-Brewer;2021-11-26;Feeling;near;188.0;both;Mercado de Fruta
458;246;2020-05-22;4019;Long, Walker and Allison;2025-03-29;Somebody;thought;;;Mercado de Flores
122;357;2023-08-08;1683;Scott-Bowers;2024-12-19;One;his;;;Mercado de Flores
379;273;2021-11-24;4165;Ross, Ray and Bean;2023-09-04;Whom;book;22.0;join;Mercado de Flores
442;364;2024-10-05;916;Savage Ltd;2025-04-01;Find;learn;;;Mercado de Fruta
225;897;2024-08-08;799;Bradley-Phillips;2021-10-31;Eat;growth;;;Mercado de Flores
76;770;2025-09-10;1694;Sparks Ltd;2022-05-22;Quite;end;;;Mercado de Legumes
257;192;2020-11-15;953;Mclaughlin, Noble and Mccall;2023-07-02;Line;police;;;Mercado de Flores
409;758;2024-12-08;134;Long Ltd;2024-03-21;Every;stock;;;Mercado de Legumes
257;845;2020-09-30;4799;Mclaughlin, Noble and Mccall;2023-07-02;Challenge;performance;;;Mercado de Legumes
85;820;2022-09-17;2957;Keller, Dixon and Wilson;2025-04-06;Buy;focus;111.0;free;Mercado de Fruta
5;629;2023-06-13;2295;Hart, Ramsey and Diaz;2021-03-14;Defense;whom;113.0;tend;Mercado de Legumes
151;164;2023-12-11;3461;Duncan PLC;2023-08-10;Almost;describe;;;Mercado de Legumes
125;159;2023-11-27;2219;Rice, Freeman and Brown;2024-12-11;Newspaper;herself;115.0;reality;Mercado de Flores
403;705;2025-11-27;1931;Reynolds PLC;2023-07-11;Size;whole;70.0;score;Mercado de Flores
223;782;2023-03-03;2263;Wilcox, Johnson and Dunlap;2025-04-12;Media;or;17.0;character;Mercado de Legumes
162;449;2022-12-07;3072;Jacobs-Watson;2025-05-15;Light;would;;;Mercado de Legumes
22;829;2025-10-30;3477;Hernandez, Cain and Dalton;2021-04-23;Fall;outside;158.0;outside;Mercado de Fruta
356;943;2023-08-01;4914;Cook, Boyer and Cox;2024-02-10;Set;physical;;;Mercado de Fruta
140;197;2025-12-14;2461;Woodard PLC;2021-04-23;Address;offer;;;Mercado de Legumes
217;95;2024-03-29;572;Moore, Guzman and Moore;2022-12-25;Sure;lose;;;Mercado de Legumes
177;713;2023-03-10;3105;Jenkins-Ramos;2023-10-01;Send;thought;;;Mercado de Legumes
300;100;2020-02-29;558;Saunders-Marshall;2022-10-25;Stuff;physical;;;Mercado de Fruta
437;651;2020-01-07;1013;Chan Ltd;2026-01-15;Street;recently;;;Mercado de Flores
344;711;2020-06-30;4409;Smith-Cochran;2024-06-15;Detail;magazine;;;Mercado de Flores
468;910;2022-07-19;1202;Crawford, Barnes and Aguilar;2021-04-19;Theory;election;;;Mercado de Fruta
293;990;2022-01-11;2175;Tyler LLC;2025-11-18;Condition;region;;;Mercado de Flores
292;284;2025-02-17;2238;Johnson-Garcia;2022-04-20;Box;level;;;Mercado de Legumes
338;580;2023-06-01;2517;Brown Ltd;2025-02-19;Open;vote;;;Mercado de Fruta
311;758;2023-02-27;3881;Johnson-Blankenship;2021-09-21;Every;stock;46.0;far;Mercado de Legumes
52;893;2022-08-18;275;Hess PLC;2022-07-05;Different;soon;112.0;that;Mercado de Legumes
67;224;2020-10-09;4206;Jones, Wolf and Smith;2022-08-07;Rather;source;;;Mercado de Legumes
149;271;2025-06-03;1291;Sawyer LLC;2026-01-27;Chair;near;;;Mercado de Fruta
125;268;2023-06-26;562;Rice, Freeman and Brown;2024-12-11;Them;often;115.0;reality;Mercado de Fruta
349;886;2020-01-05;486;Wise-Perry;2021-04-04;Compare;student;;;Mercado de Fruta
25;224;2024-05-31;4919;Scott, Daugherty and Grant;2021-05-04;Rather;source;155.0;generation;Mercado de Legumes
118;724;2024-06-15;4802;Powell-Foster;2025-08-02;Western;have;;;Mercado de Fruta
371;774;2024-05-02;317;Wells, Jenkins and Martin;2025-08-30;Miss;chair;;;Mercado de Flores
369;374;2021-08-03;313;Frank-Glover;2023-12-24;Establish;here;;;Mercado de Legumes
141;770;2024-03-21;1858;Gordon LLC;2022-04-11;Quite;end;;;Mercado de Legumes
217;62;2020-04-15;3442;Moore, Guzman and Moore;2022-12-25;Present;girl;;;Mercado de Legumes
120;6;2021-03-01;4452;Mcdaniel-Garza;2022-08-16;Response;shoulder;;;Mercado de Flores
367;660;2023-02-25;3566;Waters Inc;2025-12-04;Senior;song;;;Mercado de Flores
166;421;2023-08-28;2153;Savage-Martin;2025-07-07;Director;fine;;;Mercado de Fruta
127;495;2020-02-12;4316;Hill PLC;2025-05-30;Medical;interesting;73.0;Congress;Mercado de Flores
294;772;2025-11-02;552;Jones, Leon and Edwards;2024-02-02;Technology;dinner;98.0;human;Mercado de Fruta
483;163;2023-04-13;3227;Ramirez PLC;2025-10-14;Them;adult;8.0;throughout;Mercado de Fruta
47;615;2020-04-21;3663;Benjamin-Reed;2024-09-25;Speech;training;;;Mercado de Flores
266;716;2021-04-12;4307;Carney-Gomez;2023-01-17;Gas;enough;91.0;serious;Mercado de Legumes
492;86;2025-06-01;4048;Lyons, Gomez and Oconnor;2021-04-27;Most;dog;;;Mercado de Legumes
141;368;2021-12-30;1436;Gordon LLC;2022-04-11;Challenge;instead;;;Mercado de Legumes
500;615;2021-01-23;274;Johnson-Anderson;2024-01-02;Speech;training;;;Mercado de Flores
147;397;2025-01-31;2121;Hess-Dickson;2022-09-18;Reveal;return;119.0;force;Mercado de Fruta
248;966;2023-10-23;3754;Reese, Flores and Wright;2025-04-24;Still;offer;;;Mercado de Flores
480;82;2020-08-28;4983;Jones-Chavez;2022-10-24;Drive;military;99.0;then;Mercado de Fruta
480;82;2020-08-28;4983;Jones-Chavez;2022-10-24;Drive;military;131.0;religious;Mercado de Fruta
317;560;2024-12-01;607;Snyder and Sons;2021-07-03;Poor;those;;;Mercado de Legumes
399;144;2020-02-28;4033;Scott Group;2021-11-11;Low;recently;84.0;page;Mercado de Flores
395;159;2023-06-07;3222;Santana-Ray;2022-09-09;Newspaper;herself;;;Mercado de Flores
138;289;2023-10-23;3580;Lee-Keller;2023-10-06;Get;six;117.0;staff;Mercado de Fruta
443;435;2025-06-16;4539;Avila Group;2026-01-21;Already;run;7.0;might;Mercado de Flores
443;435;2025-06-16;4539;Avila Group;2026-01-21;Already;run;75.0;grow;Mercado de Flores
267;351;2023-11-06;1750;Wagner Inc;2022-03-29;Enough;character;;;Mercado de Flores
33;749;2020-08-14;112;Sims, Meza and Haynes;2021-09-04;Practice;worker;;;Mercado de Legumes
113;861;2023-04-16;4301;Beasley and Sons;2022-12-28;House;third;;;Mercado de Flores
475;607;2021-10-13;817;Luna Ltd;2025-03-23;Make;meet;;;Mercado de Fruta
50;898;2021-06-26;4308;Maldonado and Sons;2021-06-01;Million;role;;;Mercado de Fruta
464;654;2024-08-15;526;Morris Ltd;2021-10-01;Everyone;sound;;;Mercado de Flores
368;218;2023-05-14;1317;Martin and Sons;2024-01-11;Including;relate;;;Mercado de Legumes
350;102;2023-12-30;991;Medina-Johnson;2023-03-01;We;office;;;Mercado de Flores
11;182;2025-01-18;1026;Serrano, Young and Nichols;2024-10-20;Management;pattern;;;Mercado de Legumes
482;98;2025-09-07;2388;Stout Inc;2023-05-30;Hit;successful;;;Mercado de Legumes
281;144;2021-04-28;1812;Carlson-Landry;2025-12-17;Low;recently;178.0;form;Mercado de Flores
285;92;2026-02-13;2388;English-Williams;2023-09-29;System;dark;;;Mercado de Legumes
157;821;2022-04-28;757;West Group;2021-06-12;Create;change;;;Mercado de Legumes
382;900;2021-07-10;3239;Buchanan-Marquez;2023-03-31;Something;message;;;Mercado de Flores
199;143;2021-12-30;1710;Hanson-Fleming;2025-09-15;Film;could;;;Mercado de Legumes
359;863;2024-03-18;4383;Thompson-Miller;2025-10-31;Any;bill;;;Mercado de Legumes
33;101;2023-04-17;4284;Sims, Meza and Haynes;2021-09-04;Include;happen;;;Mercado de Legumes
254;16;2025-05-16;4150;Williams, Mcdonald and Schmidt;2025-08-24;Reduce;toward;123.0;dream;Mercado de Fruta
256;946;2021-04-28;4756;Martinez and Sons;2022-09-09;Ago;box;6.0;bar;Mercado de Fruta
367;242;2023-04-11;3115;Waters Inc;2025-12-04;Again;eight;;;Mercado de Legumes
423;943;2021-01-02;2975;Goodman-Hayes;2024-12-18;Set;physical;;;Mercado de Fruta
432;223;2021-05-21;1249;Wright Group;2021-03-18;Recognize;because;;;Mercado de Fruta
53;291;2023-03-12;4144;West-Brewer;2021-11-26;Check;wife;188.0;both;Mercado de Flores
110;523;2023-10-04;2519;Price Inc;2025-10-27;Industry;buy;121.0;what;Mercado de Fruta
474;667;2025-04-26;4557;Alvarez, Lee and Lopez;2021-04-28;Best;phone;127.0;through;Mercado de Fruta
474;667;2025-04-26;4557;Alvarez, Lee and Lopez;2021-04-28;Best;phone;163.0;party;Mercado de Fruta
410;154;2021-02-01;3902;Clark Ltd;2021-04-02;Data;marriage;;;Mercado de Fruta
90;493;2021-03-08;307;Mitchell-Fisher;2024-12-19;On;possible;109.0;term;Mercado de Fruta
401;588;2021-10-10;3653;Bell, Nelson and Walker;2026-01-20;Wear;region;;;Mercado de Flores
147;747;2023-01-19;154;Hess-Dickson;2022-09-18;Respond;night;119.0;force;Mercado de Flores
80;205;2021-05-04;4892;Boyd, Johnson and Miller;2024-08-15;Need;from;10.0;exactly;Mercado de Fruta
80;205;2021-05-04;4892;Boyd, Johnson and Miller;2024-08-15;Need;from;96.0;parent;Mercado de Fruta
426;37;2021-08-27;3350;Johnson-Williams;2021-10-18;My;various;82.0;marriage;Mercado de Fruta
52;105;2025-05-16;1151;Hess PLC;2022-07-05;Dog;fish;112.0;that;Mercado de Flores
52;510;2021-08-30;1987;Hess PLC;2022-07-05;Suffer;nature;112.0;that;Mercado de Flores
118;204;2020-04-25;1587;Powell-Foster;2025-08-02;Father;lawyer;;;Mercado de Flores
487;880;2021-08-26;1740;Martin, Mosley and York;2022-04-29;Produce;television;;;Mercado de Fruta
466;275;2022-08-04;3756;Hernandez-Lynch;2022-02-27;Course;result;;;Mercado de Legumes
82;52;2026-02-11;2114;Perez PLC;2022-08-24;Ask;four;;;Mercado de Fruta
304;314;2025-06-17;4062;Welch Ltd;2022-10-24;Laugh;daughter;190.0;give;Mercado de Legumes
496;841;2025-06-18;3774;Barrett, Patrick and Morton;2025-03-09;Relationship;site;129.0;nor;Mercado de Fruta
189;668;2025-05-01;483;Clark LLC;2025-06-23;Assume;argue;;;Mercado de Legumes
477;562;2025-02-05;3250;Jenkins-Butler;2023-02-09;Laugh;impact;;;Mercado de Fruta
396;86;2025-03-09;362;Mclaughlin Inc;2023-12-02;Most;dog;;;Mercado de Legumes
148;66;2024-02-08;1302;Hicks, Smith and Watson;2026-01-22;Community;majority;18.0;turn;Mercado de Flores
299;504;2025-03-25;417;Booker PLC;2025-08-17;Kitchen;medical;;;Mercado de Flores
231;996;2022-05-21;1319;Griffin PLC;2021-03-20;List;education;;;Mercado de Flores
313;124;2021-08-15;3995;Stout-Rodgers;2022-09-19;Find;how;92.0;why;Mercado de Fruta
72;177;2020-08-23;1274;Crane-Torres;2022-06-18;Sister;able;86.0;school;Mercado de Flores
228;203;2024-03-07;1700;Butler PLC;2021-05-21;Wind;stock;;;Mercado de Legumes
79;850;2020-12-25;1789;Lopez, Newton and Rivera;2021-03-22;Just;market;;;Mercado de Fruta
141;709;2022-04-10;935;Gordon LLC;2022-04-11;Account;moment;;;Mercado de Fruta
138;235;2021-07-21;3328;Lee-Keller;2023-10-06;Deal;go;117.0;staff;Mercado de Fruta
377;86;2025-02-21;3044;Humphrey-Hancock;2023-12-16;Most;dog;;;Mercado de Legumes
481;337;2023-09-28;4668;Green, Price and Lucas;2024-01-29;Article;raise;;;Mercado de Fruta
106;251;2021-06-25;3753;Dodson Inc;2024-09-15;Create;media;;;Mercado de Legumes
213;993;2025-01-10;789;Gonzalez-George;2021-03-23;Coach;report;11.0;off;Mercado de Flores
385;305;2025-08-30;4716;Gonzalez Group;2024-02-14;They;small;;;Mercado de Legumes
296;365;2020-10-17;141;Coleman-Reyes;2025-07-26;Main;thank;83.0;responsibility;Mercado de Legumes
296;365;2020-10-17;141;Coleman-Reyes;2025-07-26;Main;thank;145.0;somebody;Mercado de Legumes
26;272;2020-08-28;1054;Barron, Dodson and Baker;2024-07-08;Himself;finally;;;Mercado de Legumes
448;937;2021-09-14;161;Jacobs Ltd;2024-09-13;Increase;piece;;;Mercado de Fruta
329;831;2022-02-25;230;Miller LLC;2023-07-20;Yard;everyone;35.0;mean;Mercado de Flores
15;860;2022-02-20;3463;Jackson, Miller and Chang;2024-05-13;Minute;police;;;Mercado de Legumes
118;755;2025-04-20;4200;Powell-Foster;2025-08-02;World;whose;;;Mercado de Legumes
212;129;2022-04-28;2885;Mckenzie Ltd;2023-12-02;Way;but;;;Mercado de Flores
468;733;2024-07-14;1324;Crawford, Barnes and Aguilar;2021-04-19;Think;success;;;Mercado de Fruta
438;937;2021-03-19;2557;Reed, Vega and Ho;2022-04-05;Increase;piece;42.0;seem;Mercado de Fruta
316;441;2023-08-21;1231;Rodriguez, Huff and Holland;2024-08-16;Serious;above;;;Mercado de Flores
61;553;2022-05-18;273;Stewart, Hopkins and Williams;2021-12-31;Pick;member;;;Mercado de Fruta
389;631;2021-01-19;1081;Snyder, Reese and Wagner;2021-07-04;Product;audience;102.0;as;Mercado de Fruta
127;841;2022-12-28;3584;Hill PLC;2025-05-30;Relationship;site;73.0;Congress;Mercado de Fruta
401;820;2026-02-04;3334;Bell, Nelson and Walker;2026-01-20;Buy;focus;;;Mercado de Fruta
1;225;2021-06-06;2007;Cooper and Sons;2022-04-26;Rule;industry;;;Mercado de Flores
240;568;2023-05-07;964;Cannon-Newman;2024-02-03;Wonder;bag;31.0;coach;Mercado de Fruta
64;501;2022-09-06;4369;Gonzalez, Vasquez and Powers;2024-07-20;Offer;after;;;Mercado de Flores
65;809;2021-10-28;2118;Serrano-Hoover;2024-05-14;Maybe;thousand;144.0;total;Mercado de Legumes
43;631;2022-05-12;516;Hubbard-Morgan;2026-01-13;Product;audience;120.0;once;Mercado de Fruta
426;763;2022-06-22;2725;Johnson-Williams;2021-10-18;Front;former;82.0;marriage;Mercado de Fruta
486;10;2020-04-19;4029;Stewart Inc;2024-10-25;News;treat;180.0;party;Mercado de Fruta
291;948;2023-02-03;1765;Hernandez LLC;2025-09-01;Star;all;;;Mercado de Flores
230;76;2021-08-04;969;Shelton Inc;2023-04-03;Black;across;169.0;hot;Mercado de Fruta
365;652;2020-10-19;3293;Cantu, Palmer and Thomas;2025-01-03;Thought;provide;;;Mercado de Fruta
28;805;2026-02-02;3182;Hancock, Walker and Miller;2022-11-08;Six;entire;;;Mercado de Fruta
358;97;2025-09-28;3263;Mccormick and Sons;2023-11-06;Dog;all;24.0;during;Mercado de Fruta
358;97;2025-09-28;3263;Mccormick and Sons;2023-11-06;Dog;all;138.0;democratic;Mercado de Fruta
3;707;2024-03-17;4838;Cruz, Hurley and Graham;2024-07-17;House;red;;;Mercado de Legumes
416;242;2022-08-10;267;Richardson LLC;2022-12-31;Again;eight;;;Mercado de Legumes
414;497;2023-12-05;530;Nguyen-Becker;2023-04-12;Cell;wear;;;Mercado de Legumes
480;654;2021-02-28;660;Jones-Chavez;2022-10-24;Everyone;sound;99.0;then;Mercado de Flores
480;654;2021-02-28;660;Jones-Chavez;2022-10-24;Everyone;sound;131.0;religious;Mercado de Flores
62;22;2025-10-26;2587;Dean Group;2023-04-26;Stand;choice;;;Mercado de Fruta
343;341;2021-09-27;3092;Stone, Romero and Walton;2022-02-19;Director;always;;;Mercado de Legumes
257;701;2021-05-17;1670;Mclaughlin, Noble and Mccall;2023-07-02;Important;stock;;;Mercado de Legumes
389;707;2020-04-22;1734;Snyder, Reese and Wagner;2021-07-04;House;red;102.0;as;Mercado de Legumes
260;897;2022-12-12;4181;Smith, Carter and Blake;2021-07-29;Eat;growth;;;Mercado de Flores
320;8;2024-12-17;2022;Perez, Long and Spencer;2025-10-29;Thus;allow;;;Mercado de Legumes
488;417;2020-04-04;403;Rodriguez and Sons;2022-03-26;Agreement;girl;;;Mercado de Flores
145;58;2024-10-05;4759;Weaver Ltd;2021-10-16;Animal;occur;;;Mercado de Fruta
353;659;2021-03-20;248;Jones-Rollins;2024-02-10;Natural;friend;;;Mercado de Legumes
444;258;2025-04-11;271;Mack-Castillo;2024-04-27;Amount;lawyer;;;Mercado de Flores
219;492;2021-04-13;2734;Adams-Ferguson;2024-08-20;Against;hold;151.0;event;Mercado de Flores
136;606;2021-11-22;524;Knight Group;2025-03-11;More;society;;;Mercado de Flores
474;582;2024-08-27;4704;Alvarez, Lee and Lopez;2021-04-28;Better;no;127.0;through;Mercado de Flores
474;582;2024-08-27;4704;Alvarez, Lee and Lopez;2021-04-28;Better;no;163.0;party;Mercado de Flores
396;582;2024-10-28;1175;Mclaughlin Inc;2023-12-02;Better;no;;;Mercado de Flores
454;720;2025-12-09;1654;Gonzales-Gonzales;2022-11-22;Actually;garden;;;Mercado de Flores
474;428;2023-06-30;3333;Alvarez, Lee and Lopez;2021-04-28;Any;front;127.0;through;Mercado de Legumes
474;428;2023-06-30;3333;Alvarez, Lee and Lopez;2021-04-28;Any;front;163.0;party;Mercado de Legumes
393;28;2020-10-13;702;Carson and Sons;2021-11-06;Last;seek;;;Mercado de Fruta
160;729;2025-12-09;1927;Marshall and Sons;2024-12-11;Age;near;63.0;sit;Mercado de Flores
204;623;2024-10-25;1975;Flynn-Knight;2023-08-04;Art;from;;;Mercado de Legumes
240;508;2025-02-04;1305;Cannon-Newman;2024-02-03;Shoulder;garden;31.0;coach;Mercado de Fruta
118;31;2022-06-30;2605;Powell-Foster;2025-08-02;Security;marriage;;;Mercado de Fruta
365;730;2025-04-29;124;Cantu, Palmer and Thomas;2025-01-03;Cut;safe;;;Mercado de Fruta
226;420;2021-06-07;485;Diaz, Hunt and Jackson;2022-02-06;Enjoy;long;29.0;ever;Mercado de Flores
226;420;2021-06-07;485;Diaz, Hunt and Jackson;2022-02-06;Enjoy;long;78.0;sit;Mercado de Flores
226;420;2021-06-07;485;Diaz, Hunt and Jackson;2022-02-06;Enjoy;long;89.0;member;Mercado de Flores
488;348;2025-02-03;442;Rodriguez and Sons;2022-03-26;End;maintain;;;Mercado de Flores
220;503;2025-08-18;4306;Sharp-Williams;2024-08-10;Product;society;;;Mercado de Legumes
392;741;2024-08-22;176;Nelson-Donaldson;2024-05-14;Member;other;107.0;sense;Mercado de Flores
343;468;2023-03-23;200;Stone, Romero and Walton;2022-02-19;Box;it;;;Mercado de Flores
213;379;2023-07-22;382;Gonzalez-George;2021-03-23;Somebody;born;11.0;off;Mercado de Fruta
132;371;2025-12-18;231;Branch and Sons;2021-12-10;Price;material;69.0;exist;Mercado de Legumes
84;152;2023-12-31;2090;Daniels LLC;2023-11-15;Behind;door;;;Mercado de Legumes
429;771;2022-01-21;445;Foster-Murphy;2023-08-16;Stuff;mother;;;Mercado de Flores
268;731;2025-04-26;2061;Taylor Inc;2022-03-26;By;finally;;;Mercado de Legumes
6;39;2025-09-25;2087;Parker, Kelly and Golden;2022-01-20;Hand;financial;12.0;sign;Mercado de Flores
380;60;2020-07-07;3311;Hill, Brown and Clark;2023-05-13;Accept;low;;;Mercado de Flores
115;982;2020-01-25;1782;Johnson, Brennan and Wright;2025-01-01;Their;ever;183.0;feeling;Mercado de Fruta
104;45;2022-03-24;4751;Mosley, Petty and Davis;2026-01-02;Still;whose;;;Mercado de Flores
305;638;2024-11-15;3427;Johnson-Hunter;2023-04-03;Material;care;;;Mercado de Legumes
341;148;2021-04-15;3955;Alvarez, Dunn and Browning;2023-04-02;Continue;by;;;Mercado de Fruta
394;759;2020-07-03;1570;Mcgee-Ramirez;2024-11-29;Own;recognize;;;Mercado de Flores
54;810;2023-10-26;4125;Schroeder, Hahn and Miller;2021-03-11;Music;expect;;;Mercado de Flores
321;5;2020-07-10;4941;Frost-Wolfe;2023-12-28;They;describe;;;Mercado de Legumes
299;399;2022-01-28;596;Booker PLC;2025-08-17;Professor;couple;;;Mercado de Flores
57;292;2020-09-30;1926;Lee Inc;2025-11-23;Wide;event;;;Mercado de Fruta
249;292;2021-09-13;272;Dunlap, Cabrera and Thompson;2021-04-23;Wide;event;;;Mercado de Fruta
256;571;2022-09-03;3347;Martinez and Sons;2022-09-09;Wife;bill;6.0;bar;Mercado de Fruta
321;13;2024-04-21;1780;Frost-Wolfe;2023-12-28;Tv;prove;;;Mercado de Fruta
254;845;2023-08-19;3991;Williams, Mcdonald and Schmidt;2025-08-24;Challenge;performance;123.0;dream;Mercado de Legumes
175;351;2021-07-15;1488;Alvarado, Cobb and Dillon;2023-09-19;Enough;character;85.0;over;Mercado de Flores
363;498;2022-08-26;2077;Adams Group;2023-01-02;Boy;though;27.0;college;Mercado de Flores
363;498;2022-08-26;2077;Adams Group;2023-01-02;Boy;though;170.0;clearly;Mercado de Flores
266;403;2024-03-20;1955;Carney-Gomez;2023-01-17;Choose;beat;91.0;serious;Mercado de Fruta
405;199;2024-05-18;4760;Valenzuela-Meyer;2024-09-09;Before;around;;;Mercado de Fruta
140;157;2023-08-14;3383;Woodard PLC;2021-04-23;Site;next;;;Mercado de Fruta
202;422;2025-09-03;2565;Thomas-Sanders;2025-02-12;Beautiful;tax;;;Mercado de Legumes
8;520;2022-09-07;2865;Garcia-Lawson;2024-11-18;Science;poor;;;Mercado de Fruta
331;937;2020-07-21;3978;Lawrence Inc;2023-06-02;Increase;piece;149.0;service;Mercado de Fruta
171;699;2024-07-19;1102;Holt Ltd;2021-04-28;Yes;explain;57.0;seek;Mercado de Flores
476;191;2024-05-18;2065;Johnson-Curtis;2021-06-10;Before;middle;36.0;dream;Mercado de Legumes
417;786;2020-08-18;936;Wells Group;2026-01-14;Season;base;;;Mercado de Flores
200;533;2022-04-01;3387;Hernandez, Rojas and Rodriguez;2024-02-06;Language;those;;;Mercado de Legumes
165;389;2024-06-24;2999;Williams, Griffith and Craig;2025-01-08;Town;tend;39.0;away;Mercado de Legumes
257;450;2025-03-28;2759;Mclaughlin, Noble and Mccall;2023-07-02;Study;personal;;;Mercado de Flores
93;16;2021-09-28;1010;Russell Ltd;2025-01-13;Reduce;toward;194.0;quickly;Mercado de Fruta
391;328;2024-12-22;1781;Travis PLC;2023-06-04;Yes;discover;;;Mercado de Fruta
233;782;2021-10-26;2702;Hernandez-Hart;2021-08-13;Media;or;177.0;media;Mercado de Legumes
69;770;2024-10-03;1854;Goodman-Kirby;2022-12-31;Quite;end;67.0;hair;Mercado de Legumes
205;407;2025-08-08;3809;Turner-Cook;2023-12-03;Admit;administration;;;Mercado de Legumes
223;61;2021-11-28;2290;Wilcox, Johnson and Dunlap;2025-04-12;Everybody;stay;17.0;character;Mercado de Fruta
98;581;2021-04-15;4372;Riley, Dunn and Mccarty;2024-07-30;Similar;small;;;Mercado de Legumes
470;132;2020-01-01;2204;Ray, Hall and Graves;2024-05-10;Reveal;create;;;Mercado de Flores
236;25;2025-04-14;1809;Butler, Williams and Hoffman;2023-04-13;The;magazine;;;Mercado de Fruta
356;612;2022-01-06;3352;Cook, Boyer and Cox;2024-02-10;Cut;meet;;;Mercado de Flores
199;694;2026-01-28;1111;Hanson-Fleming;2025-09-15;Again;nature;;;Mercado de Fruta
184;67;2023-04-04;3580;Moore, Lopez and Santos;2021-12-10;Money;inside;;;Mercado de Fruta
235;713;2024-11-19;4555;Walker-Garcia;2025-06-30;Send;thought;166.0;suffer;Mercado de Legumes
124;962;2020-12-23;1424;Baker Inc;2021-05-29;Reflect;write;72.0;language;Mercado de Legumes
257;869;2024-07-20;3293;Mclaughlin, Noble and Mccall;2023-07-02;Who;glass;;;Mercado de Legumes
459;661;2022-12-15;2793;Holland, Evans and Myers;2023-04-18;Line;friend;25.0;large;Mercado de Fruta
45;122;2026-01-14;3711;Carney-Walker;2023-06-05;North;eight;;;Mercado de Legumes
39;390;2023-02-19;4360;Yu-Ramirez;2025-09-02;Meeting;language;21.0;party;Mercado de Flores
216;183;2023-07-05;3519;Kirk LLC;2025-02-16;Response;argue;74.0;employee;Mercado de Flores
186;258;2023-12-04;470;Glass LLC;2021-02-27;Amount;lawyer;;;Mercado de Flores
296;946;2025-04-24;530;Coleman-Reyes;2025-07-26;Ago;box;83.0;responsibility;Mercado de Fruta
296;946;2025-04-24;530;Coleman-Reyes;2025-07-26;Ago;box;145.0;somebody;Mercado de Fruta
105;555;2023-12-24;1179;Mccall and Sons;2022-01-20;Green;particularly;5.0;meet;Mercado de Flores
105;555;2023-12-24;1179;Mccall and Sons;2022-01-20;Green;particularly;187.0;coach;Mercado de Flores
361;491;2021-01-26;4954;Martinez Ltd;2023-11-22;Point;place;80.0;by;Mercado de Legumes
175;123;2021-07-11;395;Alvarado, Cobb and Dillon;2023-09-19;Morning;box;85.0;over;Mercado de Flores
137;386;2021-07-04;429;Gray, Kim and Doyle;2023-09-10;Must;usually;;;Mercado de Legumes
156;612;2025-11-12;2417;Wilkinson, George and Turner;2024-05-22;Cut;meet;;;Mercado de Flores
315;341;2021-02-23;4105;Garcia, Campbell and Powell;2023-02-17;Director;always;;;Mercado de Legumes
19;26;2025-05-17;2781;Taylor Group;2023-12-11;Available;yard;;;Mercado de Legumes
74;935;2020-10-19;1328;Campbell Inc;2023-06-06;Alone;science;;;Mercado de Legumes
398;493;2021-04-16;1796;Williams-Reynolds;2021-07-19;On;possible;38.0;ten;Mercado de Fruta
398;493;2021-04-16;1796;Williams-Reynolds;2021-07-19;On;possible;200.0;professional;Mercado de Fruta
197;265;2021-04-24;3779;Tate, Wilson and Wilson;2026-02-16;Town;play;142.0;pattern;Mercado de Fruta
264;788;2023-02-23;3427;Hopkins, Jackson and Ortiz;2025-01-24;Brother;meet;;;Mercado de Legumes
118;743;2025-06-08;2565;Powell-Foster;2025-08-02;Professor;well;;;Mercado de Legumes
452;312;2021-01-26;3519;Sims LLC;2025-12-16;Major;according;;;Mercado de Flores
322;533;2025-05-25;1748;Elliott Group;2024-07-27;Language;those;;;Mercado de Legumes
152;645;2022-02-18;4851;Schultz-Glass;2023-06-16;Turn;herself;118.0;western;Mercado de Flores
285;913;2026-01-14;1249;English-Williams;2023-09-29;Bed;remember;;;Mercado de Fruta
273;512;2025-11-21;1224;Deleon, Conway and Sanchez;2024-12-11;New;evening;134.0;leg;Mercado de Legumes
431;162;2020-03-13;2974;Taylor Inc;2024-08-22;Enjoy;per;104.0;account;Mercado de Flores
207;748;2023-05-27;142;Warren Inc;2022-01-11;But;until;;;Mercado de Fruta
186;109;2025-12-30;1314;Glass LLC;2021-02-27;Degree;one;;;Mercado de Fruta
17;322;2024-09-15;889;Roberts LLC;2023-12-21;Democrat;serve;185.0;truth;Mercado de Fruta
480;422;2022-01-16;3706;Jones-Chavez;2022-10-24;Beautiful;tax;99.0;then;Mercado de Legumes
480;422;2022-01-16;3706;Jones-Chavez;2022-10-24;Beautiful;tax;131.0;religious;Mercado de Legumes
496;668;2020-05-12;4304;Barrett, Patrick and Morton;2025-03-09;Assume;argue;129.0;nor;Mercado de Legumes
425;868;2024-11-02;1471;Sims PLC;2023-09-28;Sister;join;58.0;different;Mercado de Fruta
425;868;2024-11-02;1471;Sims PLC;2023-09-28;Sister;join;193.0;exactly;Mercado de Fruta
425;868;2024-11-02;1471;Sims PLC;2023-09-28;Sister;join;196.0;personal;Mercado de Fruta
487;685;2025-11-29;2592;Martin, Mosley and York;2022-04-29;Ask;good;;;Mercado de Fruta
443;867;2024-07-13;2710;Avila Group;2026-01-21;Culture;turn;7.0;might;Mercado de Flores
443;867;2024-07-13;2710;Avila Group;2026-01-21;Culture;turn;75.0;grow;Mercado de Flores
272;804;2022-07-19;3246;Barrett PLC;2022-06-07;Include;interview;;;Mercado de Flores
53;320;2025-05-18;1951;West-Brewer;2021-11-26;Common;grow;188.0;both;Mercado de Legumes
172;273;2024-10-02;3806;Grant-Jordan;2024-08-24;Whom;book;;;Mercado de Flores
444;503;2025-02-22;4236;Mack-Castillo;2024-04-27;Product;society;;;Mercado de Legumes
126;651;2023-05-19;4208;Patterson-Oconnor;2023-06-03;Street;recently;;;Mercado de Flores
372;298;2024-05-17;4053;Nichols, Moore and Meadows;2024-11-05;Still;simple;;;Mercado de Fruta
309;614;2024-04-29;4572;Maldonado-Macias;2021-03-27;Something;natural;;;Mercado de Legumes
38;619;2023-09-02;3308;Moore LLC;2022-08-15;Decade;generation;;;Mercado de Fruta
36;271;2024-12-19;2957;Williams Inc;2025-02-07;Chair;near;152.0;increase;Mercado de Fruta
304;946;2024-01-19;1319;Welch Ltd;2022-10-24;Ago;box;190.0;give;Mercado de Fruta
250;113;2020-07-26;4106;Williams LLC;2024-05-24;Itself;issue;;;Mercado de Legumes
140;113;2024-08-14;3304;Woodard PLC;2021-04-23;Itself;issue;;;Mercado de Legumes
270;407;2024-09-03;2523;Knight-Alexander;2023-05-25;Admit;administration;175.0;practice;Mercado de Legumes
239;306;2022-01-24;905;Garcia LLC;2025-07-11;Control;run;;;Mercado de Flores
185;490;2021-10-19;3467;Jennings PLC;2024-02-10;Bar;former;;;Mercado de Fruta
426;395;2020-01-04;2291;Johnson-Williams;2021-10-18;Course;remain;82.0;marriage;Mercado de Legumes
357;152;2024-05-22;2477;Curry, Luna and White;2023-03-17;Behind;door;;;Mercado de Legumes
395;354;2024-03-26;254;Santana-Ray;2022-09-09;Another;collection;;;Mercado de Flores
70;527;2021-09-27;516;Brown Inc;2024-12-20;Money;experience;139.0;mission;Mercado de Legumes
70;527;2021-09-27;516;Brown Inc;2024-12-20;Money;experience;143.0;prevent;Mercado de Legumes
283;406;2024-12-03;3849;Nguyen-Patterson;2023-01-09;Go;ability;;;Mercado de Fruta
80;805;2023-12-17;3387;Boyd, Johnson and Miller;2024-08-15;Six;entire;10.0;exactly;Mercado de Fruta
80;805;2023-12-17;3387;Boyd, Johnson and Miller;2024-08-15;Six;entire;96.0;parent;Mercado de Fruta
155;265;2025-01-16;3937;Harris-Travis;2023-09-23;Town;play;;;Mercado de Fruta
23;361;2023-07-23;1165;Price-Scott;2023-05-17;Growth;pull;;;Mercado de Fruta
385;805;2024-07-27;4694;Gonzalez Group;2024-02-14;Six;entire;;;Mercado de Fruta
316;833;2021-11-16;1659;Rodriguez, Huff and Holland;2024-08-16;Each;even;;;Mercado de Legumes
102;656;2020-10-29;2035;Hood-Potter;2024-06-23;Republican;off;;;Mercado de Legumes
171;954;2023-03-12;4619;Holt Ltd;2021-04-28;Quality;goal;57.0;seek;Mercado de Flores
295;839;2025-08-12;743;Sandoval, Castillo and Golden;2025-02-04;Security;moment;;;Mercado de Legumes
206;536;2021-10-23;2457;Glass, Berry and Williams;2024-08-17;Left;increase;;;Mercado de Legumes
96;229;2020-11-24;4679;Sosa, Newton and Anderson;2022-05-18;Go;run;;;Mercado de Fruta
379;156;2021-07-21;1128;Ross, Ray and Bean;2023-09-04;Only;soon;22.0;join;Mercado de Flores
207;631;2024-03-16;969;Warren Inc;2022-01-11;Product;audience;;;Mercado de Fruta
5;996;2022-10-20;2057;Hart, Ramsey and Diaz;2021-03-14;List;education;113.0;tend;Mercado de Flores
388;916;2023-06-22;3581;Gutierrez-Wright;2025-12-14;Anyone;reduce;;;Mercado de Fruta
264;549;2020-04-16;3265;Hopkins, Jackson and Ortiz;2025-01-24;Know;Republican;;;Mercado de Flores
31;512;2024-03-19;4802;Ball-Phillips;2025-10-21;New;evening;;;Mercado de Legumes
286;249;2025-10-14;4826;James PLC;2024-11-09;Kind;organization;;;Mercado de Flores
235;595;2021-04-03;3411;Walker-Garcia;2025-06-30;Especially;staff;166.0;suffer;Mercado de Fruta
222;531;2026-02-16;2164;Fisher, Dawson and Saunders;2021-12-24;Clear;cost;;;Mercado de Flores
103;337;2023-07-14;770;Miller, Rojas and Hall;2024-12-07;Article;raise;;;Mercado de Fruta
312;11;2021-07-20;2964;Roberts, Sanchez and Cook;2021-10-18;Cover;real;;;Mercado de Legumes
238;724;2025-04-22;513;Whitney, Kim and Moore;2025-02-23;Western;have;;;Mercado de Fruta
401;341;2025-10-31;4425;Bell, Nelson and Walker;2026-01-20;Director;always;;;Mercado de Legumes
453;432;2025-04-15;3059;Tran PLC;2023-10-18;Soldier;decade;88.0;inside;Mercado de Flores
194;219;2024-03-25;2202;Bowen and Sons;2022-07-29;Speak;some;;;Mercado de Flores
409;124;2023-06-09;3894;Long Ltd;2024-03-21;Find;how;;;Mercado de Fruta
137;42;2021-02-28;2518;Gray, Kim and Doyle;2023-09-10;Green;knowledge;;;Mercado de Flores
236;492;2023-05-21;2095;Butler, Williams and Hoffman;2023-04-13;Against;hold;;;Mercado de Flores
104;161;2022-08-22;1076;Mosley, Petty and Davis;2026-01-02;Participant;no;;;Mercado de Legumes
294;556;2024-10-25;329;Jones, Leon and Edwards;2024-02-02;Look;some;98.0;human;Mercado de Fruta
146;485;2025-03-10;1217;Christian, Lee and Stewart;2024-07-08;However;debate;126.0;enter;Mercado de Legumes
400;635;2022-07-16;971;Davis Group;2024-10-27;He;over;13.0;coach;Mercado de Legumes
42;951;2022-03-02;4582;Goodwin-Murphy;2023-05-27;Never;so;;;Mercado de Flores
13;778;2025-08-11;3298;Conley, Snyder and Stone;2025-05-01;Stuff;despite;100.0;each;Mercado de Fruta
13;778;2025-08-11;3298;Conley, Snyder and Stone;2025-05-01;Stuff;despite;198.0;themselves;Mercado de Fruta
122;553;2020-04-05;4062;Scott-Bowers;2024-12-19;Pick;member;;;Mercado de Fruta
131;18;2020-05-17;601;Schroeder, Moss and Rivas;2021-05-15;Large;skill;;;Mercado de Flores
226;193;2023-09-11;2270;Diaz, Hunt and Jackson;2022-02-06;Born;across;29.0;ever;Mercado de Fruta
226;193;2023-09-11;2270;Diaz, Hunt and Jackson;2022-02-06;Born;across;78.0;sit;Mercado de Fruta
226;193;2023-09-11;2270;Diaz, Hunt and Jackson;2022-02-06;Born;across;89.0;member;Mercado de Fruta
25;181;2024-08-04;1686;Scott, Daugherty and Grant;2021-05-04;She;our;155.0;generation;Mercado de Fruta
46;697;2023-09-24;1905;Jones-Atkinson;2022-09-28;Actually;still;;;Mercado de Fruta
80;790;2023-12-28;2013;Boyd, Johnson and Miller;2024-08-15;Several;politics;10.0;exactly;Mercado de Fruta
80;790;2023-12-28;2013;Boyd, Johnson and Miller;2024-08-15;Several;politics;96.0;parent;Mercado de Fruta
378;552;2023-12-12;1738;Clark, Sloan and Maldonado;2024-06-22;Choose;natural;;;Mercado de Flores
483;770;2025-04-18;2371;Ramirez PLC;2025-10-14;Quite;end;8.0;throughout;Mercado de Legumes
456;431;2021-11-07;3027;Price, Franklin and Duarte;2025-01-08;A;agent;;;Mercado de Legumes
329;758;2023-08-01;3303;Miller LLC;2023-07-20;Every;stock;35.0;mean;Mercado de Legumes
177;158;2021-03-09;1175;Jenkins-Ramos;2023-10-01;Two;health;;;Mercado de Legumes
195;661;2021-09-26;4151;Ross-Davidson;2022-08-27;Line;friend;;;Mercado de Fruta
172;215;2021-08-24;1069;Grant-Jordan;2024-08-24;Whom;wear;;;Mercado de Legumes
441;293;2022-03-22;3251;Mclaughlin, Hernandez and Fitzpatrick;2025-05-27;Seek;reach;;;Mercado de Legumes
60;370;2025-08-07;645;Brown, Ortega and Moran;2023-07-07;Nice;adult;;;Mercado de Fruta
9;805;2020-08-25;3748;Perez-Hurley;2022-02-11;Six;entire;;;Mercado de Fruta
6;526;2022-10-28;1485;Parker, Kelly and Golden;2022-01-20;Other;memory;12.0;sign;Mercado de Fruta
159;346;2024-09-28;1483;Johnson, Long and Benson;2022-06-05;Wrong;task;;;Mercado de Fruta
198;686;2021-02-10;2101;Bradley PLC;2021-04-20;Difference;black;;;Mercado de Legumes
405;792;2022-09-05;1339;Valenzuela-Meyer;2024-09-09;Eight;leg;;;Mercado de Flores
445;365;2021-01-08;313;Rodriguez LLC;2023-11-14;Main;thank;;;Mercado de Legumes
267;382;2020-11-26;2650;Wagner Inc;2022-03-29;Political;Democrat;;;Mercado de Fruta
148;893;2024-01-27;2841;Hicks, Smith and Watson;2026-01-22;Different;soon;18.0;turn;Mercado de Legumes
117;454;2021-05-03;2297;Avila, Duke and Medina;2024-04-05;To;around;184.0;specific;Mercado de Fruta
369;423;2024-01-27;1129;Frank-Glover;2023-12-24;Politics;teacher;;;Mercado de Flores
202;732;2026-01-12;114;Thomas-Sanders;2025-02-12;Test;type;;;Mercado de Flores
192;779;2024-06-04;2980;Bowman Ltd;2023-10-30;Lawyer;explain;;;Mercado de Legumes
97;669;2021-07-20;1663;Munoz-Lawson;2024-07-29;Represent;election;20.0;stay;Mercado de Flores
97;669;2021-07-20;1663;Munoz-Lawson;2024-07-29;Represent;election;23.0;total;Mercado de Flores
97;669;2021-07-20;1663;Munoz-Lawson;2024-07-29;Represent;election;26.0;identify;Mercado de Flores
97;669;2021-07-20;1663;Munoz-Lawson;2024-07-29;Represent;election;150.0;join;Mercado de Flores
97;669;2021-07-20;1663;Munoz-Lawson;2024-07-29;Represent;election;181.0;grow;Mercado de Flores
110;436;2020-03-03;3103;Price Inc;2025-10-27;Today;impact;121.0;what;Mercado de Fruta
279;432;2020-10-27;3445;Craig, Gordon and Chang;2021-06-08;Soldier;decade;;;Mercado de Flores
322;543;2022-04-22;4795;Elliott Group;2024-07-27;Pick;already;;;Mercado de Flores
457;757;2025-07-14;4827;Olsen LLC;2024-01-29;Theory;make;;;Mercado de Fruta
142;556;2025-02-08;3895;Guzman Inc;2024-04-08;Look;some;2.0;beyond;Mercado de Fruta
104;70;2021-07-03;3489;Mosley, Petty and Davis;2026-01-02;Official;almost;;;Mercado de Fruta
314;142;2020-06-08;1743;Moody LLC;2024-10-26;Different;position;;;Mercado de Fruta
342;266;2020-05-25;1645;Hernandez-King;2022-04-10;Speak;fill;;;Mercado de Legumes
259;209;2025-11-18;1240;Pham, Farmer and Marsh;2021-04-12;Stock;customer;50.0;have;Mercado de Legumes
352;488;2020-09-04;2974;Brewer-Willis;2024-10-10;Despite;exactly;;;Mercado de Legumes
289;144;2022-08-20;3965;Spencer-Carter;2026-01-20;Low;recently;;;Mercado de Flores
158;578;2024-02-13;3538;Moon Group;2024-08-28;Sister;party;;;Mercado de Legumes
357;954;2025-08-03;4198;Curry, Luna and White;2023-03-17;Quality;goal;;;Mercado de Flores
139;677;2023-10-28;4842;Ramirez, Powell and Chen;2025-10-04;Report;study;81.0;majority;Mercado de Legumes
327;107;2022-08-30;4984;Mills, Mclaughlin and Smith;2026-02-09;Modern;yes;66.0;certainly;Mercado de Legumes
364;387;2022-06-13;1912;Boyd-Sexton;2024-06-11;Sing;smile;;;Mercado de Flores
274;547;2020-10-29;2176;Sosa Group;2026-01-19;Whatever;reduce;;;Mercado de Fruta
119;266;2022-03-18;4844;Shelton, Odonnell and Williams;2022-11-17;Speak;fill;;;Mercado de Legumes
209;73;2023-10-28;4249;Savage, Tran and Atkins;2021-10-19;Organization;relationship;;;Mercado de Fruta
12;527;2024-11-16;3652;Bradley LLC;2024-08-05;Money;experience;;;Mercado de Legumes
472;685;2023-07-08;1836;Camacho Inc;2022-03-16;Ask;good;;;Mercado de Fruta
464;646;2022-06-25;4707;Morris Ltd;2021-10-01;Important;face;;;Mercado de Fruta
479;599;2022-06-10;4206;Reynolds, Christian and Lopez;2021-07-19;Friend;along;;;Mercado de Legumes
262;130;2021-12-22;3848;Williams and Sons;2023-12-20;They;really;;;Mercado de Fruta
105;728;2024-12-01;390;Mccall and Sons;2022-01-20;Thousand;difference;5.0;meet;Mercado de Legumes
105;728;2024-12-01;390;Mccall and Sons;2022-01-20;Thousand;difference;187.0;coach;Mercado de Legumes
460;640;2025-10-10;2716;Davenport-Cook;2021-03-09;Nature;send;;;Mercado de Fruta
429;116;2024-05-30;646;Foster-Murphy;2023-08-16;Heart;whose;;;Mercado de Legumes
496;507;2020-11-28;1987;Barrett, Patrick and Morton;2025-03-09;Space;none;129.0;nor;Mercado de Flores
118;153;2023-12-15;4140;Powell-Foster;2025-08-02;Look;at;;;Mercado de Flores
313;227;2021-04-27;816;Stout-Rodgers;2022-09-19;Still;religious;92.0;why;Mercado de Legumes
480;852;2025-08-13;2319;Jones-Chavez;2022-10-24;Off;another;99.0;then;Mercado de Flores
480;852;2025-08-13;2319;Jones-Chavez;2022-10-24;Off;another;131.0;religious;Mercado de Flores
82;222;2022-02-11;2328;Perez PLC;2022-08-24;Evening;happen;;;Mercado de Flores
391;126;2020-10-23;835;Travis PLC;2023-06-04;Player;though;;;Mercado de Flores
28;412;2026-01-15;3465;Hancock, Walker and Miller;2022-11-08;Player;soon;;;Mercado de Fruta
243;119;2021-03-24;521;Jensen, Flores and Barnes;2021-07-05;Theory;account;;;Mercado de Legumes
212;323;2025-07-24;1487;Mckenzie Ltd;2023-12-02;Area;record;;;Mercado de Legumes
500;347;2026-02-14;3281;Johnson-Anderson;2024-01-02;Speak;far;;;Mercado de Legumes
37;897;2021-07-03;2696;Meyer-Kim;2022-04-17;Eat;growth;40.0;do;Mercado de Flores
150;491;2023-02-22;2562;Zhang, Arnold and Richmond;2021-11-15;Point;place;;;Mercado de Legumes
476;854;2020-12-11;4844;Johnson-Curtis;2021-06-10;Somebody;once;36.0;dream;Mercado de Legumes
131;727;2021-05-10;4979;Schroeder, Moss and Rivas;2021-05-15;Threat;soon;;;Mercado de Fruta
182;232;2020-08-19;3924;Moore, Rivera and Nguyen;2024-06-18;Parent;cut;;;Mercado de Fruta
168;42;2021-04-28;2067;Martinez and Sons;2023-10-25;Green;knowledge;4.0;along;Mercado de Flores
76;64;2024-07-30;4129;Sparks Ltd;2022-05-22;Sell;care;;;Mercado de Fruta
465;343;2026-01-01;3968;Smith-King;2025-09-06;Camera;theory;;;Mercado de Fruta
129;517;2025-03-27;3020;Gonzalez LLC;2025-09-05;Which;ago;30.0;difficult;Mercado de Fruta
129;517;2025-03-27;3020;Gonzalez LLC;2025-09-05;Which;ago;191.0;a;Mercado de Fruta
360;558;2022-07-26;3284;Harris-Stephens;2024-08-29;Suddenly;analysis;48.0;rate;Mercado de Flores
24;838;2021-11-18;4111;Yates Ltd;2021-10-02;Phone;interview;64.0;away;Mercado de Fruta
285;840;2025-11-14;309;English-Williams;2023-09-29;Population;bill;;;Mercado de Flores
287;855;2025-11-01;2550;Bailey, Bush and Hernandez;2024-12-15;Matter;marriage;148.0;room;Mercado de Flores
191;22;2020-04-27;1501;Cross, Skinner and Hart;2022-12-01;Stand;choice;;;Mercado de Fruta
108;389;2022-06-17;3650;Mejia Ltd;2021-06-22;Town;tend;;;Mercado de Legumes
406;663;2020-10-16;3864;Rodriguez-Spencer;2022-05-20;Financial;charge;;;Mercado de Flores
30;3;2022-09-25;132;Vargas, Santiago and Mcdonald;2024-10-25;Development;approach;;;Mercado de Flores
478;842;2020-09-23;4288;Vaughan, Tucker and Jackson;2023-05-14;Travel;occur;;;Mercado de Legumes
226;920;2021-04-02;4281;Diaz, Hunt and Jackson;2022-02-06;Kid;son;29.0;ever;Mercado de Legumes
226;920;2021-04-02;4281;Diaz, Hunt and Jackson;2022-02-06;Kid;son;78.0;sit;Mercado de Legumes
226;920;2021-04-02;4281;Diaz, Hunt and Jackson;2022-02-06;Kid;son;89.0;member;Mercado de Legumes
499;83;2025-08-24;2539;Jacobs, Johnson and Clark;2022-01-05;Husband;sit;9.0;piece;Mercado de Legumes
499;83;2025-08-24;2539;Jacobs, Johnson and Clark;2022-01-05;Husband;sit;43.0;here;Mercado de Legumes
107;468;2020-04-06;2492;Jones, Keith and Wiggins;2021-05-06;Box;it;;;Mercado de Flores
100;584;2025-08-28;2568;Brown PLC;2025-07-17;Consumer;half;;;Mercado de Legumes
40;155;2025-12-12;250;Andrade, Mcclure and Alvarez;2025-08-03;Question;future;95.0;executive;Mercado de Legumes
247;951;2022-12-22;2140;Rivera Group;2021-12-30;Never;so;197.0;possible;Mercado de Flores
97;125;2020-11-24;1887;Munoz-Lawson;2024-07-29;Risk;level;20.0;stay;Mercado de Legumes
97;125;2020-11-24;1887;Munoz-Lawson;2024-07-29;Risk;level;23.0;total;Mercado de Legumes
97;125;2020-11-24;1887;Munoz-Lawson;2024-07-29;Risk;level;26.0;identify;Mercado de Legumes
97;125;2020-11-24;1887;Munoz-Lawson;2024-07-29;Risk;level;150.0;join;Mercado de Legumes
97;125;2020-11-24;1887;Munoz-Lawson;2024-07-29;Risk;level;181.0;grow;Mercado de Legumes
339;644;2023-05-02;698;Hill, Dalton and Bolton;2021-10-09;Draw;remember;77.0;property;Mercado de Legumes
95;106;2024-07-14;628;Woods and Sons;2022-04-09;Happen;blood;32.0;follow;Mercado de Fruta
230;830;2020-11-01;2962;Shelton Inc;2023-04-03;Customer;cut;169.0;hot;Mercado de Legumes
462;195;2022-07-25;174;Hansen-Lewis;2024-07-07;Line;charge;;;Mercado de Flores
446;437;2023-12-08;2413;Duffy-Molina;2022-11-01;Care;score;93.0;paper;Mercado de Legumes
311;587;2022-06-18;2658;Johnson-Blankenship;2021-09-21;Purpose;player;46.0;far;Mercado de Legumes
444;408;2021-02-24;2910;Mack-Castillo;2024-04-27;Agree;represent;;;Mercado de Flores
468;990;2025-04-30;4744;Crawford, Barnes and Aguilar;2021-04-19;Condition;region;;;Mercado de Flores
30;820;2022-05-02;3107;Vargas, Santiago and Mcdonald;2024-10-25;Buy;focus;;;Mercado de Fruta
348;74;2020-04-26;2433;Lyons-Mccoy;2021-09-26;Then;no;76.0;involve;Mercado de Legumes
162;222;2021-08-17;3574;Jacobs-Watson;2025-05-15;Evening;happen;;;Mercado de Flores
425;296;2024-02-14;2193;Sims PLC;2023-09-28;Yet;serve;58.0;different;Mercado de Legumes
425;296;2024-02-14;2193;Sims PLC;2023-09-28;Yet;serve;193.0;exactly;Mercado de Legumes
425;296;2024-02-14;2193;Sims PLC;2023-09-28;Yet;serve;196.0;personal;Mercado de Legumes
263;357;2025-07-25;4092;Hicks, Peterson and Ayala;2022-05-20;One;his;45.0;total;Mercado de Flores
263;357;2025-07-25;4092;Hicks, Peterson and Ayala;2022-05-20;One;his;53.0;ago;Mercado de Flores
165;974;2022-04-24;2546;Williams, Griffith and Craig;2025-01-08;Eight;group;39.0;away;Mercado de Legumes
121;460;2024-02-08;1814;Ruiz, Miller and Giles;2023-10-05;Across;others;;;Mercado de Fruta
371;455;2020-11-18;3863;Wells, Jenkins and Martin;2025-08-30;Read;measure;;;Mercado de Legumes
498;132;2025-05-14;1023;Walker-Kirk;2024-03-19;Reveal;create;;;Mercado de Flores
210;688;2024-09-09;2436;Clark Ltd;2024-07-20;Special;where;19.0;perhaps;Mercado de Fruta
7;489;2025-03-17;303;Davis, Armstrong and Brown;2023-02-05;Culture;artist;;;Mercado de Flores
158;417;2022-04-09;1421;Moon Group;2024-08-28;Agreement;girl;;;Mercado de Flores
442;760;2025-09-13;1235;Savage Ltd;2025-04-01;Budget;protect;;;Mercado de Fruta
422;274;2024-02-14;2904;Wright, Dickerson and Mcdonald;2023-02-13;Generation;officer;162.0;management;Mercado de Fruta
160;489;2024-03-28;838;Marshall and Sons;2024-12-11;Culture;artist;63.0;sit;Mercado de Flores
482;987;2021-08-21;1481;Stout Inc;2023-05-30;Bit;success;;;Mercado de Flores
275;398;2022-06-04;1564;Cox, Wright and Price;2023-10-30;Fact;expect;;;Mercado de Legumes
435;363;2022-04-14;483;Thompson-Kramer;2024-03-05;Again;large;;;Mercado de Flores
346;583;2023-01-24;1335;Paul, Stewart and Pierce;2024-08-13;Business;force;44.0;house;Mercado de Fruta
182;977;2020-05-14;1535;Moore, Rivera and Nguyen;2024-06-18;Decision;off;;;Mercado de Legumes
428;342;2025-09-28;2415;Baldwin-Chandler;2022-06-04;May;good;141.0;think;Mercado de Flores
153;397;2020-06-10;4775;Wilson, Spears and Mitchell;2025-04-21;Reveal;return;79.0;image;Mercado de Fruta
253;222;2021-10-07;4262;Kelley Ltd;2023-12-20;Evening;happen;;;Mercado de Flores
123;989;2023-12-11;2448;Rivas LLC;2024-11-01;Early;real;54.0;million;Mercado de Legumes
123;989;2023-12-11;2448;Rivas LLC;2024-11-01;Early;real;108.0;office;Mercado de Legumes
192;439;2021-03-28;256;Bowman Ltd;2023-10-30;Weight;clear;;;Mercado de Fruta
79;444;2025-05-07;3001;Lopez, Newton and Rivera;2021-03-22;Really;specific;;;Mercado de Flores
492;738;2025-06-11;4503;Lyons, Gomez and Oconnor;2021-04-27;Method;away;;;Mercado de Flores
404;752;2020-10-08;4723;Jordan, Kim and Bowman;2024-02-28;Job;strong;;;Mercado de Legumes
312;959;2024-10-19;457;Roberts, Sanchez and Cook;2021-10-18;Already;attack;;;Mercado de Legumes
213;618;2022-05-01;2237;Gonzalez-George;2021-03-23;West;manage;11.0;off;Mercado de Flores
381;197;2021-06-10;2629;Hunter-Wood;2023-06-13;Address;offer;;;Mercado de Legumes
273;97;2020-03-22;2606;Deleon, Conway and Sanchez;2024-12-11;Dog;all;134.0;leg;Mercado de Fruta
160;641;2022-01-05;468;Marshall and Sons;2024-12-11;Point;yourself;63.0;sit;Mercado de Legumes
463;979;2024-11-18;797;Sullivan-Hernandez;2021-08-01;Any;system;;;Mercado de Fruta
445;845;2021-10-15;1062;Rodriguez LLC;2023-11-14;Challenge;performance;;;Mercado de Legumes
349;41;2021-11-17;1998;Wise-Perry;2021-04-04;Guy;require;;;Mercado de Legumes
410;847;2020-07-07;817;Clark Ltd;2021-04-02;Physical;else;;;Mercado de Fruta
81;707;2022-11-27;3713;Norton, Mccoy and Torres;2021-07-03;House;red;;;Mercado de Legumes
426;288;2022-12-16;893;Johnson-Williams;2021-10-18;There;ask;82.0;marriage;Mercado de Flores
64;541;2025-04-08;127;Gonzalez, Vasquez and Powers;2024-07-20;Group;rather;;;Mercado de Fruta
36;10;2024-11-07;4937;Williams Inc;2025-02-07;News;treat;152.0;increase;Mercado de Fruta
210;265;2022-05-16;2360;Clark Ltd;2024-07-20;Town;play;19.0;perhaps;Mercado de Fruta
330;895;2024-07-08;1645;Robinson LLC;2022-07-27;North;discussion;;;Mercado de Fruta
226;849;2021-02-05;419;Diaz, Hunt and Jackson;2022-02-06;Security;well;29.0;ever;Mercado de Flores
226;849;2021-02-05;419;Diaz, Hunt and Jackson;2022-02-06;Security;well;78.0;sit;Mercado de Flores
226;849;2021-02-05;419;Diaz, Hunt and Jackson;2022-02-06;Security;well;89.0;member;Mercado de Flores
240;47;2024-12-16;1587;Cannon-Newman;2024-02-03;It;form;31.0;coach;Mercado de Legumes
107;764;2025-10-02;4808;Jones, Keith and Wiggins;2021-05-06;;friend;;;Mercado de Legumes
58;936;2025-12-02;3480;Campos, Manning and Johnson;2021-09-03;Dream;speak;;;Mercado de Flores
491;223;2023-05-23;375;Smith LLC;2025-01-19;Recognize;because;156.0;hair;Mercado de Fruta
491;223;2023-05-23;375;Smith LLC;2025-01-19;Recognize;because;172.0;moment;Mercado de Fruta
460;260;2024-12-31;2349;Davenport-Cook;2021-03-09;Military;chance;;;Mercado de Legumes
429;11;2020-07-28;3778;Foster-Murphy;2023-08-16;Cover;real;;;Mercado de Legumes
245;518;2021-05-14;2871;Guzman-Cole;2024-11-20;True;effort;56.0;design;Mercado de Legumes
242;208;2022-02-20;4999;Bishop, Acosta and Obrien;2022-08-25;National;people;;;Mercado de Fruta
91;835;2022-06-14;570;Lee-Osborne;2023-03-17;Worker;near;;;Mercado de Fruta
29;964;2021-05-18;1057;Mills Group;2024-12-01;Building;summer;37.0;sister;Mercado de Fruta
29;964;2021-05-18;1057;Mills Group;2024-12-01;Building;summer;174.0;might;Mercado de Fruta
120;523;2022-11-09;3324;Mcdaniel-Garza;2022-08-16;Industry;buy;;;Mercado de Fruta
158;130;2024-10-02;2689;Moon Group;2024-08-28;They;really;;;Mercado de Fruta
328;186;2022-10-25;1597;Lee, Figueroa and Silva;2023-01-06;Personal;within;;;Mercado de Flores
72;286;2024-10-02;2055;Crane-Torres;2022-06-18;Campaign;mind;86.0;school;Mercado de Fruta
457;215;2025-06-06;4941;Olsen LLC;2024-01-29;Whom;wear;;;Mercado de Legumes
205;101;2024-02-24;717;Turner-Cook;2023-12-03;Include;happen;;;Mercado de Legumes
56;779;2022-08-25;3211;Wheeler-Blackburn;2025-06-13;Lawyer;explain;1.0;move;Mercado de Legumes
56;779;2022-08-25;3211;Wheeler-Blackburn;2025-06-13;Lawyer;explain;132.0;sort;Mercado de Legumes
380;471;2023-10-19;427;Hill, Brown and Clark;2023-05-13;Effect;force;;;Mercado de Flores
462;51;2025-06-16;3258;Hansen-Lewis;2024-07-07;Attack;already;;;Mercado de Flores
481;751;2025-05-02;3039;Green, Price and Lucas;2024-01-29;If;identify;;;Mercado de Fruta
410;978;2026-01-19;1956;Clark Ltd;2021-04-02;Western;artist;;;Mercado de Flores
363;272;2020-03-10;3070;Adams Group;2023-01-02;Himself;finally;27.0;college;Mercado de Legumes
363;272;2020-03-10;3070;Adams Group;2023-01-02;Himself;finally;170.0;clearly;Mercado de Legumes
268;824;2021-05-31;3348;Taylor Inc;2022-03-26;Teach;campaign;;;Mercado de Legumes
425;784;2024-12-21;2693;Sims PLC;2023-09-28;Score;poor;58.0;different;Mercado de Fruta
425;784;2024-12-21;2693;Sims PLC;2023-09-28;Score;poor;193.0;exactly;Mercado de Fruta
425;784;2024-12-21;2693;Sims PLC;2023-09-28;Score;poor;196.0;personal;Mercado de Fruta
90;858;2021-10-09;4137;Mitchell-Fisher;2024-12-19;Coach;concern;109.0;term;Mercado de Flores
221;20;2023-08-23;1657;Gardner Group;2024-11-05;Increase;field;41.0;big;Mercado de Legumes
251;456;2024-05-10;932;Fernandez Inc;2021-07-16;Kitchen;cultural;59.0;western;Mercado de Flores
305;879;2024-09-17;4508;Johnson-Hunter;2023-04-03;Manager;ok;;;Mercado de Flores
499;411;2022-09-06;4433;Jacobs, Johnson and Clark;2022-01-05;Establish;author;9.0;piece;Mercado de Flores
499;411;2022-09-06;4433;Jacobs, Johnson and Clark;2022-01-05;Establish;author;43.0;here;Mercado de Flores
382;747;2025-04-26;584;Buchanan-Marquez;2023-03-31;Respond;night;;;Mercado de Flores
6;16;2022-06-03;1154;Parker, Kelly and Golden;2022-01-20;Reduce;toward;12.0;sign;Mercado de Fruta
129;915;2023-09-30;1764;Gonzalez LLC;2025-09-05;Number;Congress;30.0;difficult;Mercado de Flores
129;915;2023-09-30;1764;Gonzalez LLC;2025-09-05;Number;Congress;191.0;a;Mercado de Flores
205;950;2021-08-25;2395;Turner-Cook;2023-12-03;Entire;level;;;Mercado de Legumes
247;423;2025-07-06;1697;Rivera Group;2021-12-30;Politics;teacher;197.0;possible;Mercado de Flores
170;825;2023-10-24;1676;Collins-Campos;2025-06-15;Central;magazine;;;Mercado de Flores
26;27;2022-06-03;3746;Barron, Dodson and Baker;2024-07-08;Republican;trouble;;;Mercado de Flores
158;988;2025-08-14;1057;Moon Group;2024-08-28;Near;foreign;;;Mercado de Fruta
343;277;2023-12-09;2989;Stone, Romero and Walton;2022-02-19;For;relationship;;;Mercado de Fruta
178;269;2022-12-30;2217;Hernandez, Lewis and Shields;2025-07-25;Rock;figure;97.0;pay;Mercado de Legumes
286;146;2020-12-21;1095;James PLC;2024-11-09;Direction;skin;;;Mercado de Legumes
141;987;2022-12-07;4608;Gordon LLC;2022-04-11;Bit;success;;;Mercado de Flores
279;892;2022-03-11;3451;Craig, Gordon and Chang;2021-06-08;Kitchen;against;;;Mercado de Fruta
489;456;2022-12-31;4933;Lee, Guerrero and Alexander;2026-01-14;Kitchen;cultural;;;Mercado de Flores
331;158;2022-06-03;2620;Lawrence Inc;2023-06-02;Two;health;149.0;service;Mercado de Legumes
373;898;2020-06-18;4489;Martinez, Taylor and Howard;2025-04-04;Million;role;;;Mercado de Fruta
479;959;2020-01-25;3479;Reynolds, Christian and Lopez;2021-07-19;Already;attack;;;Mercado de Legumes
129;40;2025-01-15;3430;Gonzalez LLC;2025-09-05;Realize;table;30.0;difficult;Mercado de Fruta
129;40;2025-01-15;3430;Gonzalez LLC;2025-09-05;Realize;table;191.0;a;Mercado de Fruta
188;434;2020-02-16;2837;Davis, Cortez and Young;2022-03-06;Energy;marriage;133.0;assume;Mercado de Legumes
188;434;2020-02-16;2837;Davis, Cortez and Young;2022-03-06;Energy;marriage;135.0;support;Mercado de Legumes
310;229;2022-06-19;1663;Turner, Bowman and Williams;2021-08-06;Go;run;;;Mercado de Fruta
133;549;2021-10-19;2486;Bullock Ltd;2022-03-23;Know;Republican;71.0;side;Mercado de Flores
429;456;2021-09-26;3580;Foster-Murphy;2023-08-16;Kitchen;cultural;;;Mercado de Flores
336;412;2021-01-03;2819;Michael and Sons;2022-10-12;Player;soon;;;Mercado de Fruta
349;488;2020-07-21;1975;Wise-Perry;2021-04-04;Despite;exactly;;;Mercado de Legumes
418;109;2024-01-25;613;Shelton Ltd;2022-01-04;Degree;one;;;Mercado de Fruta
445;117;2023-06-05;4559;Rodriguez LLC;2023-11-14;It;senior;;;Mercado de Flores
135;597;2021-01-25;2982;Williams-Smith;2021-11-26;Also;popular;;;Mercado de Flores
399;550;2024-09-04;4250;Scott Group;2021-11-11;Management;not;84.0;page;Mercado de Fruta
274;138;2022-01-02;1409;Sosa Group;2026-01-19;Ten;role;;;Mercado de Flores
426;807;2023-12-20;3750;Johnson-Williams;2021-10-18;To;nice;82.0;marriage;Mercado de Flores
69;937;2026-02-17;2895;Goodman-Kirby;2022-12-31;Increase;piece;67.0;hair;Mercado de Fruta
71;948;2022-07-04;4026;Krueger, Trujillo and Gonzalez;2022-01-15;Star;all;;;Mercado de Flores
228;425;2025-01-10;4504;Butler PLC;2021-05-21;Party;yes;;;Mercado de Legumes
333;446;2023-12-15;3503;Robinson, Riddle and Reese;2024-10-16;Painting;take;;;Mercado de Legumes
65;918;2021-10-09;259;Serrano-Hoover;2024-05-14;Reason;man;144.0;total;Mercado de Flores
139;575;2025-08-05;749;Ramirez, Powell and Chen;2025-10-04;Great;age;81.0;majority;Mercado de Legumes
147;308;2022-08-16;979;Hess-Dickson;2022-09-18;May;rock;119.0;force;Mercado de Legumes
425;630;2025-04-07;4345;Sims PLC;2023-09-28;Give;generation;58.0;different;Mercado de Flores
425;630;2025-04-07;4345;Sims PLC;2023-09-28;Give;generation;193.0;exactly;Mercado de Flores
425;630;2025-04-07;4345;Sims PLC;2023-09-28;Give;generation;196.0;personal;Mercado de Flores
488;941;2025-08-08;4733;Rodriguez and Sons;2022-03-26;Picture;lay;;;Mercado de Legumes
163;556;2021-04-13;507;Rogers and Sons;2024-04-13;Look;some;;;Mercado de Fruta
332;174;2021-01-02;910;Dixon and Sons;2022-12-29;Culture;back;;;Mercado de Flores
346;834;2025-09-22;3530;Paul, Stewart and Pierce;2024-08-13;Interesting;unit;44.0;house;Mercado de Flores
121;692;2021-06-10;589;Ruiz, Miller and Giles;2023-10-05;Fact;finally;;;Mercado de Legumes
103;544;2023-01-10;1953;Miller, Rojas and Hall;2024-12-07;Team;they;;;Mercado de Fruta
361;759;2023-09-24;253;Martinez Ltd;2023-11-22;Own;recognize;80.0;by;Mercado de Flores
449;86;2024-08-28;150;Price-Mckay;2023-01-29;Most;dog;;;Mercado de Legumes
249;575;2023-09-19;3413;Dunlap, Cabrera and Thompson;2021-04-23;Great;age;;;Mercado de Legumes
28;362;2020-12-13;4597;Hancock, Walker and Miller;2022-11-08;Arm;present;;;Mercado de Legumes
287;565;2024-03-12;3803;Bailey, Bush and Hernandez;2024-12-15;Interview;election;148.0;room;Mercado de Fruta
227;497;2025-08-04;4958;Mitchell, Hernandez and Smith;2023-04-11;Cell;wear;;;Mercado de Legumes
279;687;2020-07-30;2211;Craig, Gordon and Chang;2021-06-08;Clear;quality;;;Mercado de Flores
12;806;2022-08-17;3702;Bradley LLC;2024-08-05;Care;cell;;;Mercado de Legumes
23;45;2024-05-24;3555;Price-Scott;2023-05-17;Still;whose;;;Mercado de Flores
474;268;2024-04-03;1011;Alvarez, Lee and Lopez;2021-04-28;Them;often;127.0;through;Mercado de Fruta
474;268;2024-04-03;1011;Alvarez, Lee and Lopez;2021-04-28;Them;often;163.0;party;Mercado de Fruta
10;96;2021-08-27;4996;Woods, Taylor and Harrison;2024-07-08;Speak;establish;;;Mercado de Flores
378;714;2022-09-26;1410;Clark, Sloan and Maldonado;2024-06-22;Range;late;;;Mercado de Flores
321;707;2022-03-31;4958;Frost-Wolfe;2023-12-28;House;red;;;Mercado de Legumes
252;270;2022-04-14;4169;Mitchell, Phillips and Marshall;2024-10-27;Article;political;105.0;partner;Mercado de Flores
243;933;2021-10-09;4030;Jensen, Flores and Barnes;2021-07-05;Two;miss;;;Mercado de Flores
180;738;2020-10-19;3774;Tran-Huynh;2021-10-01;Method;away;3.0;teach;Mercado de Flores
129;283;2023-01-18;2467;Gonzalez LLC;2025-09-05;Commercial;seat;30.0;difficult;Mercado de Fruta
129;283;2023-01-18;2467;Gonzalez LLC;2025-09-05;Commercial;seat;191.0;a;Mercado de Fruta
153;545;2021-06-02;4339;Wilson, Spears and Mitchell;2025-04-21;Provide;tree;79.0;image;Mercado de Legumes
290;745;2022-11-19;2988;Hart-Koch;2022-07-24;Large;nature;106.0;finish;Mercado de Fruta
325;504;2024-09-16;4702;Barrett Group;2022-12-07;Kitchen;medical;;;Mercado de Flores
72;110;2020-02-10;1801;Crane-Torres;2022-06-18;Our;manage;86.0;school;Mercado de Legumes
411;598;2022-02-07;2043;Howard-Gomez;2021-12-18;Oil;speech;62.0;care;Mercado de Fruta
457;787;2025-01-13;3467;Olsen LLC;2024-01-29;Thank;guess;;;Mercado de Fruta
392;131;2021-10-21;116;Nelson-Donaldson;2024-05-14;Generation;work;107.0;sense;Mercado de Legumes
442;819;2020-04-27;617;Savage Ltd;2025-04-01;Kid;stand;;;Mercado de Flores
242;166;2025-02-12;248;Bishop, Acosta and Obrien;2022-08-25;Give;certainly;;;Mercado de Fruta
436;400;2020-10-07;341;Henry, Krueger and Freeman;2021-09-19;Season;whatever;;;Mercado de Fruta
387;973;2024-12-22;1016;Smith Group;2022-08-12;Loss;term;15.0;Mrs;Mercado de Fruta
387;973;2024-12-22;1016;Smith Group;2022-08-12;Loss;term;65.0;window;Mercado de Fruta
435;272;2023-02-21;2757;Thompson-Kramer;2024-03-05;Himself;finally;;;Mercado de Legumes
25;826;2020-10-17;2047;Scott, Daugherty and Grant;2021-05-04;Name;moment;155.0;generation;Mercado de Fruta
294;104;2020-01-31;4467;Jones, Leon and Edwards;2024-02-02;Likely;teach;98.0;human;Mercado de Legumes
410;902;2026-01-12;873;Clark Ltd;2021-04-02;All;way;;;Mercado de Legumes
174;629;2022-07-08;3581;Pope, Perez and Mcdonald;2024-06-19;Defense;whom;;;Mercado de Legumes
10;459;2023-09-20;2225;Woods, Taylor and Harrison;2024-07-08;Turn;bit;;;Mercado de Flores
249;973;2024-12-13;4342;Dunlap, Cabrera and Thompson;2021-04-23;Loss;term;;;Mercado de Fruta
483;716;2022-01-27;3209;Ramirez PLC;2025-10-14;Gas;enough;8.0;throughout;Mercado de Legumes
485;274;2024-12-04;3681;Allen and Sons;2023-06-18;Generation;officer;;;Mercado de Fruta
151;224;2025-04-25;652;Duncan PLC;2023-08-10;Rather;source;;;Mercado de Legumes
256;471;2020-08-27;3266;Martinez and Sons;2022-09-09;Effect;force;6.0;bar;Mercado de Flores
448;895;2020-05-01;3421;Jacobs Ltd;2024-09-13;North;discussion;;;Mercado de Fruta
146;349;2021-07-30;1957;Christian, Lee and Stewart;2024-07-08;Hour;think;126.0;enter;Mercado de Fruta
332;368;2024-08-21;1004;Dixon and Sons;2022-12-29;Challenge;instead;;;Mercado de Legumes
89;969;2022-08-13;4494;Johns, Wolf and Osborne;2023-07-02;Hundred;resource;;;Mercado de Flores
383;742;2021-02-07;1603;Price-Pearson;2022-09-23;Become;recognize;;;Mercado de Fruta
4;708;2025-11-02;554;Compton, Gonzalez and Banks;2021-03-20;Seek;food;49.0;next;Mercado de Flores
9;658;2025-07-24;4262;Perez-Hurley;2022-02-11;Able;last;;;Mercado de Fruta
391;43;2024-11-09;782;Travis PLC;2023-06-04;Doctor;wear;;;Mercado de Fruta
321;167;2020-07-10;2398;Frost-Wolfe;2023-12-28;Final;message;;;Mercado de Legumes
175;859;2024-09-07;3054;Alvarado, Cobb and Dillon;2023-09-19;Room;PM;85.0;over;Mercado de Fruta
261;838;2024-01-23;2408;Long-Ellis;2022-07-28;Phone;interview;55.0;between;Mercado de Fruta
103;558;2021-06-06;3139;Miller, Rojas and Hall;2024-12-07;Suddenly;analysis;;;Mercado de Flores
80;476;2022-09-06;1669;Boyd, Johnson and Miller;2024-08-15;Money;project;10.0;exactly;Mercado de Legumes
80;476;2022-09-06;1669;Boyd, Johnson and Miller;2024-08-15;Money;project;96.0;parent;Mercado de Legumes
284;133;2025-03-16;3936;Wilson, Nixon and Sanchez;2022-10-14;Ten;international;;;Mercado de Fruta
193;506;2022-03-28;785;Cunningham, Mcpherson and Jones;2025-05-23;Game;forward;;;Mercado de Legumes
147;525;2020-02-14;901;Hess-Dickson;2022-09-18;Writer;way;119.0;force;Mercado de Flores
277;724;2022-04-16;3273;Bennett Group;2021-03-31;Western;have;;;Mercado de Fruta
46;702;2023-09-07;2012;Jones-Atkinson;2022-09-28;Cell;first;;;Mercado de Flores
199;322;2022-04-06;1212;Hanson-Fleming;2025-09-15;Democrat;serve;;;Mercado de Fruta
166;420;2021-11-28;551;Savage-Martin;2025-07-07;Enjoy;long;;;Mercado de Flores
336;508;2026-02-13;1072;Michael and Sons;2022-10-12;Shoulder;garden;;;Mercado de Fruta
39;465;2023-05-26;1644;Yu-Ramirez;2025-09-02;Perform;gun;21.0;party;Mercado de Flores
112;452;2020-08-14;1560;Colon, King and Evans;2022-10-21;Need;tree;;;Mercado de Legumes
419;806;2024-07-26;2123;Johnson, Hamilton and Price;2023-10-29;Care;cell;;;Mercado de Legumes
182;415;2025-09-10;3138;Moore, Rivera and Nguyen;2024-06-18;Recent;over;;;Mercado de Fruta
428;92;2022-09-17;2800;Baldwin-Chandler;2022-06-04;System;dark;141.0;think;Mercado de Legumes
354;546;2020-09-17;3765;Martinez, Sanchez and Smith;2023-08-21;Cover;control;;;Mercado de Flores
306;766;2023-01-11;4626;Jenkins LLC;2022-02-24;Him;baby;;;Mercado de Fruta
174;859;2023-04-07;560;Pope, Perez and Mcdonald;2024-06-19;Room;PM;;;Mercado de Fruta
321;542;2023-08-29;1302;Frost-Wolfe;2023-12-28;School;itself;;;Mercado de Legumes
448;163;2022-11-04;4948;Jacobs Ltd;2024-09-13;Them;adult;;;Mercado de Fruta
470;4;2023-06-06;2344;Ray, Hall and Graves;2024-05-10;Sound;myself;;;Mercado de Fruta
492;623;2026-02-09;2605;Lyons, Gomez and Oconnor;2021-04-27;Art;from;;;Mercado de Legumes
178;282;2024-07-29;2805;Hernandez, Lewis and Shields;2025-07-25;Notice;peace;97.0;pay;Mercado de Flores
417;686;2025-03-18;3262;Wells Group;2026-01-14;Difference;black;;;Mercado de Legumes
44;394;2020-02-20;164;Johnson, Hooper and Norton;2022-03-04;Information;analysis;;;Mercado de Fruta
41;539;2024-11-12;2957;Stephenson-Lee;2025-10-15;Whom;what;;;Mercado de Legumes
60;293;2024-12-20;4530;Brown, Ortega and Moran;2023-07-07;Seek;reach;;;Mercado de Legumes
371;119;2020-11-23;4662;Wells, Jenkins and Martin;2025-08-30;Theory;account;;;Mercado de Legumes
113;799;2025-01-31;4382;Beasley and Sons;2022-12-28;List;perform;;;Mercado de Fruta
157;535;2024-10-12;1987;West Group;2021-06-12;Recognize;name;;;Mercado de Fruta
367;517;2021-08-30;341;Waters Inc;2025-12-04;Which;ago;;;Mercado de Fruta
368;509;2024-07-31;103;Martin and Sons;2024-01-11;Picture;finish;;;Mercado de Legumes
460;765;2024-10-05;2808;Davenport-Cook;2021-03-09;Nor;can;;;Mercado de Flores
474;13;2021-01-20;4037;Alvarez, Lee and Lopez;2021-04-28;Tv;prove;127.0;through;Mercado de Fruta
474;13;2021-01-20;4037;Alvarez, Lee and Lopez;2021-04-28;Tv;prove;163.0;party;Mercado de Fruta
293;942;2024-03-27;2382;Tyler LLC;2025-11-18;Bill;reason;;;Mercado de Flores
348;937;2021-09-29;1825;Lyons-Mccoy;2021-09-26;Increase;piece;76.0;involve;Mercado de Fruta
193;983;2025-12-13;1152;Cunningham, Mcpherson and Jones;2025-05-23;Realize;doctor;;;Mercado de Legumes
105;587;2024-12-21;4316;Mccall and Sons;2022-01-20;Purpose;player;5.0;meet;Mercado de Legumes
105;587;2024-12-21;4316;Mccall and Sons;2022-01-20;Purpose;player;187.0;coach;Mercado de Legumes
341;377;2022-02-09;1783;Alvarez, Dunn and Browning;2023-04-02;Structure;debate;;;Mercado de Legumes
122;946;2021-11-14;1077;Scott-Bowers;2024-12-19;Ago;box;;;Mercado de Fruta
367;23;2022-08-13;339;Waters Inc;2025-12-04;Most;light;;;Mercado de Legumes
297;277;2020-05-04;2446;Martin-Stuart;2023-04-09;For;relationship;;;Mercado de Fruta
180;283;2022-09-27;4156;Tran-Huynh;2021-10-01;Commercial;seat;3.0;teach;Mercado de Fruta
40;158;2020-04-18;166;Andrade, Mcclure and Alvarez;2025-08-03;Two;health;95.0;executive;Mercado de Legumes
270;320;2022-02-21;1789;Knight-Alexander;2023-05-25;Common;grow;175.0;practice;Mercado de Legumes
262;901;2021-11-28;3198;Williams and Sons;2023-12-20;Important;actually;;;Mercado de Fruta
337;609;2025-04-24;1901;Jackson Ltd;2022-01-03;Mrs;in;14.0;fight;Mercado de Flores
168;841;2024-07-10;1409;Martinez and Sons;2023-10-25;Relationship;site;4.0;along;Mercado de Fruta
203;864;2021-09-12;432;Roberts LLC;2024-09-29;Region;personal;;;Mercado de Flores
265;42;2024-07-06;969;Baker-Wheeler;2021-11-02;Green;knowledge;;;Mercado de Flores
315;595;2025-06-28;1986;Garcia, Campbell and Powell;2023-02-17;Especially;staff;;;Mercado de Fruta
233;602;2023-07-02;1159;Hernandez-Hart;2021-08-13;Machine;suffer;177.0;media;Mercado de Legumes
175;812;2022-01-18;417;Alvarado, Cobb and Dillon;2023-09-19;Debate;let;85.0;over;Mercado de Legumes
304;858;2025-04-27;3688;Welch Ltd;2022-10-24;Coach;concern;190.0;give;Mercado de Flores
93;190;2020-03-03;4890;Russell Ltd;2025-01-13;Ago;pass;194.0;quickly;Mercado de Fruta
138;213;2021-04-04;4498;Lee-Keller;2023-10-06;Despite;environment;117.0;staff;Mercado de Flores
72;915;2024-08-09;348;Crane-Torres;2022-06-18;Number;Congress;86.0;school;Mercado de Flores
176;951;2023-06-21;4691;Schaefer-Brooks;2021-04-09;Never;so;;;Mercado de Flores
238;78;2026-02-16;1803;Whitney, Kim and Moore;2025-02-23;Generation;there;;;Mercado de Flores
3;257;2022-10-21;2673;Cruz, Hurley and Graham;2024-07-17;If;participant;;;Mercado de Legumes
92;849;2024-05-25;4410;Perez-Robinson;2024-12-31;Security;well;;;Mercado de Flores
429;925;2022-12-16;3134;Foster-Murphy;2023-08-16;According;store;;;Mercado de Fruta
24;872;2022-02-10;249;Yates Ltd;2021-10-02;Lot;kitchen;64.0;away;Mercado de Legumes
187;800;2020-12-12;4506;Hanson, White and Jackson;2024-06-25;Account;whom;;;Mercado de Legumes
404;575;2024-11-15;2890;Jordan, Kim and Bowman;2024-02-28;Great;age;;;Mercado de Legumes
229;729;2024-03-25;1962;Johnson, Sanders and Lam;2021-09-13;Age;near;;;Mercado de Flores
53;233;2022-05-06;1486;West-Brewer;2021-11-26;Evidence;four;188.0;both;Mercado de Legumes
284;596;2023-12-22;907;Wilson, Nixon and Sanchez;2022-10-14;Indicate;hear;;;Mercado de Legumes
256;57;2020-01-20;2363;Martinez and Sons;2022-09-09;Step;decide;6.0;bar;Mercado de Flores
410;150;2024-04-17;367;Clark Ltd;2021-04-02;Director;myself;;;Mercado de Flores
143;385;2024-08-28;4161;Flores and Sons;2024-12-02;Position;turn;;;Mercado de Fruta
472;771;2025-02-12;1924;Camacho Inc;2022-03-16;Stuff;mother;;;Mercado de Flores
29;386;2023-08-26;2350;Mills Group;2024-12-01;Must;usually;37.0;sister;Mercado de Legumes
29;386;2023-08-26;2350;Mills Group;2024-12-01;Must;usually;174.0;might;Mercado de Legumes
39;558;2025-11-14;3499;Yu-Ramirez;2025-09-02;Suddenly;analysis;21.0;party;Mercado de Flores
336;733;2023-05-23;2070;Michael and Sons;2022-10-12;Think;success;;;Mercado de Fruta
59;450;2022-02-28;3357;Sullivan, Johnston and Rosales;2024-12-03;Study;personal;;;Mercado de Flores
60;895;2021-04-09;3683;Brown, Ortega and Moran;2023-07-07;North;discussion;;;Mercado de Fruta
232;630;2023-11-30;1563;Stephenson Group;2025-12-12;Give;generation;;;Mercado de Flores
293;69;2020-02-20;1291;Tyler LLC;2025-11-18;True;stay;;;Mercado de Flores
325;821;2023-07-13;623;Barrett Group;2022-12-07;Create;change;;;Mercado de Legumes
344;368;2020-10-15;2938;Smith-Cochran;2024-06-15;Challenge;instead;;;Mercado de Legumes
324;358;2024-06-14;3460;Pearson-Dean;2022-05-18;Suggest;too;;;Mercado de Fruta
302;916;2021-04-06;2386;Howard-Palmer;2022-03-21;Anyone;reduce;;;Mercado de Fruta
486;794;2023-06-23;1714;Stewart Inc;2024-10-25;Institution;glass;180.0;party;Mercado de Legumes
243;333;2025-10-18;3316;Jensen, Flores and Barnes;2021-07-05;To;watch;;;Mercado de Flores
489;70;2020-03-08;3962;Lee, Guerrero and Alexander;2026-01-14;Official;almost;;;Mercado de Fruta
211;26;2022-03-06;1943;Robinson LLC;2022-02-07;Available;yard;153.0;thus;Mercado de Legumes
417;983;2024-04-11;3466;Wells Group;2026-01-14;Realize;doctor;;;Mercado de Legumes
284;728;2023-12-18;4310;Wilson, Nixon and Sanchez;2022-10-14;Thousand;difference;;;Mercado de Legumes
413;175;2025-02-16;4220;Shelton Inc;2024-03-19;Southern;contain;;;Mercado de Fruta
495;6;2021-02-04;204;Miller, Cherry and Torres;2025-12-22;Response;shoulder;;;Mercado de Flores
467;16;2023-04-09;2867;Wilson PLC;2021-12-24;Reduce;toward;;;Mercado de Fruta
391;937;2025-11-30;4766;Travis PLC;2023-06-04;Increase;piece;;;Mercado de Fruta
341;228;2024-07-11;3343;Alvarez, Dunn and Browning;2023-04-02;Still;degree;;;Mercado de Flores
412;307;2025-04-17;3572;Young Ltd;2021-10-29;Traditional;appear;;;Mercado de Fruta
8;472;2024-03-23;2474;Garcia-Lawson;2024-11-18;Different;deep;;;Mercado de Fruta
205;536;2023-06-07;1237;Turner-Cook;2023-12-03;Left;increase;;;Mercado de Legumes
14;650;2025-01-26;2663;Harrison-Moore;2024-09-28;Wait;single;;;Mercado de Legumes
442;221;2022-02-16;3006;Savage Ltd;2025-04-01;Little;ever;;;Mercado de Legumes
66;492;2021-10-27;1243;Lara, Baker and Young;2025-09-16;Against;hold;182.0;current;Mercado de Flores
118;963;2022-06-03;2440;Powell-Foster;2025-08-02;End;order;;;Mercado de Flores
310;871;2025-07-12;4669;Turner, Bowman and Williams;2021-08-06;Party;street;;;Mercado de Fruta
368;727;2023-07-29;2644;Martin and Sons;2024-01-11;Threat;soon;;;Mercado de Fruta
137;386;2025-11-25;127;Gray, Kim and Doyle;2023-09-10;Must;usually;;;Mercado de Legumes
170;289;2020-05-03;1616;Collins-Campos;2025-06-15;Get;six;;;Mercado de Fruta
268;917;2022-08-01;4869;Taylor Inc;2022-03-26;Everyone;sense;;;Mercado de Legumes
376;923;2021-12-15;2074;Miller-Fields;2024-08-18;Paper;military;;;Mercado de Legumes
322;296;2024-07-14;2269;Elliott Group;2024-07-27;Yet;serve;;;Mercado de Legumes
33;124;2025-09-26;1514;Sims, Meza and Haynes;2021-09-04;Find;how;;;Mercado de Fruta
46;474;2022-04-25;2661;Jones-Atkinson;2022-09-28;Court;truth;;;Mercado de Flores
364;22;2020-06-07;1269;Boyd-Sexton;2024-06-11;Stand;choice;;;Mercado de Fruta
171;293;2024-09-04;3120;Holt Ltd;2021-04-28;Seek;reach;57.0;seek;Mercado de Legumes
372;269;2020-04-12;178;Nichols, Moore and Meadows;2024-11-05;Rock;figure;;;Mercado de Legumes
329;114;2022-08-22;1737;Miller LLC;2023-07-20;Plant;much;35.0;mean;Mercado de Flores
323;662;2023-03-24;3816;Cummings and Sons;2022-10-22;Customer;current;;;Mercado de Legumes
79;132;2020-02-03;2969;Lopez, Newton and Rivera;2021-03-22;Reveal;create;;;Mercado de Flores
171;617;2024-11-04;2972;Holt Ltd;2021-04-28;Ok;thought;57.0;seek;Mercado de Legumes
153;670;2024-08-17;3583;Wilson, Spears and Mitchell;2025-04-21;Forward;where;79.0;image;Mercado de Fruta
225;672;2023-06-30;224;Bradley-Phillips;2021-10-31;Total;hold;;;Mercado de Flores
497;140;2024-11-27;3659;Bowers-Townsend;2022-08-31;Nothing;apply;;;Mercado de Legumes
477;508;2025-06-10;249;Jenkins-Butler;2023-02-09;Shoulder;garden;;;Mercado de Fruta
117;392;2023-06-12;1414;Avila, Duke and Medina;2024-04-05;Democrat;everyone;184.0;specific;Mercado de Legumes
51;73;2023-02-02;431;Mueller-Herrera;2022-08-02;Organization;relationship;;;Mercado de Fruta
427;575;2025-05-04;2990;Wright, Williams and Williams;2025-09-18;Great;age;;;Mercado de Legumes
177;687;2020-01-08;697;Jenkins-Ramos;2023-10-01;Clear;quality;;;Mercado de Flores
458;223;2023-08-14;122;Long, Walker and Allison;2025-03-29;Recognize;because;;;Mercado de Fruta
488;246;2022-08-01;4967;Rodriguez and Sons;2022-03-26;Somebody;thought;;;Mercado de Flores
265;931;2020-08-26;3004;Baker-Wheeler;2021-11-02;Nearly;water;;;Mercado de Fruta
417;252;2021-01-14;3634;Wells Group;2026-01-14;Despite;establish;;;Mercado de Flores
133;476;2025-06-04;3450;Bullock Ltd;2022-03-23;Money;project;71.0;side;Mercado de Legumes
159;208;2022-06-13;379;Johnson, Long and Benson;2022-06-05;National;people;;;Mercado de Fruta
165;527;2020-03-30;4639;Williams, Griffith and Craig;2025-01-08;Money;experience;39.0;away;Mercado de Legumes
59;58;2024-11-24;1232;Sullivan, Johnston and Rosales;2024-12-03;Animal;occur;;;Mercado de Fruta
463;151;2021-01-12;4995;Sullivan-Hernandez;2021-08-01;Learn;body;;;Mercado de Fruta
58;306;2025-01-28;2780;Campos, Manning and Johnson;2021-09-03;Control;run;;;Mercado de Flores
37;845;2025-12-29;2914;Meyer-Kim;2022-04-17;Challenge;performance;40.0;do;Mercado de Legumes
162;394;2025-10-30;559;Jacobs-Watson;2025-05-15;Information;analysis;;;Mercado de Fruta
245;441;2024-03-15;2530;Guzman-Cole;2024-11-20;Serious;above;56.0;design;Mercado de Flores
323;740;2022-12-19;253;Cummings and Sons;2022-10-22;Field;computer;;;Mercado de Legumes
128;121;2023-05-11;2885;Butler-Washington;2021-05-01;Everyone;whatever;;;Mercado de Fruta
69;321;2025-02-09;4588;Goodman-Kirby;2022-12-31;Financial;detail;67.0;hair;Mercado de Flores
371;751;2020-12-04;4364;Wells, Jenkins and Martin;2025-08-30;If;identify;;;Mercado de Fruta
407;259;2023-06-03;434;Ford, Spencer and Copeland;2021-10-25;Section;continue;;;Mercado de Fruta
16;520;2023-03-05;1649;Barber, Dominguez and Smith;2024-03-10;Science;poor;122.0;any;Mercado de Fruta
16;520;2023-03-05;1649;Barber, Dominguez and Smith;2024-03-10;Science;poor;160.0;meet;Mercado de Fruta
16;520;2023-03-05;1649;Barber, Dominguez and Smith;2024-03-10;Science;poor;192.0;single;Mercado de Fruta
104;788;2021-02-03;507;Mosley, Petty and Davis;2026-01-02;Brother;meet;;;Mercado de Legumes
83;545;2024-07-18;1615;Graham LLC;2022-11-25;Provide;tree;154.0;tree;Mercado de Legumes
217;444;2020-10-21;3696;Moore, Guzman and Moore;2022-12-25;Really;specific;;;Mercado de Flores
425;480;2023-04-30;1162;Sims PLC;2023-09-28;Actually;various;58.0;different;Mercado de Flores
425;480;2023-04-30;1162;Sims PLC;2023-09-28;Actually;various;193.0;exactly;Mercado de Flores
425;480;2023-04-30;1162;Sims PLC;2023-09-28;Actually;various;196.0;personal;Mercado de Flores
203;786;2024-11-30;4740;Roberts LLC;2024-09-29;Season;base;;;Mercado de Flores
444;920;2020-03-15;1713;Mack-Castillo;2024-04-27;Kid;son;;;Mercado de Legumes
483;838;2023-01-18;3169;Ramirez PLC;2025-10-14;Phone;interview;8.0;throughout;Mercado de Fruta
332;750;2023-01-07;258;Dixon and Sons;2022-12-29;National;without;;;Mercado de Flores
142;581;2020-07-25;4812;Guzman Inc;2024-04-08;Similar;small;2.0;beyond;Mercado de Legumes
192;887;2025-05-22;3739;Bowman Ltd;2023-10-30;Remember;friend;;;Mercado de Legumes
88;319;2025-01-26;3824;Brewer Ltd;2023-01-19;Green;almost;;;Mercado de Fruta
334;89;2022-09-27;1712;Hernandez-Mason;2024-04-05;A;continue;140.0;ok;Mercado de Legumes
176;556;2023-09-20;1035;Schaefer-Brooks;2021-04-09;Look;some;;;Mercado de Fruta
364;736;2022-05-02;2198;Boyd-Sexton;2024-06-11;Design;author;;;Mercado de Fruta
48;76;2020-08-26;1791;Munoz Ltd;2021-03-17;Black;across;;;Mercado de Fruta
195;945;2022-01-30;3062;Ross-Davidson;2022-08-27;Peace;student;;;Mercado de Flores
293;527;2024-03-08;845;Tyler LLC;2025-11-18;Money;experience;;;Mercado de Legumes
212;224;2020-11-23;1109;Mckenzie Ltd;2023-12-02;Rather;source;;;Mercado de Legumes
285;859;2022-07-12;2485;English-Williams;2023-09-29;Room;PM;;;Mercado de Fruta
482;514;2023-08-02;3851;Stout Inc;2023-05-30;Head;wife;;;Mercado de Fruta
369;274;2023-02-22;2459;Frank-Glover;2023-12-24;Generation;officer;;;Mercado de Fruta
224;123;2023-05-28;3209;Coleman-Green;2021-04-06;Morning;box;137.0;mission;Mercado de Flores
393;118;2020-10-20;4706;Carson and Sons;2021-11-06;Determine;recognize;;;Mercado de Fruta
49;547;2022-03-05;3738;Black and Sons;2021-10-18;Whatever;reduce;;;Mercado de Fruta
119;560;2024-09-01;160;Shelton, Odonnell and Williams;2022-11-17;Poor;those;;;Mercado de Legumes
289;486;2025-03-01;1432;Spencer-Carter;2026-01-20;Player;plant;;;Mercado de Flores
60;191;2024-11-30;2151;Brown, Ortega and Moran;2023-07-07;Before;middle;;;Mercado de Legumes
496;405;2022-05-30;1808;Barrett, Patrick and Morton;2025-03-09;Structure;wide;129.0;nor;Mercado de Flores
472;59;2021-02-03;2018;Camacho Inc;2022-03-16;Himself;move;;;Mercado de Legumes
367;40;2020-12-14;4265;Waters Inc;2025-12-04;Realize;table;;;Mercado de Fruta
445;642;2026-01-03;3179;Rodriguez LLC;2023-11-14;Money;section;;;Mercado de Flores
85;896;2022-03-24;1309;Keller, Dixon and Wilson;2025-04-06;Sister;economic;111.0;free;Mercado de Legumes
447;378;2022-03-03;3047;Palmer, Hall and Mcintosh;2023-12-21;Under;kitchen;;;Mercado de Flores
216;357;2024-02-03;3952;Kirk LLC;2025-02-16;One;his;74.0;employee;Mercado de Flores
83;68;2022-01-11;4727;Graham LLC;2022-11-25;Article;they;154.0;tree;Mercado de Legumes
451;12;2021-05-11;544;Clay, Rivera and Taylor;2025-12-13;Not;Congress;;;Mercado de Flores
106;951;2020-12-16;3440;Dodson Inc;2024-09-15;Never;so;;;Mercado de Flores
84;951;2020-02-28;114;Daniels LLC;2023-11-15;Never;so;;;Mercado de Flores
258;929;2024-07-17;1022;Sims, Miller and Chavez;2021-06-01;Mrs;avoid;;;Mercado de Legumes
204;540;2025-10-09;2516;Flynn-Knight;2023-08-04;Financial;budget;;;Mercado de Flores
104;697;2024-01-18;4694;Mosley, Petty and Davis;2026-01-02;Actually;still;;;Mercado de Fruta
248;825;2021-06-18;2454;Reese, Flores and Wright;2025-04-24;Central;magazine;;;Mercado de Flores
342;218;2025-03-01;218;Hernandez-King;2022-04-10;Including;relate;;;Mercado de Legumes
207;828;2020-11-25;4384;Warren Inc;2022-01-11;Training;finish;;;Mercado de Flores
116;529;2025-12-11;1475;Williams, Anderson and Lopez;2025-02-13;Car;season;28.0;difference;Mercado de Fruta
401;238;2021-07-25;4366;Bell, Nelson and Walker;2026-01-20;Draw;let;;;Mercado de Fruta
167;216;2022-06-13;2834;Walker LLC;2023-07-29;Sure;well;;;Mercado de Flores
329;162;2022-08-28;218;Miller LLC;2023-07-20;Enjoy;per;35.0;mean;Mercado de Flores
267;122;2021-03-24;3363;Wagner Inc;2022-03-29;North;eight;;;Mercado de Legumes
186;167;2020-10-30;1590;Glass LLC;2021-02-27;Final;message;;;Mercado de Legumes
191;204;2020-12-17;3194;Cross, Skinner and Hart;2022-12-01;Father;lawyer;;;Mercado de Flores
386;46;2025-06-30;964;Hayden-Ellis;2026-01-01;Sport;identify;;;Mercado de Fruta
221;468;2023-10-09;976;Gardner Group;2024-11-05;Box;it;41.0;big;Mercado de Flores
199;342;2020-10-19;2386;Hanson-Fleming;2025-09-15;May;good;;;Mercado de Flores
405;540;2021-01-12;4640;Valenzuela-Meyer;2024-09-09;Financial;budget;;;Mercado de Flores
331;379;2023-12-25;2420;Lawrence Inc;2023-06-02;Somebody;born;149.0;service;Mercado de Fruta
301;906;2024-04-26;3363;York, Carter and Hernandez;2022-10-28;Expect;else;52.0;institution;Mercado de Flores
309;527;2022-02-10;146;Maldonado-Macias;2021-03-27;Money;experience;;;Mercado de Legumes
468;258;2025-10-08;2121;Crawford, Barnes and Aguilar;2021-04-19;Amount;lawyer;;;Mercado de Flores
85;427;2021-10-26;1107;Keller, Dixon and Wilson;2025-04-06;Task;education;111.0;free;Mercado de Fruta
403;226;2024-04-01;2756;Reynolds PLC;2023-07-11;Oil;his;70.0;score;Mercado de Fruta
443;330;2022-11-26;186;Avila Group;2026-01-21;Because;now;7.0;might;Mercado de Flores
443;330;2022-11-26;186;Avila Group;2026-01-21;Because;now;75.0;grow;Mercado de Flores
437;415;2025-05-13;1059;Chan Ltd;2026-01-15;Recent;over;;;Mercado de Fruta
46;242;2025-05-13;2422;Jones-Atkinson;2022-09-28;Again;eight;;;Mercado de Legumes
500;995;2021-05-27;2689;Johnson-Anderson;2024-01-02;Skin;hundred;;;Mercado de Legumes
17;571;2022-09-16;2340;Roberts LLC;2023-12-21;Wife;bill;185.0;truth;Mercado de Fruta
199;138;2025-08-24;3203;Hanson-Fleming;2025-09-15;Ten;role;;;Mercado de Flores
366;920;2024-07-05;4988;Martinez-West;2024-04-10;Kid;son;125.0;add;Mercado de Legumes
389;905;2023-07-11;396;Snyder, Reese and Wagner;2021-07-04;Economic;meet;102.0;as;Mercado de Legumes
216;453;2024-12-28;3880;Kirk LLC;2025-02-16;Require;situation;74.0;employee;Mercado de Flores
359;562;2020-05-30;4933;Thompson-Miller;2025-10-31;Laugh;impact;;;Mercado de Fruta
186;440;2024-12-14;2260;Glass LLC;2021-02-27;Each;later;;;Mercado de Legumes
462;506;2025-02-23;3280;Hansen-Lewis;2024-07-07;Game;forward;;;Mercado de Legumes
278;599;2023-06-23;4656;Morrow-Compton;2025-06-19;Friend;along;90.0;star;Mercado de Legumes
150;844;2025-06-08;2248;Zhang, Arnold and Richmond;2021-11-15;Southern;thus;;;Mercado de Fruta
443;726;2021-02-11;1179;Avila Group;2026-01-21;Occur;rest;7.0;might;Mercado de Flores
443;726;2021-02-11;1179;Avila Group;2026-01-21;Occur;rest;75.0;grow;Mercado de Flores
233;394;2022-07-27;1699;Hernandez-Hart;2021-08-13;Information;analysis;177.0;media;Mercado de Fruta
263;424;2022-08-19;2070;Hicks, Peterson and Ayala;2022-05-20;Brother;interesting;45.0;total;Mercado de Fruta
263;424;2022-08-19;2070;Hicks, Peterson and Ayala;2022-05-20;Brother;interesting;53.0;ago;Mercado de Fruta
33;321;2020-01-05;1069;Sims, Meza and Haynes;2021-09-04;Financial;detail;;;Mercado de Flores
93;941;2023-08-07;1297;Russell Ltd;2025-01-13;Picture;lay;194.0;quickly;Mercado de Legumes
485;54;2021-09-09;967;Allen and Sons;2023-06-18;View;eat;;;Mercado de Flores
208;337;2021-04-02;2538;Nunez-Lopez;2025-09-23;Article;raise;;;Mercado de Fruta
436;913;2025-11-04;1051;Henry, Krueger and Freeman;2021-09-19;Bed;remember;;;Mercado de Fruta
23;237;2024-03-15;4795;Price-Scott;2023-05-17;Street;check;;;Mercado de Flores
290;466;2024-04-29;2166;Hart-Koch;2022-07-24;Government;exist;106.0;finish;Mercado de Fruta
106;922;2020-02-25;3812;Dodson Inc;2024-09-15;Daughter;remember;;;Mercado de Fruta
306;461;2021-12-01;2472;Jenkins LLC;2022-02-24;Director;war;;;Mercado de Legumes
350;437;2021-01-16;1790;Medina-Johnson;2023-03-01;Care;score;;;Mercado de Legumes
94;34;2026-01-17;1538;Boyd, Mcdaniel and Marsh;2022-05-03;Party;speak;16.0;thing;Mercado de Fruta
329;128;2023-06-13;1758;Miller LLC;2023-07-20;Employee;each;35.0;mean;Mercado de Legumes
436;764;2024-07-19;1912;Henry, Krueger and Freeman;2021-09-19;;friend;;;Mercado de Legumes
353;486;2020-02-24;614;Jones-Rollins;2024-02-10;Player;plant;;;Mercado de Flores
43;175;2021-10-23;2978;Hubbard-Morgan;2026-01-13;Southern;contain;120.0;once;Mercado de Fruta
160;655;2023-06-08;2614;Marshall and Sons;2024-12-11;Water;truth;63.0;sit;Mercado de Fruta
211;457;2026-02-17;1860;Robinson LLC;2022-02-07;Either;late;153.0;thus;Mercado de Fruta
171;66;2025-03-14;3271;Holt Ltd;2021-04-28;Community;majority;57.0;seek;Mercado de Flores
113;734;2024-11-29;4079;Beasley and Sons;2022-12-28;Win;prevent;;;Mercado de Legumes
45;14;2024-06-27;1302;Carney-Walker;2023-06-05;Image;leg;;;Mercado de Legumes
278;410;2025-11-07;4935;Morrow-Compton;2025-06-19;Control;goal;90.0;star;Mercado de Legumes
193;750;2023-03-27;2067;Cunningham, Mcpherson and Jones;2025-05-23;National;without;;;Mercado de Flores
145;7;2021-03-03;1689;Weaver Ltd;2021-10-16;Civil;career;;;Mercado de Fruta
480;599;2021-11-09;2101;Jones-Chavez;2022-10-24;Friend;along;99.0;then;Mercado de Legumes
480;599;2021-11-09;2101;Jones-Chavez;2022-10-24;Friend;along;131.0;religious;Mercado de Legumes
487;194;2020-10-29;1640;Martin, Mosley and York;2022-04-29;Student;each;;;Mercado de Legumes
41;965;2024-02-28;4837;Stephenson-Lee;2025-10-15;Crime;simple;;;Mercado de Legumes
154;230;2022-08-05;2630;Coffey, Hodges and Tanner;2024-09-16;Theory;study;179.0;democratic;Mercado de Legumes
154;230;2022-08-05;2630;Coffey, Hodges and Tanner;2024-09-16;Theory;study;189.0;kind;Mercado de Legumes
257;265;2023-03-16;4191;Mclaughlin, Noble and Mccall;2023-07-02;Town;play;;;Mercado de Fruta
384;393;2023-02-14;4020;Gilbert, Schmidt and Macias;2025-03-21;Tell;eat;161.0;policy;Mercado de Flores
491;984;2020-02-22;2360;Smith LLC;2025-01-19;Foot;forward;156.0;hair;Mercado de Flores
491;984;2020-02-22;2360;Smith LLC;2025-01-19;Foot;forward;172.0;moment;Mercado de Flores
493;235;2020-02-07;1517;Blake Group;2025-03-31;Deal;go;110.0;truth;Mercado de Fruta
89;731;2024-10-26;1820;Johns, Wolf and Osborne;2023-07-02;By;finally;;;Mercado de Legumes
415;866;2024-06-13;1096;Anderson, Yoder and Taylor;2021-08-26;Base;compare;60.0;thing;Mercado de Legumes
374;950;2023-05-13;2908;Park-Curry;2021-09-16;Entire;level;;;Mercado de Legumes
316;875;2020-05-22;4689;Rodriguez, Huff and Holland;2024-08-16;Bit;may;;;Mercado de Legumes
398;380;2023-06-05;1475;Williams-Reynolds;2021-07-19;Character;forward;38.0;ten;Mercado de Legumes
398;380;2023-06-05;1475;Williams-Reynolds;2021-07-19;Character;forward;200.0;professional;Mercado de Legumes
205;35;2021-09-15;701;Turner-Cook;2023-12-03;Shake;most;;;Mercado de Legumes
179;321;2020-10-08;208;Bowman, Boyer and Smith;2025-03-16;Financial;detail;;;Mercado de Flores
340;288;2020-02-18;1231;James Inc;2024-10-08;There;ask;165.0;full;Mercado de Flores
489;945;2022-01-20;403;Lee, Guerrero and Alexander;2026-01-14;Peace;student;;;Mercado de Flores
379;614;2023-05-15;1731;Ross, Ray and Bean;2023-09-04;Something;natural;22.0;join;Mercado de Legumes
122;69;2020-08-15;1572;Scott-Bowers;2024-12-19;True;stay;;;Mercado de Flores
85;937;2025-03-21;2980;Keller, Dixon and Wilson;2025-04-06;Increase;piece;111.0;free;Mercado de Fruta
166;509;2020-11-01;3716;Savage-Martin;2025-07-07;Picture;finish;;;Mercado de Legumes
109;786;2021-01-09;1485;Sanchez-Atkinson;2024-07-27;Season;base;;;Mercado de Flores
16;494;2025-11-13;876;Barber, Dominguez and Smith;2024-03-10;And;suffer;122.0;any;Mercado de Legumes
16;494;2025-11-13;876;Barber, Dominguez and Smith;2024-03-10;And;suffer;160.0;meet;Mercado de Legumes
16;494;2025-11-13;876;Barber, Dominguez and Smith;2024-03-10;And;suffer;192.0;single;Mercado de Legumes
440;230;2024-10-12;4174;Johnson, Smith and Reed;2024-11-14;Theory;study;159.0;talk;Mercado de Legumes
461;436;2024-11-07;2173;Smith-Stanley;2021-06-23;Today;impact;;;Mercado de Fruta
277;872;2024-11-14;672;Bennett Group;2021-03-31;Lot;kitchen;;;Mercado de Legumes
67;736;2024-07-29;1472;Jones, Wolf and Smith;2022-08-07;Design;author;;;Mercado de Fruta
211;49;2021-12-01;4987;Robinson LLC;2022-02-07;Season;dinner;153.0;thus;Mercado de Fruta
431;496;2023-09-08;4391;Taylor Inc;2024-08-22;Would;source;104.0;account;Mercado de Fruta
228;367;2022-09-09;688;Butler PLC;2021-05-21;Street;outside;;;Mercado de Fruta
175;532;2021-07-19;3222;Alvarado, Cobb and Dillon;2023-09-19;Million;fall;85.0;over;Mercado de Fruta
438;295;2023-02-11;1520;Reed, Vega and Ho;2022-04-05;Subject;order;42.0;seem;Mercado de Fruta
362;336;2025-11-09;3367;Mccullough-Mckinney;2024-11-08;Unit;list;94.0;all;Mercado de Flores
362;336;2025-11-09;3367;Mccullough-Mckinney;2024-11-08;Unit;list;157.0;environment;Mercado de Flores
488;398;2020-09-09;2547;Rodriguez and Sons;2022-03-26;Fact;expect;;;Mercado de Legumes
27;913;2023-09-30;2193;Mosley-Kim;2023-04-06;Bed;remember;;;Mercado de Fruta
83;767;2021-05-10;4749;Graham LLC;2022-11-25;Source;keep;154.0;tree;Mercado de Legumes
409;790;2021-09-23;3431;Long Ltd;2024-03-21;Several;politics;;;Mercado de Fruta
296;412;2022-04-12;4594;Coleman-Reyes;2025-07-26;Player;soon;83.0;responsibility;Mercado de Fruta
296;412;2022-04-12;4594;Coleman-Reyes;2025-07-26;Player;soon;145.0;somebody;Mercado de Fruta
414;521;2023-03-27;1395;Nguyen-Becker;2023-04-12;Carry;several;;;Mercado de Legumes
208;406;2025-02-01;4571;Nunez-Lopez;2025-09-23;Go;ability;;;Mercado de Fruta
86;840;2025-05-12;1641;Frederick, Kelly and Willis;2023-11-24;Population;bill;;;Mercado de Flores
344;267;2022-07-30;4319;Smith-Cochran;2024-06-15;Movie;event;;;Mercado de Flores
438;852;2024-04-18;4944;Reed, Vega and Ho;2022-04-05;Off;another;42.0;seem;Mercado de Flores
132;795;2020-10-17;2292;Branch and Sons;2021-12-10;Hotel;standard;69.0;exist;Mercado de Flores
482;782;2020-12-24;4613;Stout Inc;2023-05-30;Media;or;;;Mercado de Legumes
383;749;2025-05-13;2341;Price-Pearson;2022-09-23;Practice;worker;;;Mercado de Legumes
102;144;2025-07-08;1220;Hood-Potter;2024-06-23;Low;recently;;;Mercado de Flores
390;647;2025-11-19;2967;Lawrence, Gardner and Harris;2023-03-17;Husband;with;;;Mercado de Legumes
405;808;2025-11-20;2130;Valenzuela-Meyer;2024-09-09;Because;material;;;Mercado de Fruta
282;732;2022-01-08;4982;Wilson LLC;2025-01-17;Test;type;130.0;billion;Mercado de Flores
282;732;2022-01-08;4982;Wilson LLC;2025-01-17;Test;type;167.0;wonder;Mercado de Flores
27;784;2023-02-02;193;Mosley-Kim;2023-04-06;Score;poor;;;Mercado de Fruta
294;882;2026-01-31;4780;Jones, Leon and Edwards;2024-02-02;Station;possible;98.0;human;Mercado de Flores
362;72;2022-12-18;2071;Mccullough-Mckinney;2024-11-08;Eat;accept;94.0;all;Mercado de Flores
362;72;2022-12-18;2071;Mccullough-Mckinney;2024-11-08;Eat;accept;157.0;environment;Mercado de Flores
203;498;2023-09-17;670;Roberts LLC;2024-09-29;Boy;though;;;Mercado de Flores
1;643;2023-10-26;378;Cooper and Sons;2022-04-26;First;set;;;Mercado de Fruta
264;463;2021-10-14;295;Hopkins, Jackson and Ortiz;2025-01-24;Class;face;;;Mercado de Fruta
303;417;2025-12-03;1009;Bishop, Evans and Thompson;2021-12-22;Agreement;girl;;;Mercado de Flores
58;442;2021-09-02;1776;Campos, Manning and Johnson;2021-09-03;Public;require;;;Mercado de Fruta
338;785;2020-10-08;4229;Brown Ltd;2025-02-19;Four;his;;;Mercado de Legumes
42;898;2024-04-12;736;Goodwin-Murphy;2023-05-27;Million;role;;;Mercado de Fruta
471;367;2025-07-29;948;Mason-Rogers;2025-10-13;Street;outside;;;Mercado de Fruta
208;734;2021-11-30;2451;Nunez-Lopez;2025-09-23;Win;prevent;;;Mercado de Legumes
276;752;2022-02-23;3798;Spencer PLC;2025-06-17;Job;strong;;;Mercado de Legumes
18;72;2020-08-28;1261;Ford-Garrett;2025-06-05;Eat;accept;;;Mercado de Flores
220;996;2024-09-04;4277;Sharp-Williams;2024-08-10;List;education;;;Mercado de Flores
375;995;2020-02-18;1903;Dixon-Williams;2021-07-20;Skin;hundred;;;Mercado de Legumes
446;361;2023-07-05;1373;Duffy-Molina;2022-11-01;Growth;pull;93.0;paper;Mercado de Fruta
395;97;2023-07-01;1966;Santana-Ray;2022-09-09;Dog;all;;;Mercado de Fruta
335;133;2021-07-25;2487;Webb Inc;2023-03-12;Ten;international;;;Mercado de Fruta
215;547;2023-04-04;3934;Jimenez-Gates;2022-10-05;Whatever;reduce;;;Mercado de Fruta
75;550;2025-07-12;3760;Conley LLC;2025-11-10;Management;not;;;Mercado de Fruta
51;433;2020-02-03;3104;Mueller-Herrera;2022-08-02;Else;customer;;;Mercado de Fruta
410;100;2025-07-03;4661;Clark Ltd;2021-04-02;Stuff;physical;;;Mercado de Fruta
437;878;2025-03-10;428;Chan Ltd;2026-01-15;Personal;could;;;Mercado de Legumes
23;694;2023-09-10;553;Price-Scott;2023-05-17;Again;nature;;;Mercado de Fruta
61;458;2022-07-24;2192;Stewart, Hopkins and Williams;2021-12-31;Eat;list;;;Mercado de Legumes
27;211;2021-09-23;3212;Mosley-Kim;2023-04-06;Across;prove;;;Mercado de Fruta
398;489;2025-07-19;2116;Williams-Reynolds;2021-07-19;Culture;artist;38.0;ten;Mercado de Flores
398;489;2025-07-19;2116;Williams-Reynolds;2021-07-19;Culture;artist;200.0;professional;Mercado de Flores
175;196;2023-07-29;4910;Alvarado, Cobb and Dillon;2023-09-19;Soldier;whatever;85.0;over;Mercado de Fruta
272;482;2024-01-11;4463;Barrett PLC;2022-06-07;Manager;behavior;;;Mercado de Legumes
82;616;2022-04-19;545;Perez PLC;2022-08-24;Side;drive;;;Mercado de Fruta
77;650;2024-01-30;1776;Carter PLC;2024-11-13;Wait;single;;;Mercado de Legumes
53;257;2024-11-16;4005;West-Brewer;2021-11-26;If;participant;188.0;both;Mercado de Legumes
114;795;2024-05-30;3862;Powers, Friedman and Atkinson;2025-12-03;Hotel;standard;;;Mercado de Flores
405;742;2022-02-13;109;Valenzuela-Meyer;2024-09-09;Become;recognize;;;Mercado de Fruta
326;884;2022-11-06;2870;Jackson Group;2024-02-03;Describe;model;;;Mercado de Legumes
35;199;2022-11-11;1723;Nolan, Jones and Gordon;2021-04-03;Before;around;61.0;record;Mercado de Fruta
443;607;2020-08-08;1973;Avila Group;2026-01-21;Make;meet;7.0;might;Mercado de Fruta
443;607;2020-08-08;1973;Avila Group;2026-01-21;Make;meet;75.0;grow;Mercado de Fruta
337;519;2022-10-12;2764;Jackson Ltd;2022-01-03;Feeling;set;14.0;fight;Mercado de Flores
383;491;2024-05-04;1180;Price-Pearson;2022-09-23;Point;place;;;Mercado de Legumes
18;279;2021-03-06;3254;Ford-Garrett;2025-06-05;Red;join;;;Mercado de Flores
185;650;2020-08-09;837;Jennings PLC;2024-02-10;Wait;single;;;Mercado de Legumes
279;676;2021-03-20;2978;Craig, Gordon and Chang;2021-06-08;Red;dog;;;Mercado de Fruta
257;377;2024-12-18;4252;Mclaughlin, Noble and Mccall;2023-07-02;Structure;debate;;;Mercado de Legumes
101;481;2025-09-25;124;Dominguez, Fry and Hill;2021-08-11;Wish;writer;;;Mercado de Fruta
242;860;2020-08-25;1129;Bishop, Acosta and Obrien;2022-08-25;Minute;police;;;Mercado de Legumes
255;369;2021-04-10;4354;Rodriguez Inc;2021-07-28;Oil;likely;;;Mercado de Flores
462;507;2022-01-15;1698;Hansen-Lewis;2024-07-07;Space;none;;;Mercado de Flores
119;496;2023-09-27;4640;Shelton, Odonnell and Williams;2022-11-17;Would;source;;;Mercado de Fruta
202;458;2020-02-13;3626;Thomas-Sanders;2025-02-12;Eat;list;;;Mercado de Legumes
4;187;2024-11-10;541;Compton, Gonzalez and Banks;2021-03-20;Cost;finally;49.0;next;Mercado de Fruta
470;538;2025-11-02;3816;Ray, Hall and Graves;2024-05-10;Team;word;;;Mercado de Fruta
87;152;2023-01-04;835;Mason Inc;2025-07-04;Behind;door;;;Mercado de Legumes
385;321;2022-05-04;4622;Gonzalez Group;2024-02-14;Financial;detail;;;Mercado de Flores
360;135;2020-05-07;3569;Harris-Stephens;2024-08-29;Although;lead;48.0;rate;Mercado de Flores
476;328;2025-03-30;1658;Johnson-Curtis;2021-06-10;Yes;discover;36.0;dream;Mercado de Fruta
309;763;2023-05-30;228;Maldonado-Macias;2021-03-27;Front;former;;;Mercado de Fruta
474;649;2020-07-16;3527;Alvarez, Lee and Lopez;2021-04-28;Arm;memory;127.0;through;Mercado de Fruta
474;649;2020-07-16;3527;Alvarez, Lee and Lopez;2021-04-28;Arm;memory;163.0;party;Mercado de Fruta
327;351;2020-02-09;1296;Mills, Mclaughlin and Smith;2026-02-09;Enough;character;66.0;certainly;Mercado de Flores
79;97;2024-02-21;1256;Lopez, Newton and Rivera;2021-03-22;Dog;all;;;Mercado de Fruta
164;839;2022-06-24;4750;Acevedo-Potts;2021-06-29;Security;moment;;;Mercado de Legumes
10;205;2024-03-06;2079;Woods, Taylor and Harrison;2024-07-08;Need;from;;;Mercado de Fruta
181;265;2024-05-15;2349;Jackson, Munoz and Guzman;2025-04-01;Town;play;;;Mercado de Fruta
302;799;2024-01-06;3117;Howard-Palmer;2022-03-21;List;perform;;;Mercado de Fruta
303;916;2021-02-23;4377;Bishop, Evans and Thompson;2021-12-22;Anyone;reduce;;;Mercado de Fruta
215;152;2021-05-14;2834;Jimenez-Gates;2022-10-05;Behind;door;;;Mercado de Legumes
133;48;2022-03-31;681;Bullock Ltd;2022-03-23;Man;serious;71.0;side;Mercado de Flores
101;147;2023-10-29;4393;Dominguez, Fry and Hill;2021-08-11;Individual;court;;;Mercado de Flores
204;599;2021-01-28;962;Flynn-Knight;2023-08-04;Friend;along;;;Mercado de Legumes
196;36;2020-01-30;3110;Robinson-Cowan;2025-03-23;Identify;movie;;;Mercado de Flores
438;862;2025-06-25;4639;Reed, Vega and Ho;2022-04-05;Feel;perform;42.0;seem;Mercado de Fruta
248;112;2025-07-10;2230;Reese, Flores and Wright;2025-04-24;Happen;human;;;Mercado de Fruta
242;322;2022-02-26;2747;Bishop, Acosta and Obrien;2022-08-25;Democrat;serve;;;Mercado de Fruta
436;385;2023-11-05;236;Henry, Krueger and Freeman;2021-09-19;Position;turn;;;Mercado de Fruta
197;220;2024-10-13;1572;Tate, Wilson and Wilson;2026-02-16;Plan;case;142.0;pattern;Mercado de Fruta
94;315;2025-12-04;1672;Boyd, Mcdaniel and Marsh;2022-05-03;Attorney;financial;16.0;thing;Mercado de Flores
197;846;2025-06-06;4558;Tate, Wilson and Wilson;2026-02-16;Wind;training;142.0;pattern;Mercado de Flores
412;459;2025-09-24;3703;Young Ltd;2021-10-29;Turn;bit;;;Mercado de Flores
450;778;2026-02-17;4499;Calderon, May and Davis;2023-01-09;Stuff;despite;171.0;wait;Mercado de Fruta
269;246;2024-06-08;2595;Garcia, Velasquez and James;2024-10-15;Somebody;thought;;;Mercado de Flores
286;37;2023-09-23;2299;James PLC;2024-11-09;My;various;;;Mercado de Fruta
81;415;2024-04-18;2854;Norton, Mccoy and Torres;2021-07-03;Recent;over;;;Mercado de Fruta
253;921;2022-11-24;2419;Kelley Ltd;2023-12-20;Life;image;;;Mercado de Flores
467;544;2026-01-04;4242;Wilson PLC;2021-12-24;Team;they;;;Mercado de Fruta
61;858;2020-03-04;1316;Stewart, Hopkins and Williams;2021-12-31;Coach;concern;;;Mercado de Flores
178;494;2020-11-01;2894;Hernandez, Lewis and Shields;2025-07-25;And;suffer;97.0;pay;Mercado de Legumes
457;498;2024-10-13;1901;Olsen LLC;2024-01-29;Boy;though;;;Mercado de Flores
162;929;2025-11-24;3521;Jacobs-Watson;2025-05-15;Mrs;avoid;;;Mercado de Legumes
478;479;2022-09-15;4084;Vaughan, Tucker and Jackson;2023-05-14;Floor;organization;;;Mercado de Legumes
279;746;2020-04-11;1695;Craig, Gordon and Chang;2021-06-08;Source;rather;;;Mercado de Legumes
377;192;2023-08-06;3823;Humphrey-Hancock;2023-12-16;Line;police;;;Mercado de Flores
185;448;2025-10-14;688;Jennings PLC;2024-02-10;Everyone;environment;;;Mercado de Fruta
322;574;2024-10-31;4818;Elliott Group;2024-07-27;Down;serve;;;Mercado de Fruta
492;568;2023-11-18;2799;Lyons, Gomez and Oconnor;2021-04-27;Wonder;bag;;;Mercado de Fruta
118;388;2021-01-22;2223;Powell-Foster;2025-08-02;International;effect;;;Mercado de Fruta
494;587;2024-01-23;652;Rasmussen Group;2023-04-05;Purpose;player;;;Mercado de Legumes
173;743;2023-01-16;4631;Roberts, Nichols and Simon;2023-07-04;Professor;well;;;Mercado de Legumes
444;500;2024-12-13;4745;Mack-Castillo;2024-04-27;Arrive;brother;;;Mercado de Legumes
461;868;2025-09-17;841;Smith-Stanley;2021-06-23;Sister;join;;;Mercado de Fruta
428;596;2020-11-30;3471;Baldwin-Chandler;2022-06-04;Indicate;hear;141.0;think;Mercado de Legumes
147;854;2022-11-28;267;Hess-Dickson;2022-09-18;Somebody;once;119.0;force;Mercado de Legumes
60;166;2023-12-03;837;Brown, Ortega and Moran;2023-07-07;Give;certainly;;;Mercado de Fruta
193;154;2021-01-16;4589;Cunningham, Mcpherson and Jones;2025-05-23;Data;marriage;;;Mercado de Fruta
38;692;2021-03-08;3862;Moore LLC;2022-08-15;Fact;finally;;;Mercado de Legumes
165;105;2025-03-02;989;Williams, Griffith and Craig;2025-01-08;Dog;fish;39.0;away;Mercado de Flores
17;541;2025-01-16;1004;Roberts LLC;2023-12-21;Group;rather;185.0;truth;Mercado de Fruta
150;469;2022-02-13;2342;Zhang, Arnold and Richmond;2021-11-15;Throughout;north;;;Mercado de Fruta
413;564;2024-09-29;2889;Shelton Inc;2024-03-19;Firm;majority;;;Mercado de Flores
89;169;2025-01-05;2341;Johns, Wolf and Osborne;2023-07-02;Light;scene;;;Mercado de Fruta
258;564;2024-06-25;3040;Sims, Miller and Chavez;2021-06-01;Firm;majority;;;Mercado de Flores
90;271;2021-06-10;3342;Mitchell-Fisher;2024-12-19;Chair;near;109.0;term;Mercado de Fruta
88;118;2024-04-07;728;Brewer Ltd;2023-01-19;Determine;recognize;;;Mercado de Fruta
169;465;2024-03-03;1703;Hall Inc;2025-03-03;Perform;gun;;;Mercado de Flores
34;13;2024-08-21;149;Martinez, Beck and Moyer;2022-10-22;Tv;prove;47.0;too;Mercado de Fruta
332;582;2023-05-18;1796;Dixon and Sons;2022-12-29;Better;no;;;Mercado de Flores
330;330;2022-03-17;748;Robinson LLC;2022-07-27;Because;now;;;Mercado de Flores
479;843;2020-11-08;764;Reynolds, Christian and Lopez;2021-07-19;Woman;century;;;Mercado de Flores
5;683;2024-03-17;4131;Hart, Ramsey and Diaz;2021-03-14;Set;half;113.0;tend;Mercado de Legumes
52;642;2024-03-31;1702;Hess PLC;2022-07-05;Money;section;112.0;that;Mercado de Flores
419;63;2024-12-26;4219;Johnson, Hamilton and Price;2023-10-29;Paper;street;;;Mercado de Flores
76;624;2025-08-24;732;Sparks Ltd;2022-05-22;Arm;establish;;;Mercado de Flores
267;895;2025-12-30;3273;Wagner Inc;2022-03-29;North;discussion;;;Mercado de Fruta
148;201;2022-09-25;4162;Hicks, Smith and Watson;2026-01-22;Senior;many;18.0;turn;Mercado de Flores
364;729;2026-01-09;3622;Boyd-Sexton;2024-06-11;Age;near;;;Mercado de Flores
193;224;2020-04-24;4466;Cunningham, Mcpherson and Jones;2025-05-23;Rather;source;;;Mercado de Legumes
292;191;2020-06-29;765;Johnson-Garcia;2022-04-20;Before;middle;;;Mercado de Legumes
206;334;2023-03-12;338;Glass, Berry and Williams;2024-08-17;Tree;certain;;;Mercado de Fruta
144;420;2020-02-17;1657;Mercado-Thomas;2024-04-11;Enjoy;long;103.0;need;Mercado de Flores
359;461;2024-07-22;1867;Thompson-Miller;2025-10-31;Director;war;;;Mercado de Legumes
165;564;2020-01-05;2166;Williams, Griffith and Craig;2025-01-08;Firm;majority;39.0;away;Mercado de Flores
302;687;2021-07-30;4848;Howard-Palmer;2022-03-21;Clear;quality;;;Mercado de Flores
97;991;2026-01-18;1483;Munoz-Lawson;2024-07-29;Meeting;trial;20.0;stay;Mercado de Fruta
97;991;2026-01-18;1483;Munoz-Lawson;2024-07-29;Meeting;trial;23.0;total;Mercado de Fruta
97;991;2026-01-18;1483;Munoz-Lawson;2024-07-29;Meeting;trial;26.0;identify;Mercado de Fruta
97;991;2026-01-18;1483;Munoz-Lawson;2024-07-29;Meeting;trial;150.0;join;Mercado de Fruta
97;991;2026-01-18;1483;Munoz-Lawson;2024-07-29;Meeting;trial;181.0;grow;Mercado de Fruta
177;688;2021-03-16;4381;Jenkins-Ramos;2023-10-01;Special;where;;;Mercado de Fruta
324;989;2023-05-18;4749;Pearson-Dean;2022-05-18;Early;real;;;Mercado de Legumes
151;780;2020-03-16;4008;Duncan PLC;2023-08-10;Charge;beyond;;;Mercado de Flores
171;902;2022-06-21;1292;Holt Ltd;2021-04-28;All;way;57.0;seek;Mercado de Legumes
63;719;2020-01-30;4401;Castro, Sherman and Flores;2025-12-01;Contain;memory;;;Mercado de Legumes
154;308;2022-04-27;2349;Coffey, Hodges and Tanner;2024-09-16;May;rock;179.0;democratic;Mercado de Legumes
154;308;2022-04-27;2349;Coffey, Hodges and Tanner;2024-09-16;May;rock;189.0;kind;Mercado de Legumes
249;177;2021-09-21;2008;Dunlap, Cabrera and Thompson;2021-04-23;Sister;able;;;Mercado de Flores
253;331;2021-09-16;2848;Kelley Ltd;2023-12-20;Any;respond;;;Mercado de Fruta
80;778;2025-03-04;2108;Boyd, Johnson and Miller;2024-08-15;Stuff;despite;10.0;exactly;Mercado de Fruta
80;778;2025-03-04;2108;Boyd, Johnson and Miller;2024-08-15;Stuff;despite;96.0;parent;Mercado de Fruta
287;439;2025-01-06;286;Bailey, Bush and Hernandez;2024-12-15;Weight;clear;148.0;room;Mercado de Fruta
373;707;2021-07-06;4383;Martinez, Taylor and Howard;2025-04-04;House;red;;;Mercado de Legumes
469;119;2021-12-01;1308;Hall Ltd;2024-01-09;Theory;account;173.0;seem;Mercado de Legumes
291;994;2025-12-13;2149;Hernandez LLC;2025-09-01;Claim;product;;;Mercado de Fruta
334;305;2025-08-08;4097;Hernandez-Mason;2024-04-05;They;small;140.0;ok;Mercado de Legumes
59;455;2021-02-09;2832;Sullivan, Johnston and Rosales;2024-12-03;Read;measure;;;Mercado de Legumes
487;327;2023-11-19;905;Martin, Mosley and York;2022-04-29;Number;field;;;Mercado de Flores
411;792;2022-04-02;4036;Howard-Gomez;2021-12-18;Eight;leg;62.0;care;Mercado de Flores
436;274;2021-12-29;4557;Henry, Krueger and Freeman;2021-09-19;Generation;officer;;;Mercado de Fruta
116;478;2022-12-15;3764;Williams, Anderson and Lopez;2025-02-13;Able;through;28.0;difference;Mercado de Fruta
186;388;2021-11-12;1551;Glass LLC;2021-02-27;International;effect;;;Mercado de Fruta
202;648;2023-11-07;714;Thomas-Sanders;2025-02-12;Book;score;;;Mercado de Flores
264;792;2021-04-21;4021;Hopkins, Jackson and Ortiz;2025-01-24;Eight;leg;;;Mercado de Flores
239;223;2021-12-23;3137;Garcia LLC;2025-07-11;Recognize;because;;;Mercado de Fruta
303;520;2022-04-17;4612;Bishop, Evans and Thompson;2021-12-22;Science;poor;;;Mercado de Fruta
333;181;2021-02-17;1840;Robinson, Riddle and Reese;2024-10-16;She;our;;;Mercado de Fruta
177;615;2025-12-09;4534;Jenkins-Ramos;2023-10-01;Speech;training;;;Mercado de Flores
152;700;2022-02-05;912;Schultz-Glass;2023-06-16;Great;against;118.0;western;Mercado de Fruta
301;207;2023-06-13;3488;York, Carter and Hernandez;2022-10-28;Pass;ask;52.0;institution;Mercado de Flores
345;152;2023-03-04;3334;Perez-Shannon;2023-09-04;Behind;door;;;Mercado de Legumes
390;426;2021-08-09;3541;Lawrence, Gardner and Harris;2023-03-17;Fly;commercial;;;Mercado de Flores
163;562;2024-06-02;932;Rogers and Sons;2024-04-13;Laugh;impact;;;Mercado de Fruta
469;968;2022-11-10;1669;Hall Ltd;2024-01-09;Responsibility;read;173.0;seem;Mercado de Legumes
254;283;2023-05-26;4927;Williams, Mcdonald and Schmidt;2025-08-24;Commercial;seat;123.0;dream;Mercado de Fruta
420;290;2022-06-28;609;Brooks Ltd;2021-05-23;Education;share;;;Mercado de Legumes
257;799;2025-10-13;3272;Mclaughlin, Noble and Mccall;2023-07-02;List;perform;;;Mercado de Fruta
21;592;2023-01-11;3198;Williams, Martinez and Gentry;2021-03-07;Congress;difficult;;;Mercado de Fruta
217;81;2020-05-12;4444;Moore, Guzman and Moore;2022-12-25;Coach;ago;;;Mercado de Flores
316;536;2023-06-29;2235;Rodriguez, Huff and Holland;2024-08-16;Left;increase;;;Mercado de Legumes
472;810;2022-11-28;2963;Camacho Inc;2022-03-16;Music;expect;;;Mercado de Flores
1;428;2022-03-24;4583;Cooper and Sons;2022-04-26;Any;front;;;Mercado de Legumes
11;663;2023-01-01;4556;Serrano, Young and Nichols;2024-10-20;Financial;charge;;;Mercado de Flores
349;340;2021-04-28;215;Wise-Perry;2021-04-04;During;national;;;Mercado de Fruta
486;416;2022-04-07;3595;Stewart Inc;2024-10-25;Be;stay;180.0;party;Mercado de Legumes
390;629;2023-03-01;3512;Lawrence, Gardner and Harris;2023-03-17;Defense;whom;;;Mercado de Legumes
367;687;2025-09-15;2079;Waters Inc;2025-12-04;Clear;quality;;;Mercado de Flores
107;718;2023-11-18;3996;Jones, Keith and Wiggins;2021-05-06;Eight;gun;;;Mercado de Fruta
438;366;2020-05-30;3412;Reed, Vega and Ho;2022-04-05;Above;manage;42.0;seem;Mercado de Flores
380;199;2020-08-02;579;Hill, Brown and Clark;2023-05-13;Before;around;;;Mercado de Fruta
147;50;2023-09-09;1478;Hess-Dickson;2022-09-18;Up;foot;119.0;force;Mercado de Legumes
293;300;2021-11-18;2007;Tyler LLC;2025-11-18;Follow;not;;;Mercado de Flores
167;758;2025-01-26;4150;Walker LLC;2023-07-29;Every;stock;;;Mercado de Legumes
487;443;2025-08-04;1994;Martin, Mosley and York;2022-04-29;Several;hand;;;Mercado de Legumes
379;546;2024-03-30;2413;Ross, Ray and Bean;2023-09-04;Cover;control;22.0;join;Mercado de Flores
292;818;2025-12-01;1036;Johnson-Garcia;2022-04-20;Now;he;;;Mercado de Legumes
457;73;2021-12-20;3325;Olsen LLC;2024-01-29;Organization;relationship;;;Mercado de Fruta
173;537;2020-09-25;4861;Roberts, Nichols and Simon;2023-07-04;Skin;you;;;Mercado de Flores
436;681;2022-10-01;1054;Henry, Krueger and Freeman;2021-09-19;Blue;window;;;Mercado de Flores
109;495;2021-12-24;1090;Sanchez-Atkinson;2024-07-27;Medical;interesting;;;Mercado de Flores
458;483;2023-04-07;1106;Long, Walker and Allison;2025-03-29;Lead;chair;;;Mercado de Flores
71;455;2020-07-10;4107;Krueger, Trujillo and Gonzalez;2022-01-15;Read;measure;;;Mercado de Legumes
104;360;2020-07-18;4820;Mosley, Petty and Davis;2026-01-02;Television;base;;;Mercado de Flores
313;107;2024-10-18;4287;Stout-Rodgers;2022-09-19;Modern;yes;92.0;why;Mercado de Legumes
257;410;2024-06-11;4223;Mclaughlin, Noble and Mccall;2023-07-02;Control;goal;;;Mercado de Legumes
169;197;2025-05-15;3704;Hall Inc;2025-03-03;Address;offer;;;Mercado de Legumes
395;701;2022-06-20;910;Santana-Ray;2022-09-09;Important;stock;;;Mercado de Legumes
73;95;2025-01-18;3187;Adams, Lamb and Ellis;2022-05-26;Sure;lose;;;Mercado de Legumes
198;985;2025-09-06;2480;Bradley PLC;2021-04-20;Industry;do;;;Mercado de Fruta
137;119;2025-08-26;1111;Gray, Kim and Doyle;2023-09-10;Theory;account;;;Mercado de Legumes
416;76;2021-10-07;506;Richardson LLC;2022-12-31;Black;across;;;Mercado de Fruta
152;704;2020-03-26;2631;Schultz-Glass;2023-06-16;Defense;star;118.0;western;Mercado de Legumes
200;98;2021-07-28;3657;Hernandez, Rojas and Rodriguez;2024-02-06;Hit;successful;;;Mercado de Legumes
351;939;2020-12-16;4239;Curtis Inc;2024-10-01;Herself;win;101.0;both;Mercado de Flores
334;285;2025-12-26;2053;Hernandez-Mason;2024-04-05;Commercial;evidence;140.0;ok;Mercado de Flores
491;81;2024-05-26;4038;Smith LLC;2025-01-19;Coach;ago;156.0;hair;Mercado de Flores
491;81;2024-05-26;4038;Smith LLC;2025-01-19;Coach;ago;172.0;moment;Mercado de Flores
152;699;2025-03-24;1027;Schultz-Glass;2023-06-16;Yes;explain;118.0;western;Mercado de Flores
6;124;2024-02-15;4762;Parker, Kelly and Golden;2022-01-20;Find;how;12.0;sign;Mercado de Fruta
401;358;2023-03-19;451;Bell, Nelson and Walker;2026-01-20;Suggest;too;;;Mercado de Fruta
119;643;2022-09-25;3000;Shelton, Odonnell and Williams;2022-11-17;First;set;;;Mercado de Fruta
182;81;2024-11-16;1736;Moore, Rivera and Nguyen;2024-06-18;Coach;ago;;;Mercado de Flores
384;417;2020-01-05;4507;Gilbert, Schmidt and Macias;2025-03-21;Agreement;girl;161.0;policy;Mercado de Flores
8;281;2024-02-01;1619;Garcia-Lawson;2024-11-18;Voice;democratic;;;Mercado de Legumes
321;679;2025-02-13;719;Frost-Wolfe;2023-12-28;Also;husband;;;Mercado de Fruta
329;332;2025-09-02;2295;Miller LLC;2023-07-20;Show;wonder;35.0;mean;Mercado de Legumes
44;439;2020-01-30;136;Johnson, Hooper and Norton;2022-03-04;Weight;clear;;;Mercado de Fruta
313;733;2022-11-05;4102;Stout-Rodgers;2022-09-19;Think;success;92.0;why;Mercado de Fruta
155;271;2020-02-26;486;Harris-Travis;2023-09-23;Chair;near;;;Mercado de Fruta
252;807;2021-11-30;395;Mitchell, Phillips and Marshall;2024-10-27;To;nice;105.0;partner;Mercado de Flores
26;827;2021-05-28;3022;Barron, Dodson and Baker;2024-07-08;Million;air;;;Mercado de Legumes
46;257;2020-08-06;467;Jones-Atkinson;2022-09-28;If;participant;;;Mercado de Legumes
382;862;2024-08-13;1017;Buchanan-Marquez;2023-03-31;Feel;perform;;;Mercado de Fruta
135;15;2025-11-29;863;Williams-Smith;2021-11-26;Fast;character;;;Mercado de Flores
425;214;2020-10-30;3256;Sims PLC;2023-09-28;Available;evidence;58.0;different;Mercado de Fruta
425;214;2020-10-30;3256;Sims PLC;2023-09-28;Available;evidence;193.0;exactly;Mercado de Fruta
425;214;2020-10-30;3256;Sims PLC;2023-09-28;Available;evidence;196.0;personal;Mercado de Fruta
310;941;2024-03-04;4900;Turner, Bowman and Williams;2021-08-06;Picture;lay;;;Mercado de Legumes
61;934;2020-10-21;3225;Stewart, Hopkins and Williams;2021-12-31;Toward;act;;;Mercado de Fruta
294;690;2022-08-30;2190;Jones, Leon and Edwards;2024-02-02;Modern;strategy;98.0;human;Mercado de Flores
46;161;2020-06-02;493;Jones-Atkinson;2022-09-28;Participant;no;;;Mercado de Legumes
300;573;2022-05-11;3085;Saunders-Marshall;2022-10-25;Speech;whether;;;Mercado de Flores
288;70;2024-10-22;4853;Hicks, Griffin and Craig;2026-01-22;Official;almost;33.0;conference;Mercado de Fruta
134;611;2024-07-26;909;Riddle-Jones;2023-07-15;Career;rate;;;Mercado de Legumes
184;584;2024-04-09;2230;Moore, Lopez and Santos;2021-12-10;Consumer;half;;;Mercado de Legumes
273;29;2024-07-17;3937;Deleon, Conway and Sanchez;2024-12-11;Different;agency;134.0;leg;Mercado de Legumes
212;274;2022-02-21;2277;Mckenzie Ltd;2023-12-02;Generation;officer;;;Mercado de Fruta
250;429;2021-06-05;2507;Williams LLC;2024-05-24;Must;future;;;Mercado de Flores
175;648;2022-12-01;2199;Alvarado, Cobb and Dillon;2023-09-19;Book;score;85.0;over;Mercado de Flores
82;281;2025-12-02;4195;Perez PLC;2022-08-24;Voice;democratic;;;Mercado de Legumes
22;120;2025-07-23;3992;Hernandez, Cain and Dalton;2021-04-23;Several;blue;158.0;outside;Mercado de Flores
140;444;2020-03-02;4774;Woodard PLC;2021-04-23;Really;specific;;;Mercado de Flores
350;186;2025-03-15;3200;Medina-Johnson;2023-03-01;Personal;within;;;Mercado de Flores
206;757;2020-12-26;197;Glass, Berry and Williams;2024-08-17;Theory;make;;;Mercado de Fruta
125;702;2023-07-01;4159;Rice, Freeman and Brown;2024-12-11;Cell;first;115.0;reality;Mercado de Flores
446;440;2025-04-14;1906;Duffy-Molina;2022-11-01;Each;later;93.0;paper;Mercado de Legumes
470;936;2025-07-28;822;Ray, Hall and Graves;2024-05-10;Dream;speak;;;Mercado de Flores
228;898;2023-09-06;3800;Butler PLC;2021-05-21;Million;role;;;Mercado de Fruta
496;852;2025-11-30;128;Barrett, Patrick and Morton;2025-03-09;Off;another;129.0;nor;Mercado de Flores
201;487;2026-01-28;116;Swanson Group;2022-06-11;Court;address;195.0;state;Mercado de Fruta
96;689;2023-08-09;1209;Sosa, Newton and Anderson;2022-05-18;Raise;clear;;;Mercado de Legumes
352;555;2024-05-22;4846;Brewer-Willis;2024-10-10;Green;particularly;;;Mercado de Flores
107;220;2021-07-27;1872;Jones, Keith and Wiggins;2021-05-06;Plan;case;;;Mercado de Fruta
276;16;2023-01-13;3551;Spencer PLC;2025-06-17;Reduce;toward;;;Mercado de Fruta
355;368;2023-11-07;2393;Snyder-Kane;2024-09-28;Challenge;instead;;;Mercado de Legumes
422;834;2023-07-27;3250;Wright, Dickerson and Mcdonald;2023-02-13;Interesting;unit;162.0;management;Mercado de Flores
231;491;2022-09-24;1936;Griffin PLC;2021-03-20;Point;place;;;Mercado de Legumes
27;433;2025-05-16;4829;Mosley-Kim;2023-04-06;Else;customer;;;Mercado de Fruta
51;702;2020-08-01;855;Mueller-Herrera;2022-08-02;Cell;first;;;Mercado de Flores
490;213;2022-10-08;1535;Pruitt-Young;2021-04-13;Despite;environment;;;Mercado de Flores
124;759;2024-05-15;317;Baker Inc;2021-05-29;Own;recognize;72.0;language;Mercado de Flores
415;365;2022-03-06;3792;Anderson, Yoder and Taylor;2021-08-26;Main;thank;60.0;thing;Mercado de Legumes
82;462;2021-11-25;4839;Perez PLC;2022-08-24;Daughter;compare;;;Mercado de Flores
474;420;2020-10-15;595;Alvarez, Lee and Lopez;2021-04-28;Enjoy;long;127.0;through;Mercado de Flores
474;420;2020-10-15;595;Alvarez, Lee and Lopez;2021-04-28;Enjoy;long;163.0;party;Mercado de Flores
272;40;2022-11-13;1070;Barrett PLC;2022-06-07;Realize;table;;;Mercado de Fruta
95;288;2023-05-05;2422;Woods and Sons;2022-04-09;There;ask;32.0;follow;Mercado de Flores
358;268;2022-12-05;4417;Mccormick and Sons;2023-11-06;Them;often;24.0;during;Mercado de Fruta
358;268;2022-12-05;4417;Mccormick and Sons;2023-11-06;Them;often;138.0;democratic;Mercado de Fruta
13;763;2020-11-30;3719;Conley, Snyder and Stone;2025-05-01;Front;former;100.0;each;Mercado de Fruta
13;763;2020-11-30;3719;Conley, Snyder and Stone;2025-05-01;Front;former;198.0;themselves;Mercado de Fruta
489;416;2022-02-06;381;Lee, Guerrero and Alexander;2026-01-14;Be;stay;;;Mercado de Legumes
465;477;2021-02-06;1717;Smith-King;2025-09-06;Pay;sport;;;Mercado de Flores
303;602;2022-11-12;3846;Bishop, Evans and Thompson;2021-12-22;Machine;suffer;;;Mercado de Legumes
407;955;2023-03-05;2224;Ford, Spencer and Copeland;2021-10-25;True;house;;;Mercado de Fruta
421;391;2021-05-19;4034;Martin LLC;2023-10-20;Every;hospital;;;Mercado de Fruta
362;674;2020-07-02;1505;Mccullough-Mckinney;2024-11-08;Remain;voice;94.0;all;Mercado de Legumes
362;674;2020-07-02;1505;Mccullough-Mckinney;2024-11-08;Remain;voice;157.0;environment;Mercado de Legumes
444;564;2023-12-16;1424;Mack-Castillo;2024-04-27;Firm;majority;;;Mercado de Flores
165;647;2023-06-29;2659;Williams, Griffith and Craig;2025-01-08;Husband;with;39.0;away;Mercado de Legumes
333;329;2024-05-10;2990;Robinson, Riddle and Reese;2024-10-16;Without;piece;;;Mercado de Legumes
162;435;2025-04-13;4130;Jacobs-Watson;2025-05-15;Already;run;;;Mercado de Flores
324;144;2023-02-07;1975;Pearson-Dean;2022-05-18;Low;recently;;;Mercado de Flores
92;839;2022-01-22;2149;Perez-Robinson;2024-12-31;Security;moment;;;Mercado de Legumes
206;12;2025-09-23;673;Glass, Berry and Williams;2024-08-17;Not;Congress;;;Mercado de Flores
142;75;2023-09-12;1651;Guzman Inc;2024-04-08;Relate;no;2.0;beyond;Mercado de Flores
316;145;2023-07-11;1689;Rodriguez, Huff and Holland;2024-08-16;Deal;all;;;Mercado de Fruta
25;449;2021-03-18;3406;Scott, Daugherty and Grant;2021-05-04;Light;would;155.0;generation;Mercado de Legumes
472;833;2023-11-06;1904;Camacho Inc;2022-03-16;Each;even;;;Mercado de Legumes
441;771;2022-05-12;4759;Mclaughlin, Hernandez and Fitzpatrick;2025-05-27;Stuff;mother;;;Mercado de Flores
478;590;2021-04-20;4397;Vaughan, Tucker and Jackson;2023-05-14;Team;day;;;Mercado de Legumes
110;825;2023-08-22;4275;Price Inc;2025-10-27;Central;magazine;121.0;what;Mercado de Flores
390;916;2024-07-18;210;Lawrence, Gardner and Harris;2023-03-17;Anyone;reduce;;;Mercado de Fruta
65;535;2022-08-18;1529;Serrano-Hoover;2024-05-14;Recognize;name;144.0;total;Mercado de Fruta
394;886;2022-04-01;2151;Mcgee-Ramirez;2024-11-29;Compare;student;;;Mercado de Fruta
173;61;2023-08-10;936;Roberts, Nichols and Simon;2023-07-04;Everybody;stay;;;Mercado de Fruta
174;487;2020-03-21;1700;Pope, Perez and Mcdonald;2024-06-19;Court;address;;;Mercado de Fruta
477;851;2020-01-04;1699;Jenkins-Butler;2023-02-09;Third;book;;;Mercado de Legumes
12;69;2022-05-27;1833;Bradley LLC;2024-08-05;True;stay;;;Mercado de Flores
296;131;2020-02-02;674;Coleman-Reyes;2025-07-26;Generation;work;83.0;responsibility;Mercado de Legumes
296;131;2020-02-02;674;Coleman-Reyes;2025-07-26;Generation;work;145.0;somebody;Mercado de Legumes
30;39;2020-08-05;4426;Vargas, Santiago and Mcdonald;2024-10-25;Hand;financial;;;Mercado de Flores
364;665;2023-04-02;1169;Boyd-Sexton;2024-06-11;Night;experience;;;Mercado de Legumes
282;420;2024-11-11;2320;Wilson LLC;2025-01-17;Enjoy;long;130.0;billion;Mercado de Flores
282;420;2024-11-11;2320;Wilson LLC;2025-01-17;Enjoy;long;167.0;wonder;Mercado de Flores
192;880;2021-07-19;1279;Bowman Ltd;2023-10-30;Produce;television;;;Mercado de Fruta
38;784;2024-01-29;710;Moore LLC;2022-08-15;Score;poor;;;Mercado de Fruta
205;290;2025-10-17;417;Turner-Cook;2023-12-03;Education;share;;;Mercado de Legumes
491;469;2023-06-28;2238;Smith LLC;2025-01-19;Throughout;north;156.0;hair;Mercado de Fruta
491;469;2023-06-28;2238;Smith LLC;2025-01-19;Throughout;north;172.0;moment;Mercado de Fruta
442;285;2020-02-05;2280;Savage Ltd;2025-04-01;Commercial;evidence;;;Mercado de Flores
341;859;2024-09-08;3136;Alvarez, Dunn and Browning;2023-04-02;Room;PM;;;Mercado de Fruta
228;733;2020-12-15;4222;Butler PLC;2021-05-21;Think;success;;;Mercado de Fruta
54;731;2022-02-22;2451;Schroeder, Hahn and Miller;2021-03-11;By;finally;;;Mercado de Legumes
248;360;2023-09-18;1939;Reese, Flores and Wright;2025-04-24;Television;base;;;Mercado de Flores
277;302;2024-07-03;139;Bennett Group;2021-03-31;Poor;responsibility;;;Mercado de Legumes
154;74;2025-09-25;1035;Coffey, Hodges and Tanner;2024-09-16;Then;no;179.0;democratic;Mercado de Legumes
154;74;2025-09-25;1035;Coffey, Hodges and Tanner;2024-09-16;Then;no;189.0;kind;Mercado de Legumes
132;869;2020-05-21;1522;Branch and Sons;2021-12-10;Who;glass;69.0;exist;Mercado de Legumes
443;63;2021-01-14;1974;Avila Group;2026-01-21;Paper;street;7.0;might;Mercado de Flores
443;63;2021-01-14;1974;Avila Group;2026-01-21;Paper;street;75.0;grow;Mercado de Flores
133;216;2020-02-20;1147;Bullock Ltd;2022-03-23;Sure;well;71.0;side;Mercado de Flores
218;829;2022-09-19;4175;Olson Inc;2026-01-06;Fall;outside;;;Mercado de Fruta
141;466;2022-09-30;3590;Gordon LLC;2022-04-11;Government;exist;;;Mercado de Fruta
43;981;2025-01-11;1367;Hubbard-Morgan;2026-01-13;Force;give;120.0;once;Mercado de Flores
208;534;2022-02-20;2365;Nunez-Lopez;2025-09-23;Baby;machine;;;Mercado de Flores
86;281;2022-08-27;4081;Frederick, Kelly and Willis;2023-11-24;Voice;democratic;;;Mercado de Legumes
133;335;2024-08-17;3411;Bullock Ltd;2022-03-23;Girl;serious;71.0;side;Mercado de Legumes
157;640;2021-10-22;2218;West Group;2021-06-12;Nature;send;;;Mercado de Fruta
335;155;2024-04-07;2464;Webb Inc;2023-03-12;Question;future;;;Mercado de Legumes
68;695;2021-01-27;4843;Howard-Olson;2023-03-02;Local;weight;;;Mercado de Legumes
58;857;2024-09-30;339;Campos, Manning and Johnson;2021-09-03;Painting;so;;;Mercado de Legumes
452;286;2020-02-17;4400;Sims LLC;2025-12-16;Campaign;mind;;;Mercado de Fruta
302;596;2022-11-04;679;Howard-Palmer;2022-03-21;Indicate;hear;;;Mercado de Legumes
86;659;2024-04-11;4766;Frederick, Kelly and Willis;2023-11-24;Natural;friend;;;Mercado de Legumes
291;230;2025-08-27;2133;Hernandez LLC;2025-09-01;Theory;study;;;Mercado de Legumes
155;969;2025-06-25;292;Harris-Travis;2023-09-23;Hundred;resource;;;Mercado de Flores
52;461;2025-06-30;3588;Hess PLC;2022-07-05;Director;war;112.0;that;Mercado de Legumes
395;579;2024-07-20;2833;Santana-Ray;2022-09-09;Happen;hotel;;;Mercado de Flores
4;209;2020-03-06;3213;Compton, Gonzalez and Banks;2021-03-20;Stock;customer;49.0;next;Mercado de Legumes
25;963;2022-06-18;1037;Scott, Daugherty and Grant;2021-05-04;End;order;155.0;generation;Mercado de Flores
66;370;2021-01-05;100;Lara, Baker and Young;2025-09-16;Nice;adult;182.0;current;Mercado de Fruta
290;318;2023-09-23;522;Hart-Koch;2022-07-24;Expect;actually;106.0;finish;Mercado de Flores
427;316;2023-11-02;1513;Wright, Williams and Williams;2025-09-18;Where;so;;;Mercado de Fruta
490;66;2020-03-25;2567;Pruitt-Young;2021-04-13;Community;majority;;;Mercado de Flores
205;881;2020-11-05;4761;Turner-Cook;2023-12-03;Wear;table;;;Mercado de Legumes
196;276;2025-12-08;2154;Robinson-Cowan;2025-03-23;Prevent;if;;;Mercado de Flores
493;905;2023-12-02;1412;Blake Group;2025-03-31;Economic;meet;110.0;truth;Mercado de Legumes
47;232;2020-10-13;464;Benjamin-Reed;2024-09-25;Parent;cut;;;Mercado de Fruta
288;659;2021-02-28;266;Hicks, Griffin and Craig;2026-01-22;Natural;friend;33.0;conference;Mercado de Legumes
202;931;2020-02-01;2757;Thomas-Sanders;2025-02-12;Nearly;water;;;Mercado de Fruta
239;209;2020-06-26;2325;Garcia LLC;2025-07-11;Stock;customer;;;Mercado de Legumes
36;537;2025-11-24;474;Williams Inc;2025-02-07;Skin;you;152.0;increase;Mercado de Flores
440;849;2022-05-31;1847;Johnson, Smith and Reed;2024-11-14;Security;well;159.0;talk;Mercado de Flores
457;608;2022-05-28;820;Olsen LLC;2024-01-29;Answer;size;;;Mercado de Legumes
311;317;2025-09-17;4934;Johnson-Blankenship;2021-09-21;President;responsibility;46.0;far;Mercado de Legumes
13;418;2024-07-20;1004;Conley, Snyder and Stone;2025-05-01;May;tend;100.0;each;Mercado de Fruta
13;418;2024-07-20;1004;Conley, Snyder and Stone;2025-05-01;May;tend;198.0;themselves;Mercado de Fruta
489;57;2022-05-10;1360;Lee, Guerrero and Alexander;2026-01-14;Step;decide;;;Mercado de Flores
312;470;2025-08-25;298;Roberts, Sanchez and Cook;2021-10-18;Into;his;;;Mercado de Legumes
434;460;2020-08-13;2622;Reyes LLC;2023-06-10;Across;others;;;Mercado de Fruta
58;326;2023-12-23;570;Campos, Manning and Johnson;2021-09-03;Sit;remain;;;Mercado de Legumes
285;725;2022-09-16;1786;English-Williams;2023-09-29;Since;reduce;;;Mercado de Legumes
58;896;2023-11-29;1639;Campos, Manning and Johnson;2021-09-03;Sister;economic;;;Mercado de Legumes
234;340;2020-05-07;358;Yates LLC;2025-03-18;During;national;87.0;audience;Mercado de Fruta
234;340;2020-05-07;358;Yates LLC;2025-03-18;During;national;164.0;where;Mercado de Fruta
174;963;2025-09-25;1215;Pope, Perez and Mcdonald;2024-06-19;End;order;;;Mercado de Flores
448;674;2023-04-29;4191;Jacobs Ltd;2024-09-13;Remain;voice;;;Mercado de Legumes
119;597;2025-07-20;1533;Shelton, Odonnell and Williams;2022-11-17;Also;popular;;;Mercado de Flores
458;531;2020-05-27;1774;Long, Walker and Allison;2025-03-29;Clear;cost;;;Mercado de Flores
120;812;2024-03-21;2130;Mcdaniel-Garza;2022-08-16;Debate;let;;;Mercado de Legumes
92;160;2022-12-01;4065;Perez-Robinson;2024-12-31;Production;far;;;Mercado de Fruta
368;664;2020-02-14;1857;Martin and Sons;2024-01-11;Seat;according;;;Mercado de Fruta
102;411;2021-11-20;3128;Hood-Potter;2024-06-23;Establish;author;;;Mercado de Flores
370;857;2021-09-02;2877;Welch Ltd;2021-10-25;Painting;so;;;Mercado de Legumes
125;792;2024-09-18;3712;Rice, Freeman and Brown;2024-12-11;Eight;leg;115.0;reality;Mercado de Flores
28;451;2022-10-13;4904;Hancock, Walker and Miller;2022-11-08;Check;determine;;;Mercado de Fruta
316;147;2024-11-20;2300;Rodriguez, Huff and Holland;2024-08-16;Individual;court;;;Mercado de Flores
273;515;2021-12-04;4033;Deleon, Conway and Sanchez;2024-12-11;Light;there;134.0;leg;Mercado de Legumes
287;139;2021-03-18;4172;Bailey, Bush and Hernandez;2024-12-15;Ok;finally;148.0;room;Mercado de Fruta
22;261;2024-11-10;2765;Hernandez, Cain and Dalton;2021-04-23;Report;matter;158.0;outside;Mercado de Flores
417;378;2020-12-28;4362;Wells Group;2026-01-14;Under;kitchen;;;Mercado de Flores
48;823;2026-02-08;2807;Munoz Ltd;2021-03-17;Music;certainly;;;Mercado de Fruta
243;697;2020-10-19;1235;Jensen, Flores and Barnes;2021-07-05;Actually;still;;;Mercado de Fruta
69;437;2022-03-16;2945;Goodman-Kirby;2022-12-31;Care;score;67.0;hair;Mercado de Legumes
356;20;2025-11-23;2779;Cook, Boyer and Cox;2024-02-10;Increase;field;;;Mercado de Legumes
495;349;2024-08-25;3750;Miller, Cherry and Torres;2025-12-22;Hour;think;;;Mercado de Fruta
343;1;2024-12-04;3365;Stone, Romero and Walton;2022-02-19;Effect;else;;;Mercado de Fruta
194;88;2025-03-05;4288;Bowen and Sons;2022-07-29;Floor;reach;;;Mercado de Fruta
2;10;2024-09-30;1042;Rogers, Fernandez and Perez;2023-11-29;News;treat;176.0;price;Mercado de Fruta
2;10;2024-09-30;1042;Rogers, Fernandez and Perez;2023-11-29;News;treat;199.0;lot;Mercado de Fruta
198;519;2021-10-24;2980;Bradley PLC;2021-04-20;Feeling;set;;;Mercado de Flores
241;368;2023-01-28;1755;Bates-Rivera;2022-09-06;Challenge;instead;;;Mercado de Legumes
258;740;2025-09-08;825;Sims, Miller and Chavez;2021-06-01;Field;computer;;;Mercado de Legumes
273;236;2024-04-29;4313;Deleon, Conway and Sanchez;2024-12-11;Cultural;control;134.0;leg;Mercado de Legumes
199;81;2023-09-14;1078;Hanson-Fleming;2025-09-15;Coach;ago;;;Mercado de Flores
250;320;2024-08-14;1859;Williams LLC;2024-05-24;Common;grow;;;Mercado de Legumes
327;111;2025-07-30;4901;Mills, Mclaughlin and Smith;2026-02-09;Season;behind;66.0;certainly;Mercado de Flores
144;345;2021-06-08;1584;Mercado-Thomas;2024-04-11;Light;owner;103.0;need;Mercado de Flores
43;153;2023-11-09;2981;Hubbard-Morgan;2026-01-13;Look;at;120.0;once;Mercado de Flores
242;529;2023-09-07;3706;Bishop, Acosta and Obrien;2022-08-25;Car;season;;;Mercado de Fruta
435;940;2020-04-15;2245;Thompson-Kramer;2024-03-05;Whether;benefit;;;Mercado de Fruta
348;700;2023-07-13;905;Lyons-Mccoy;2021-09-26;Great;against;76.0;involve;Mercado de Fruta
432;733;2023-08-18;180;Wright Group;2021-03-18;Think;success;;;Mercado de Fruta
439;168;2024-11-09;1278;Lopez, Jimenez and Miller;2024-03-06;Address;product;;;Mercado de Flores
408;520;2024-08-01;4724;Wright-Jones;2022-01-26;Science;poor;;;Mercado de Fruta
133;857;2025-10-22;3417;Bullock Ltd;2022-03-23;Painting;so;71.0;side;Mercado de Legumes
392;932;2020-05-07;1331;Nelson-Donaldson;2024-05-14;Rule;about;107.0;sense;Mercado de Legumes
191;444;2020-10-27;2962;Cross, Skinner and Hart;2022-12-01;Really;specific;;;Mercado de Flores
67;300;2021-12-09;403;Jones, Wolf and Smith;2022-08-07;Follow;not;;;Mercado de Flores
361;167;2024-04-07;1942;Martinez Ltd;2023-11-22;Final;message;80.0;by;Mercado de Legumes
321;333;2022-09-29;4515;Frost-Wolfe;2023-12-28;To;watch;;;Mercado de Flores
47;940;2025-11-05;317;Benjamin-Reed;2024-09-25;Whether;benefit;;;Mercado de Fruta
265;797;2023-04-05;2512;Baker-Wheeler;2021-11-02;Another;live;;;Mercado de Legumes
47;835;2025-07-16;961;Benjamin-Reed;2024-09-25;Worker;near;;;Mercado de Fruta
402;133;2022-11-15;2060;Miller-Wagner;2023-04-08;Ten;international;;;Mercado de Fruta
78;957;2022-02-03;3455;Douglas and Sons;2025-06-07;Glass;especially;;;Mercado de Flores
464;251;2021-04-05;275;Morris Ltd;2021-10-01;Create;media;;;Mercado de Legumes
80;309;2024-10-02;3852;Boyd, Johnson and Miller;2024-08-15;Social;shake;10.0;exactly;Mercado de Flores
80;309;2024-10-02;3852;Boyd, Johnson and Miller;2024-08-15;Social;shake;96.0;parent;Mercado de Flores
256;908;2024-12-16;3787;Martinez and Sons;2022-09-09;Lawyer;outside;6.0;bar;Mercado de Legumes
161;546;2024-09-28;4952;Mays-Harmon;2022-10-23;Cover;control;;;Mercado de Flores
212;908;2023-06-20;4658;Mckenzie Ltd;2023-12-02;Lawyer;outside;;;Mercado de Legumes
398;562;2022-07-21;3278;Williams-Reynolds;2021-07-19;Laugh;impact;38.0;ten;Mercado de Fruta
398;562;2022-07-21;3278;Williams-Reynolds;2021-07-19;Laugh;impact;200.0;professional;Mercado de Fruta
216;920;2021-09-24;3913;Kirk LLC;2025-02-16;Kid;son;74.0;employee;Mercado de Legumes
448;132;2025-04-08;2434;Jacobs Ltd;2024-09-13;Reveal;create;;;Mercado de Flores
179;115;2020-05-13;3634;Bowman, Boyer and Smith;2025-03-16;Current;describe;;;Mercado de Fruta
489;243;2024-10-20;3498;Lee, Guerrero and Alexander;2026-01-14;Pick;thing;;;Mercado de Flores
183;851;2023-03-21;1810;Velez, Price and Cortez;2022-02-23;Third;book;;;Mercado de Legumes
406;584;2025-06-23;1429;Rodriguez-Spencer;2022-05-20;Consumer;half;;;Mercado de Legumes
121;897;2023-09-21;2970;Ruiz, Miller and Giles;2023-10-05;Eat;growth;;;Mercado de Flores
351;150;2020-10-29;4277;Curtis Inc;2024-10-01;Director;myself;101.0;both;Mercado de Flores
212;612;2020-10-16;1490;Mckenzie Ltd;2023-12-02;Cut;meet;;;Mercado de Flores
145;279;2024-05-09;1761;Weaver Ltd;2021-10-16;Red;join;;;Mercado de Flores
238;326;2021-08-28;3391;Whitney, Kim and Moore;2025-02-23;Sit;remain;;;Mercado de Legumes
300;974;2023-10-29;2391;Saunders-Marshall;2022-10-25;Eight;group;;;Mercado de Legumes
492;673;2024-10-05;3178;Lyons, Gomez and Oconnor;2021-04-27;Night;continue;;;Mercado de Fruta
432;216;2021-07-02;2283;Wright Group;2021-03-18;Sure;well;;;Mercado de Flores
224;561;2022-05-31;794;Coleman-Green;2021-04-06;Those;turn;137.0;mission;Mercado de Flores
143;591;2022-01-25;803;Flores and Sons;2024-12-02;Article;interest;;;Mercado de Flores
453;575;2020-11-21;4358;Tran PLC;2023-10-18;Great;age;88.0;inside;Mercado de Legumes
156;958;2022-06-05;1511;Wilkinson, George and Turner;2024-05-22;Property;store;;;Mercado de Fruta
108;593;2022-09-16;1649;Mejia Ltd;2021-06-22;Throw;picture;;;Mercado de Legumes
446;866;2023-10-22;2701;Duffy-Molina;2022-11-01;Base;compare;93.0;paper;Mercado de Legumes
180;198;2023-07-15;4273;Tran-Huynh;2021-10-01;Personal;religious;3.0;teach;Mercado de Flores
176;71;2022-03-25;544;Schaefer-Brooks;2021-04-09;Hundred;rather;;;Mercado de Legumes
52;184;2020-01-13;1504;Hess PLC;2022-07-05;Movie;many;112.0;that;Mercado de Fruta
478;135;2020-01-07;1458;Vaughan, Tucker and Jackson;2023-05-14;Although;lead;;;Mercado de Flores
86;257;2022-05-02;3467;Frederick, Kelly and Willis;2023-11-24;If;participant;;;Mercado de Legumes
133;60;2021-12-02;1538;Bullock Ltd;2022-03-23;Accept;low;71.0;side;Mercado de Flores
309;98;2025-02-26;2613;Maldonado-Macias;2021-03-27;Hit;successful;;;Mercado de Legumes
139;564;2020-08-24;1569;Ramirez, Powell and Chen;2025-10-04;Firm;majority;81.0;majority;Mercado de Flores
342;822;2023-01-27;1662;Hernandez-King;2022-04-10;Medical;scene;;;Mercado de Flores
213;128;2022-03-12;1064;Gonzalez-George;2021-03-23;Employee;each;11.0;off;Mercado de Legumes
485;272;2025-01-21;4478;Allen and Sons;2023-06-18;Himself;finally;;;Mercado de Legumes
442;30;2023-03-24;1414;Savage Ltd;2025-04-01;Maybe;system;;;Mercado de Flores
408;587;2023-01-10;3253;Wright-Jones;2022-01-26;Purpose;player;;;Mercado de Legumes
154;369;2023-12-13;1945;Coffey, Hodges and Tanner;2024-09-16;Oil;likely;179.0;democratic;Mercado de Flores
154;369;2023-12-13;1945;Coffey, Hodges and Tanner;2024-09-16;Oil;likely;189.0;kind;Mercado de Flores
119;591;2020-01-27;1117;Shelton, Odonnell and Williams;2022-11-17;Article;interest;;;Mercado de Flores
365;558;2022-01-05;1883;Cantu, Palmer and Thomas;2025-01-03;Suddenly;analysis;;;Mercado de Flores
217;445;2021-05-26;4426;Moore, Guzman and Moore;2022-12-25;Like;parent;;;Mercado de Fruta
34;562;2024-12-25;4859;Martinez, Beck and Moyer;2022-10-22;Laugh;impact;47.0;too;Mercado de Fruta
392;147;2024-04-06;962;Nelson-Donaldson;2024-05-14;Individual;court;107.0;sense;Mercado de Flores
484;301;2023-10-02;4981;Greene Inc;2024-11-23;We;hit;124.0;follow;Mercado de Fruta
398;692;2020-07-23;808;Williams-Reynolds;2021-07-19;Fact;finally;38.0;ten;Mercado de Legumes
398;692;2020-07-23;808;Williams-Reynolds;2021-07-19;Fact;finally;200.0;professional;Mercado de Legumes
334;224;2026-01-03;1127;Hernandez-Mason;2024-04-05;Rather;source;140.0;ok;Mercado de Legumes
364;544;2020-02-29;4482;Boyd-Sexton;2024-06-11;Team;they;;;Mercado de Fruta
160;567;2021-10-14;4341;Marshall and Sons;2024-12-11;Must;friend;63.0;sit;Mercado de Flores
365;315;2020-01-11;3732;Cantu, Palmer and Thomas;2025-01-03;Attorney;financial;;;Mercado de Flores
365;905;2024-04-10;1771;Cantu, Palmer and Thomas;2025-01-03;Economic;meet;;;Mercado de Legumes
105;119;2023-01-10;2462;Mccall and Sons;2022-01-20;Theory;account;5.0;meet;Mercado de Legumes
105;119;2023-01-10;2462;Mccall and Sons;2022-01-20;Theory;account;187.0;coach;Mercado de Legumes
140;174;2024-06-01;2045;Woodard PLC;2021-04-23;Culture;back;;;Mercado de Flores
413;360;2022-11-30;4033;Shelton Inc;2024-03-19;Television;base;;;Mercado de Flores
473;244;2021-04-25;4449;Brock PLC;2024-01-10;School;write;;;Mercado de Fruta
219;695;2024-01-12;1960;Adams-Ferguson;2024-08-20;Local;weight;151.0;event;Mercado de Legumes
488;52;2020-11-12;4367;Rodriguez and Sons;2022-03-26;Ask;four;;;Mercado de Fruta
445;889;2020-12-24;2569;Rodriguez LLC;2023-11-14;Executive;level;;;Mercado de Fruta
407;32;2020-10-09;3151;Ford, Spencer and Copeland;2021-10-25;The;ball;;;Mercado de Legumes
298;199;2022-10-18;2912;Benson-Travis;2022-07-13;Before;around;34.0;will;Mercado de Fruta
46;219;2021-09-11;1195;Jones-Atkinson;2022-09-28;Speak;some;;;Mercado de Flores
500;808;2024-06-09;3455;Johnson-Anderson;2024-01-02;Because;material;;;Mercado de Fruta
342;67;2024-03-25;4515;Hernandez-King;2022-04-10;Money;inside;;;Mercado de Fruta
273;998;2023-09-29;431;Deleon, Conway and Sanchez;2024-12-11;Station;degree;134.0;leg;Mercado de Legumes
313;723;2022-12-31;4424;Stout-Rodgers;2022-09-19;Responsibility;management;92.0;why;Mercado de Flores
44;18;2020-01-08;707;Johnson, Hooper and Norton;2022-03-04;Large;skill;;;Mercado de Flores
217;187;2025-10-08;441;Moore, Guzman and Moore;2022-12-25;Cost;finally;;;Mercado de Fruta
237;115;2020-01-24;4553;Holland-Mckay;2025-02-19;Current;describe;128.0;so;Mercado de Fruta
132;262;2020-11-02;1913;Branch and Sons;2021-12-10;Recognize;whom;69.0;exist;Mercado de Fruta
190;274;2021-03-22;2341;Lyons-Cook;2023-06-02;Generation;officer;;;Mercado de Fruta
192;367;2023-07-18;1403;Bowman Ltd;2023-10-30;Street;outside;;;Mercado de Fruta
218;683;2021-04-29;626;Olson Inc;2026-01-06;Set;half;;;Mercado de Legumes
138;279;2022-08-13;4502;Lee-Keller;2023-10-06;Red;join;117.0;staff;Mercado de Flores
469;108;2025-08-15;1237;Hall Ltd;2024-01-09;Affect;amount;173.0;seem;Mercado de Flores
208;147;2025-01-03;4724;Nunez-Lopez;2025-09-23;Individual;court;;;Mercado de Flores
83;445;2025-05-31;1084;Graham LLC;2022-11-25;Like;parent;154.0;tree;Mercado de Fruta
456;906;2024-04-27;2348;Price, Franklin and Duarte;2025-01-08;Expect;else;;;Mercado de Flores
164;711;2022-07-13;743;Acevedo-Potts;2021-06-29;Detail;magazine;;;Mercado de Flores
202;798;2024-01-13;4170;Thomas-Sanders;2025-02-12;Young;pay;;;Mercado de Flores
123;680;2022-02-01;686;Rivas LLC;2024-11-01;Score;tell;54.0;million;Mercado de Legumes
123;680;2022-02-01;686;Rivas LLC;2024-11-01;Score;tell;108.0;office;Mercado de Legumes
370;125;2020-07-17;1408;Welch Ltd;2021-10-25;Risk;level;;;Mercado de Legumes
61;499;2025-02-20;4099;Stewart, Hopkins and Williams;2021-12-31;Leader;spend;;;Mercado de Fruta
433;974;2023-01-28;3725;Ballard-Orozco;2024-02-08;Eight;group;136.0;of;Mercado de Legumes
338;753;2021-05-03;1831;Brown Ltd;2025-02-19;First;last;;;Mercado de Flores
160;688;2022-10-06;3907;Marshall and Sons;2024-12-11;Special;where;63.0;sit;Mercado de Fruta
135;501;2025-01-20;932;Williams-Smith;2021-11-26;Offer;after;;;Mercado de Flores
445;92;2025-12-03;351;Rodriguez LLC;2023-11-14;System;dark;;;Mercado de Legumes
235;310;2025-05-30;958;Walker-Garcia;2025-06-30;Wind;situation;166.0;suffer;Mercado de Fruta
471;949;2022-08-26;4481;Mason-Rogers;2025-10-13;Watch;usually;;;Mercado de Fruta
216;37;2021-06-10;412;Kirk LLC;2025-02-16;My;various;74.0;employee;Mercado de Fruta
171;826;2020-11-14;2250;Holt Ltd;2021-04-28;Name;moment;57.0;seek;Mercado de Fruta
84;275;2021-07-10;780;Daniels LLC;2023-11-15;Course;result;;;Mercado de Legumes
13;172;2026-01-29;1596;Conley, Snyder and Stone;2025-05-01;Early;pretty;100.0;each;Mercado de Fruta
13;172;2026-01-29;1596;Conley, Snyder and Stone;2025-05-01;Early;pretty;198.0;themselves;Mercado de Fruta
204;48;2024-07-06;4885;Flynn-Knight;2023-08-04;Man;serious;;;Mercado de Flores
419;451;2022-01-13;108;Johnson, Hamilton and Price;2023-10-29;Check;determine;;;Mercado de Fruta
228;317;2020-06-14;299;Butler PLC;2021-05-21;President;responsibility;;;Mercado de Legumes
165;792;2024-04-21;4884;Williams, Griffith and Craig;2025-01-08;Eight;leg;39.0;away;Mercado de Flores
25;926;2020-12-02;2889;Scott, Daugherty and Grant;2021-05-04;Enter;government;155.0;generation;Mercado de Legumes
371;547;2024-03-27;2490;Wells, Jenkins and Martin;2025-08-30;Whatever;reduce;;;Mercado de Fruta
487;597;2023-01-09;4566;Martin, Mosley and York;2022-04-29;Also;popular;;;Mercado de Flores
315;761;2022-08-15;1345;Garcia, Campbell and Powell;2023-02-17;Government;system;;;Mercado de Legumes
480;640;2024-08-21;738;Jones-Chavez;2022-10-24;Nature;send;99.0;then;Mercado de Fruta
480;640;2024-08-21;738;Jones-Chavez;2022-10-24;Nature;send;131.0;religious;Mercado de Fruta
183;849;2024-01-25;3007;Velez, Price and Cortez;2022-02-23;Security;well;;;Mercado de Flores
435;680;2023-07-28;793;Thompson-Kramer;2024-03-05;Score;tell;;;Mercado de Legumes
54;966;2021-12-03;674;Schroeder, Hahn and Miller;2021-03-11;Still;offer;;;Mercado de Flores
354;32;2021-11-03;687;Martinez, Sanchez and Smith;2023-08-21;The;ball;;;Mercado de Legumes
287;598;2025-01-27;809;Bailey, Bush and Hernandez;2024-12-15;Oil;speech;148.0;room;Mercado de Fruta
12;751;2025-10-01;274;Bradley LLC;2024-08-05;If;identify;;;Mercado de Fruta
64;229;2023-10-14;3925;Gonzalez, Vasquez and Powers;2024-07-20;Go;run;;;Mercado de Fruta
145;791;2020-02-08;1952;Weaver Ltd;2021-10-16;Project;become;;;Mercado de Legumes
441;482;2022-03-23;1727;Mclaughlin, Hernandez and Fitzpatrick;2025-05-27;Manager;behavior;;;Mercado de Legumes
318;980;2023-07-23;2587;Gutierrez, Cisneros and Phillips;2021-07-28;If;meet;;;Mercado de Legumes
216;675;2021-07-17;1505;Kirk LLC;2025-02-16;Land;easy;74.0;employee;Mercado de Flores
496;831;2022-07-30;4415;Barrett, Patrick and Morton;2025-03-09;Yard;everyone;129.0;nor;Mercado de Flores
335;83;2024-07-20;4681;Webb Inc;2023-03-12;Husband;sit;;;Mercado de Legumes
58;7;2021-03-16;3972;Campos, Manning and Johnson;2021-09-03;Civil;career;;;Mercado de Fruta
115;636;2024-05-22;2105;Johnson, Brennan and Wright;2025-01-01;Second;arrive;183.0;feeling;Mercado de Flores
179;897;2023-02-13;1056;Bowman, Boyer and Smith;2025-03-16;Eat;growth;;;Mercado de Flores
73;201;2021-06-04;2453;Adams, Lamb and Ellis;2022-05-26;Senior;many;;;Mercado de Flores
150;407;2020-03-31;126;Zhang, Arnold and Richmond;2021-11-15;Admit;administration;;;Mercado de Legumes
392;834;2024-04-02;180;Nelson-Donaldson;2024-05-14;Interesting;unit;107.0;sense;Mercado de Flores
12;648;2022-11-06;3257;Bradley LLC;2024-08-05;Book;score;;;Mercado de Flores
151;559;2022-02-27;500;Duncan PLC;2023-08-10;Admit;position;;;Mercado de Fruta
77;562;2020-06-19;3225;Carter PLC;2024-11-13;Laugh;impact;;;Mercado de Fruta
73;31;2025-08-26;4586;Adams, Lamb and Ellis;2022-05-26;Security;marriage;;;Mercado de Fruta
186;168;2021-04-22;4814;Glass LLC;2021-02-27;Address;product;;;Mercado de Flores
72;740;2021-02-23;240;Crane-Torres;2022-06-18;Field;computer;86.0;school;Mercado de Legumes
322;916;2025-06-12;1447;Elliott Group;2024-07-27;Anyone;reduce;;;Mercado de Fruta
259;121;2021-03-09;2918;Pham, Farmer and Marsh;2021-04-12;Everyone;whatever;50.0;have;Mercado de Fruta
72;27;2020-03-18;2138;Crane-Torres;2022-06-18;Republican;trouble;86.0;school;Mercado de Flores
272;562;2025-09-09;4377;Barrett PLC;2022-06-07;Laugh;impact;;;Mercado de Fruta
308;526;2023-10-10;3988;Jones, Harrington and Herrera;2024-03-21;Other;memory;;;Mercado de Fruta
169;639;2024-09-26;1572;Hall Inc;2025-03-03;Local;effort;;;Mercado de Flores
205;838;2020-07-13;2595;Turner-Cook;2023-12-03;Phone;interview;;;Mercado de Fruta
22;26;2022-04-04;3626;Hernandez, Cain and Dalton;2021-04-23;Available;yard;158.0;outside;Mercado de Legumes
129;604;2024-06-11;1645;Gonzalez LLC;2025-09-05;Small;which;30.0;difficult;Mercado de Fruta
129;604;2024-06-11;1645;Gonzalez LLC;2025-09-05;Small;which;191.0;a;Mercado de Fruta
408;290;2025-02-27;1311;Wright-Jones;2022-01-26;Education;share;;;Mercado de Legumes
323;987;2023-10-26;677;Cummings and Sons;2022-10-22;Bit;success;;;Mercado de Flores
252;501;2023-08-26;2125;Mitchell, Phillips and Marshall;2024-10-27;Offer;after;105.0;partner;Mercado de Flores
439;428;2020-10-25;3846;Lopez, Jimenez and Miller;2024-03-06;Any;front;;;Mercado de Legumes
379;593;2025-07-13;3234;Ross, Ray and Bean;2023-09-04;Throw;picture;22.0;join;Mercado de Legumes
62;453;2021-11-02;1940;Dean Group;2023-04-26;Require;situation;;;Mercado de Flores
473;6;2023-11-28;4857;Brock PLC;2024-01-10;Response;shoulder;;;Mercado de Flores
493;959;2021-05-22;2590;Blake Group;2025-03-31;Already;attack;110.0;truth;Mercado de Legumes
84;633;2020-10-31;4675;Daniels LLC;2023-11-15;Action;its;;;Mercado de Flores
270;561;2022-09-29;699;Knight-Alexander;2023-05-25;Those;turn;175.0;practice;Mercado de Flores
151;618;2020-12-08;1803;Duncan PLC;2023-08-10;West;manage;;;Mercado de Flores
164;359;2020-08-29;2355;Acevedo-Potts;2021-06-29;Market;sister;;;Mercado de Legumes
38;301;2021-11-17;4190;Moore LLC;2022-08-15;We;hit;;;Mercado de Fruta
136;222;2024-07-13;4867;Knight Group;2025-03-11;Evening;happen;;;Mercado de Flores
39;520;2023-10-28;4908;Yu-Ramirez;2025-09-02;Science;poor;21.0;party;Mercado de Fruta
71;427;2021-05-08;2634;Krueger, Trujillo and Gonzalez;2022-01-15;Task;education;;;Mercado de Fruta
210;3;2024-07-14;3418;Clark Ltd;2024-07-20;Development;approach;19.0;perhaps;Mercado de Flores
56;970;2024-02-14;3973;Wheeler-Blackburn;2025-06-13;Use;lawyer;1.0;move;Mercado de Fruta
56;970;2024-02-14;3973;Wheeler-Blackburn;2025-06-13;Use;lawyer;132.0;sort;Mercado de Fruta
233;199;2021-06-22;2116;Hernandez-Hart;2021-08-13;Before;around;177.0;media;Mercado de Fruta
171;600;2025-10-11;3749;Holt Ltd;2021-04-28;Television;why;57.0;seek;Mercado de Flores
405;982;2022-03-15;1075;Valenzuela-Meyer;2024-09-09;Their;ever;;;Mercado de Fruta
45;852;2022-08-03;3115;Carney-Walker;2023-06-05;Off;another;;;Mercado de Flores
179;464;2023-03-15;2856;Bowman, Boyer and Smith;2025-03-16;Put;idea;;;Mercado de Legumes
470;446;2025-11-03;3848;Ray, Hall and Graves;2024-05-10;Painting;take;;;Mercado de Legumes
221;507;2024-03-24;388;Gardner Group;2024-11-05;Space;none;41.0;big;Mercado de Flores
361;345;2020-02-29;2871;Martinez Ltd;2023-11-22;Light;owner;80.0;by;Mercado de Flores
249;247;2021-01-27;3277;Dunlap, Cabrera and Thompson;2021-04-23;Nice;although;;;Mercado de Fruta
28;969;2025-12-17;4054;Hancock, Walker and Miller;2022-11-08;Hundred;resource;;;Mercado de Flores
252;968;2024-09-10;4405;Mitchell, Phillips and Marshall;2024-10-27;Responsibility;read;105.0;partner;Mercado de Legumes
136;353;2020-02-02;1199;Knight Group;2025-03-11;See;cover;;;Mercado de Legumes
64;725;2023-06-12;3160;Gonzalez, Vasquez and Powers;2024-07-20;Since;reduce;;;Mercado de Legumes
458;976;2025-02-16;247;Long, Walker and Allison;2025-03-29;Network;almost;;;Mercado de Fruta
170;707;2020-11-19;2915;Collins-Campos;2025-06-15;House;red;;;Mercado de Legumes
324;878;2021-09-05;798;Pearson-Dean;2022-05-18;Personal;could;;;Mercado de Legumes
4;284;2020-02-03;4155;Compton, Gonzalez and Banks;2021-03-20;Box;level;49.0;next;Mercado de Legumes
270;944;2021-04-27;1317;Knight-Alexander;2023-05-25;Stay;detail;175.0;practice;Mercado de Legumes
412;81;2021-03-01;1559;Young Ltd;2021-10-29;Coach;ago;;;Mercado de Flores
294;858;2022-05-04;1030;Jones, Leon and Edwards;2024-02-02;Coach;concern;98.0;human;Mercado de Flores
301;706;2022-06-25;3220;York, Carter and Hernandez;2022-10-28;Yourself;high;52.0;institution;Mercado de Fruta
16;447;2022-04-07;514;Barber, Dominguez and Smith;2024-03-10;Front;population;122.0;any;Mercado de Flores
16;447;2022-04-07;514;Barber, Dominguez and Smith;2024-03-10;Front;population;160.0;meet;Mercado de Flores
16;447;2022-04-07;514;Barber, Dominguez and Smith;2024-03-10;Front;population;192.0;single;Mercado de Flores
159;357;2021-08-04;4514;Johnson, Long and Benson;2022-06-05;One;his;;;Mercado de Flores
404;151;2026-02-04;3138;Jordan, Kim and Bowman;2024-02-28;Learn;body;;;Mercado de Fruta
216;489;2022-03-13;1049;Kirk LLC;2025-02-16;Culture;artist;74.0;employee;Mercado de Flores
112;973;2022-03-15;3197;Colon, King and Evans;2022-10-21;Loss;term;;;Mercado de Fruta
291;860;2023-08-25;2232;Hernandez LLC;2025-09-01;Minute;police;;;Mercado de Legumes
126;800;2020-05-04;1711;Patterson-Oconnor;2023-06-03;Account;whom;;;Mercado de Legumes
42;253;2022-08-14;3633;Goodwin-Murphy;2023-05-27;Concern;responsibility;;;Mercado de Fruta
243;632;2024-07-25;974;Jensen, Flores and Barnes;2021-07-05;Ok;adult;;;Mercado de Legumes
286;288;2022-04-01;3295;James PLC;2024-11-09;There;ask;;;Mercado de Flores
449;586;2022-03-19;2325;Price-Mckay;2023-01-29;Fact;receive;;;Mercado de Fruta
233;794;2020-09-15;1324;Hernandez-Hart;2021-08-13;Institution;glass;177.0;media;Mercado de Legumes
315;336;2021-10-13;1524;Garcia, Campbell and Powell;2023-02-17;Unit;list;;;Mercado de Flores
144;714;2021-04-14;1922;Mercado-Thomas;2024-04-11;Range;late;103.0;need;Mercado de Flores
272;170;2022-07-25;2485;Barrett PLC;2022-06-07;Argue;reality;;;Mercado de Legumes
24;284;2025-04-26;2741;Yates Ltd;2021-10-02;Box;level;64.0;away;Mercado de Legumes
57;48;2021-10-24;4787;Lee Inc;2025-11-23;Man;serious;;;Mercado de Flores
408;795;2022-08-01;713;Wright-Jones;2022-01-26;Hotel;standard;;;Mercado de Flores
281;984;2021-07-06;2084;Carlson-Landry;2025-12-17;Foot;forward;178.0;form;Mercado de Flores
463;681;2023-02-26;3002;Sullivan-Hernandez;2021-08-01;Blue;window;;;Mercado de Flores
445;780;2024-02-10;3787;Rodriguez LLC;2023-11-14;Charge;beyond;;;Mercado de Flores
252;86;2021-05-29;1126;Mitchell, Phillips and Marshall;2024-10-27;Most;dog;105.0;partner;Mercado de Legumes
458;503;2025-04-28;2692;Long, Walker and Allison;2025-03-29;Product;society;;;Mercado de Legumes
156;417;2026-02-08;3623;Wilkinson, George and Turner;2024-05-22;Agreement;girl;;;Mercado de Flores
282;483;2025-11-27;1608;Wilson LLC;2025-01-17;Lead;chair;130.0;billion;Mercado de Flores
282;483;2025-11-27;1608;Wilson LLC;2025-01-17;Lead;chair;167.0;wonder;Mercado de Flores
142;245;2024-03-29;1467;Guzman Inc;2024-04-08;Contain;boy;2.0;beyond;Mercado de Legumes
386;262;2023-10-11;3318;Hayden-Ellis;2026-01-01;Recognize;whom;;;Mercado de Fruta
87;167;2021-10-09;1175;Mason Inc;2025-07-04;Final;message;;;Mercado de Legumes
90;869;2022-01-07;4998;Mitchell-Fisher;2024-12-19;Who;glass;109.0;term;Mercado de Legumes
312;608;2026-02-13;2549;Roberts, Sanchez and Cook;2021-10-18;Answer;size;;;Mercado de Legumes
148;220;2023-01-03;262;Hicks, Smith and Watson;2026-01-22;Plan;case;18.0;turn;Mercado de Fruta
24;883;2021-02-12;3414;Yates Ltd;2021-10-02;Five;future;64.0;away;Mercado de Fruta
380;405;2020-08-01;672;Hill, Brown and Clark;2023-05-13;Structure;wide;;;Mercado de Flores
90;318;2026-01-01;1125;Mitchell-Fisher;2024-12-19;Expect;actually;109.0;term;Mercado de Flores
170;453;2025-12-02;1089;Collins-Campos;2025-06-15;Require;situation;;;Mercado de Flores
199;110;2024-03-19;4686;Hanson-Fleming;2025-09-15;Our;manage;;;Mercado de Legumes
132;378;2022-07-06;101;Branch and Sons;2021-12-10;Under;kitchen;69.0;exist;Mercado de Flores
260;117;2023-03-07;4433;Smith, Carter and Blake;2021-07-29;It;senior;;;Mercado de Flores
159;165;2023-12-11;4734;Johnson, Long and Benson;2022-06-05;Partner;leave;;;Mercado de Flores
359;258;2023-07-15;3795;Thompson-Miller;2025-10-31;Amount;lawyer;;;Mercado de Flores
446;825;2025-11-03;1306;Duffy-Molina;2022-11-01;Central;magazine;93.0;paper;Mercado de Flores
42;560;2023-05-30;474;Goodwin-Murphy;2023-05-27;Poor;those;;;Mercado de Legumes
242;497;2023-02-25;2810;Bishop, Acosta and Obrien;2022-08-25;Cell;wear;;;Mercado de Legumes
342;86;2024-07-26;1346;Hernandez-King;2022-04-10;Most;dog;;;Mercado de Legumes
228;661;2022-01-19;3648;Butler PLC;2021-05-21;Line;friend;;;Mercado de Fruta
191;966;2025-08-24;2185;Cross, Skinner and Hart;2022-12-01;Still;offer;;;Mercado de Flores
294;326;2022-06-09;1818;Jones, Leon and Edwards;2024-02-02;Sit;remain;98.0;human;Mercado de Legumes
465;993;2024-09-29;3797;Smith-King;2025-09-06;Coach;report;;;Mercado de Flores
350;22;2022-07-30;4460;Medina-Johnson;2023-03-01;Stand;choice;;;Mercado de Fruta
78;527;2023-10-14;2585;Douglas and Sons;2025-06-07;Money;experience;;;Mercado de Legumes
104;350;2023-04-15;1456;Mosley, Petty and Davis;2026-01-02;Mission;sing;;;Mercado de Legumes
316;976;2024-02-10;3053;Rodriguez, Huff and Holland;2024-08-16;Network;almost;;;Mercado de Fruta
299;572;2025-01-09;2528;Booker PLC;2025-08-17;Player;million;;;Mercado de Legumes
46;92;2022-07-12;2253;Jones-Atkinson;2022-09-28;System;dark;;;Mercado de Legumes
422;922;2025-10-31;387;Wright, Dickerson and Mcdonald;2023-02-13;Daughter;remember;162.0;management;Mercado de Fruta
392;723;2023-09-21;4039;Nelson-Donaldson;2024-05-14;Responsibility;management;107.0;sense;Mercado de Flores
366;255;2024-06-03;724;Martinez-West;2024-04-10;Better;scientist;125.0;add;Mercado de Flores
74;286;2021-02-26;2406;Campbell Inc;2023-06-06;Campaign;mind;;;Mercado de Fruta
495;437;2020-12-05;4386;Miller, Cherry and Torres;2025-12-22;Care;score;;;Mercado de Legumes
89;931;2022-07-01;2094;Johns, Wolf and Osborne;2023-07-02;Nearly;water;;;Mercado de Fruta
163;413;2021-11-15;2377;Rogers and Sons;2024-04-13;Really;traditional;;;Mercado de Legumes
247;184;2024-03-14;3516;Rivera Group;2021-12-30;Movie;many;197.0;possible;Mercado de Fruta
36;908;2022-05-31;1749;Williams Inc;2025-02-07;Lawyer;outside;152.0;increase;Mercado de Legumes
208;714;2021-06-20;4424;Nunez-Lopez;2025-09-23;Range;late;;;Mercado de Flores
311;46;2023-02-24;427;Johnson-Blankenship;2021-09-21;Sport;identify;46.0;far;Mercado de Fruta
105;997;2023-06-07;1400;Mccall and Sons;2022-01-20;Population;produce;5.0;meet;Mercado de Fruta
105;997;2023-06-07;1400;Mccall and Sons;2022-01-20;Population;produce;187.0;coach;Mercado de Fruta
390;660;2023-12-17;3718;Lawrence, Gardner and Harris;2023-03-17;Senior;song;;;Mercado de Flores
86;359;2023-09-10;4378;Frederick, Kelly and Willis;2023-11-24;Market;sister;;;Mercado de Legumes
437;677;2026-02-06;3204;Chan Ltd;2026-01-15;Report;study;;;Mercado de Legumes
79;879;2022-07-12;4150;Lopez, Newton and Rivera;2021-03-22;Manager;ok;;;Mercado de Flores
67;387;2021-12-21;2417;Jones, Wolf and Smith;2022-08-07;Sing;smile;;;Mercado de Flores
497;380;2024-08-16;2542;Bowers-Townsend;2022-08-31;Character;forward;;;Mercado de Legumes
177;762;2023-10-01;4813;Jenkins-Ramos;2023-10-01;Republican;audience;;;Mercado de Flores
326;533;2022-09-29;4589;Jackson Group;2024-02-03;Language;those;;;Mercado de Legumes
496;158;2020-12-05;4732;Barrett, Patrick and Morton;2025-03-09;Two;health;129.0;nor;Mercado de Legumes
329;670;2021-06-10;3427;Miller LLC;2023-07-20;Forward;where;35.0;mean;Mercado de Fruta
93;640;2020-12-09;3893;Russell Ltd;2025-01-13;Nature;send;194.0;quickly;Mercado de Fruta
497;346;2023-08-04;4767;Bowers-Townsend;2022-08-31;Wrong;task;;;Mercado de Fruta
30;681;2024-07-28;3911;Vargas, Santiago and Mcdonald;2024-10-25;Blue;window;;;Mercado de Flores
408;83;2020-11-18;4964;Wright-Jones;2022-01-26;Husband;sit;;;Mercado de Legumes
234;384;2021-01-01;2194;Yates LLC;2025-03-18;Sort;physical;87.0;audience;Mercado de Flores
234;384;2021-01-01;2194;Yates LLC;2025-03-18;Sort;physical;164.0;where;Mercado de Flores
174;287;2023-10-19;842;Pope, Perez and Mcdonald;2024-06-19;Find;discussion;;;Mercado de Legumes
40;950;2020-05-26;885;Andrade, Mcclure and Alvarez;2025-08-03;Entire;level;95.0;executive;Mercado de Legumes
85;604;2021-10-31;3626;Keller, Dixon and Wilson;2025-04-06;Small;which;111.0;free;Mercado de Fruta
206;198;2024-12-05;4073;Glass, Berry and Williams;2024-08-17;Personal;religious;;;Mercado de Flores
96;114;2024-05-18;1412;Sosa, Newton and Anderson;2022-05-18;Plant;much;;;Mercado de Flores
203;541;2023-04-22;1993;Roberts LLC;2024-09-29;Group;rather;;;Mercado de Fruta
358;55;2025-09-14;3933;Mccormick and Sons;2023-11-06;Themselves;believe;24.0;during;Mercado de Fruta
358;55;2025-09-14;3933;Mccormick and Sons;2023-11-06;Themselves;believe;138.0;democratic;Mercado de Fruta
121;337;2023-05-25;3507;Ruiz, Miller and Giles;2023-10-05;Article;raise;;;Mercado de Fruta
84;499;2024-07-16;3393;Daniels LLC;2023-11-15;Leader;spend;;;Mercado de Fruta
169;17;2025-09-21;861;Hall Inc;2025-03-03;Rise;out;;;Mercado de Legumes
243;800;2025-10-25;321;Jensen, Flores and Barnes;2021-07-05;Account;whom;;;Mercado de Legumes
341;410;2023-07-16;4745;Alvarez, Dunn and Browning;2023-04-02;Control;goal;;;Mercado de Legumes
173;944;2020-04-19;2074;Roberts, Nichols and Simon;2023-07-04;Stay;detail;;;Mercado de Legumes
334;77;2022-11-12;1690;Hernandez-Mason;2024-04-05;Class;city;140.0;ok;Mercado de Legumes
338;568;2024-04-24;2052;Brown Ltd;2025-02-19;Wonder;bag;;;Mercado de Fruta
391;490;2025-11-27;4100;Travis PLC;2023-06-04;Bar;former;;;Mercado de Fruta
68;765;2025-06-27;281;Howard-Olson;2023-03-02;Nor;can;;;Mercado de Flores
263;196;2022-04-19;897;Hicks, Peterson and Ayala;2022-05-20;Soldier;whatever;45.0;total;Mercado de Fruta
263;196;2022-04-19;897;Hicks, Peterson and Ayala;2022-05-20;Soldier;whatever;53.0;ago;Mercado de Fruta
449;753;2023-05-01;4154;Price-Mckay;2023-01-29;First;last;;;Mercado de Flores
83;720;2020-01-12;2114;Graham LLC;2022-11-25;Actually;garden;154.0;tree;Mercado de Flores
200;692;2023-02-24;1919;Hernandez, Rojas and Rodriguez;2024-02-06;Fact;finally;;;Mercado de Legumes
96;144;2020-11-26;3416;Sosa, Newton and Anderson;2022-05-18;Low;recently;;;Mercado de Flores
467;232;2020-11-04;1714;Wilson PLC;2021-12-24;Parent;cut;;;Mercado de Fruta
54;12;2023-02-06;670;Schroeder, Hahn and Miller;2021-03-11;Not;Congress;;;Mercado de Flores
95;633;2021-02-28;4486;Woods and Sons;2022-04-09;Action;its;32.0;follow;Mercado de Flores
194;417;2022-07-12;2713;Bowen and Sons;2022-07-29;Agreement;girl;;;Mercado de Flores
47;250;2021-03-05;3156;Benjamin-Reed;2024-09-25;Memory;Democrat;;;Mercado de Fruta
20;83;2022-07-08;3110;Wilkerson PLC;2021-05-09;Husband;sit;116.0;explain;Mercado de Legumes
449;34;2020-01-15;4274;Price-Mckay;2023-01-29;Party;speak;;;Mercado de Fruta
364;205;2024-10-06;3982;Boyd-Sexton;2024-06-11;Need;from;;;Mercado de Fruta
25;333;2026-02-03;1871;Scott, Daugherty and Grant;2021-05-04;To;watch;155.0;generation;Mercado de Flores
377;941;2020-04-14;3987;Humphrey-Hancock;2023-12-16;Picture;lay;;;Mercado de Legumes
130;262;2023-02-24;352;Chase PLC;2024-06-12;Recognize;whom;;;Mercado de Fruta
324;668;2024-04-05;3166;Pearson-Dean;2022-05-18;Assume;argue;;;Mercado de Legumes
346;362;2026-01-20;1219;Paul, Stewart and Pierce;2024-08-13;Arm;present;44.0;house;Mercado de Legumes
71;72;2022-10-22;1718;Krueger, Trujillo and Gonzalez;2022-01-15;Eat;accept;;;Mercado de Flores
105;849;2023-10-22;4818;Mccall and Sons;2022-01-20;Security;well;5.0;meet;Mercado de Flores
105;849;2023-10-22;4818;Mccall and Sons;2022-01-20;Security;well;187.0;coach;Mercado de Flores
296;223;2021-11-12;231;Coleman-Reyes;2025-07-26;Recognize;because;83.0;responsibility;Mercado de Fruta
296;223;2021-11-12;231;Coleman-Reyes;2025-07-26;Recognize;because;145.0;somebody;Mercado de Fruta
140;244;2022-04-24;1514;Woodard PLC;2021-04-23;School;write;;;Mercado de Fruta
109;778;2025-07-11;4345;Sanchez-Atkinson;2024-07-27;Stuff;despite;;;Mercado de Fruta
159;369;2020-07-22;4569;Johnson, Long and Benson;2022-06-05;Oil;likely;;;Mercado de Flores
83;921;2025-12-17;4139;Graham LLC;2022-11-25;Life;image;154.0;tree;Mercado de Flores
483;983;2024-08-14;2423;Ramirez PLC;2025-10-14;Realize;doctor;8.0;throughout;Mercado de Legumes
227;293;2021-12-28;2748;Mitchell, Hernandez and Smith;2023-04-11;Seek;reach;;;Mercado de Legumes
132;798;2025-04-25;2600;Branch and Sons;2021-12-10;Young;pay;69.0;exist;Mercado de Flores
73;789;2022-10-26;3987;Adams, Lamb and Ellis;2022-05-26;Her;fear;;;Mercado de Flores
435;436;2022-11-29;2798;Thompson-Kramer;2024-03-05;Today;impact;;;Mercado de Fruta
416;139;2022-12-17;4316;Richardson LLC;2022-12-31;Ok;finally;;;Mercado de Fruta
91;52;2023-12-06;3480;Lee-Osborne;2023-03-17;Ask;four;;;Mercado de Fruta
194;808;2025-09-12;2749;Bowen and Sons;2022-07-29;Because;material;;;Mercado de Fruta
475;2;2026-01-26;3460;Luna Ltd;2025-03-23;Not;interesting;;;Mercado de Legumes
440;68;2023-10-25;148;Johnson, Smith and Reed;2024-11-14;Article;they;159.0;talk;Mercado de Legumes
89;381;2024-12-01;1022;Johns, Wolf and Osborne;2023-07-02;Wife;data;;;Mercado de Flores
48;178;2024-08-09;2206;Munoz Ltd;2021-03-17;Series;must;;;Mercado de Fruta
53;174;2024-04-30;4590;West-Brewer;2021-11-26;Culture;back;188.0;both;Mercado de Flores
138;624;2021-02-08;1528;Lee-Keller;2023-10-06;Arm;establish;117.0;staff;Mercado de Flores
195;457;2023-02-03;3216;Ross-Davidson;2022-08-27;Either;late;;;Mercado de Fruta
433;89;2020-01-30;3669;Ballard-Orozco;2024-02-08;A;continue;136.0;of;Mercado de Legumes
221;604;2020-01-25;4821;Gardner Group;2024-11-05;Small;which;41.0;big;Mercado de Fruta
117;963;2022-01-17;1131;Avila, Duke and Medina;2024-04-05;End;order;184.0;specific;Mercado de Flores
87;84;2022-02-04;399;Mason Inc;2025-07-04;Decade;compare;;;Mercado de Flores
59;391;2021-03-28;3752;Sullivan, Johnston and Rosales;2024-12-03;Every;hospital;;;Mercado de Fruta
280;985;2024-02-23;3617;Fitzgerald, Good and Curtis;2021-09-14;Industry;do;68.0;glass;Mercado de Fruta
280;985;2024-02-23;3617;Fitzgerald, Good and Curtis;2021-09-14;Industry;do;186.0;ball;Mercado de Fruta
204;182;2022-11-04;2640;Flynn-Knight;2023-08-04;Management;pattern;;;Mercado de Legumes
424;600;2022-08-17;1645;Lopez-Palmer;2024-08-05;Television;why;;;Mercado de Flores
297;612;2021-04-06;4350;Martin-Stuart;2023-04-09;Cut;meet;;;Mercado de Flores
326;566;2022-06-06;1179;Jackson Group;2024-02-03;Something;computer;;;Mercado de Legumes
437;23;2023-11-01;2734;Chan Ltd;2026-01-15;Most;light;;;Mercado de Legumes
346;585;2025-05-15;4666;Paul, Stewart and Pierce;2024-08-13;Top;middle;44.0;house;Mercado de Flores
304;549;2021-11-29;3617;Welch Ltd;2022-10-24;Know;Republican;190.0;give;Mercado de Flores
382;657;2024-01-05;2975;Buchanan-Marquez;2023-03-31;Area;reality;;;Mercado de Flores
229;100;2024-12-28;1915;Johnson, Sanders and Lam;2021-09-13;Stuff;physical;;;Mercado de Fruta
218;1000;2020-12-17;1226;Olson Inc;2026-01-06;Century;center;;;Mercado de Fruta
349;873;2022-01-10;3991;Wise-Perry;2021-04-04;Strategy;success;;;Mercado de Flores
360;757;2022-05-23;2351;Harris-Stephens;2024-08-29;Theory;make;48.0;rate;Mercado de Fruta
346;394;2021-12-23;4938;Paul, Stewart and Pierce;2024-08-13;Information;analysis;44.0;house;Mercado de Fruta
113;492;2022-12-06;3646;Beasley and Sons;2022-12-28;Against;hold;;;Mercado de Flores
382;727;2020-04-01;3741;Buchanan-Marquez;2023-03-31;Threat;soon;;;Mercado de Fruta
156;516;2025-12-29;1566;Wilkinson, George and Turner;2024-05-22;Majority;participant;;;Mercado de Flores
152;965;2023-12-30;2395;Schultz-Glass;2023-06-16;Crime;simple;118.0;western;Mercado de Legumes
78;102;2025-07-07;2302;Douglas and Sons;2025-06-07;We;office;;;Mercado de Flores
292;41;2024-09-17;867;Johnson-Garcia;2022-04-20;Guy;require;;;Mercado de Legumes
144;195;2022-12-06;1695;Mercado-Thomas;2024-04-11;Line;charge;103.0;need;Mercado de Flores
426;528;2023-03-16;2570;Johnson-Williams;2021-10-18;Some;must;82.0;marriage;Mercado de Flores
19;433;2024-11-09;1549;Taylor Group;2023-12-11;Else;customer;;;Mercado de Fruta
341;58;2020-06-15;1871;Alvarez, Dunn and Browning;2023-04-02;Animal;occur;;;Mercado de Fruta
60;939;2020-06-07;2379;Brown, Ortega and Moran;2023-07-07;Herself;win;;;Mercado de Flores
2;581;2023-04-20;3898;Rogers, Fernandez and Perez;2023-11-29;Similar;small;176.0;price;Mercado de Legumes
2;581;2023-04-20;3898;Rogers, Fernandez and Perez;2023-11-29;Similar;small;199.0;lot;Mercado de Legumes
378;377;2022-10-20;987;Clark, Sloan and Maldonado;2024-06-22;Structure;debate;;;Mercado de Legumes
288;226;2026-01-01;3942;Hicks, Griffin and Craig;2026-01-22;Oil;his;33.0;conference;Mercado de Fruta
458;176;2021-09-24;2384;Long, Walker and Allison;2025-03-29;Believe;for;;;Mercado de Legumes
192;528;2025-10-17;844;Bowman Ltd;2023-10-30;Some;must;;;Mercado de Flores
308;803;2023-11-24;2754;Jones, Harrington and Herrera;2024-03-21;Case;simply;;;Mercado de Legumes
13;954;2021-01-17;1709;Conley, Snyder and Stone;2025-05-01;Quality;goal;100.0;each;Mercado de Flores
13;954;2021-01-17;1709;Conley, Snyder and Stone;2025-05-01;Quality;goal;198.0;themselves;Mercado de Flores
177;410;2020-07-02;2303;Jenkins-Ramos;2023-10-01;Control;goal;;;Mercado de Legumes
385;413;2025-02-25;1799;Gonzalez Group;2024-02-14;Really;traditional;;;Mercado de Legumes
332;17;2025-04-09;937;Dixon and Sons;2022-12-29;Rise;out;;;Mercado de Legumes
422;327;2026-01-07;2347;Wright, Dickerson and Mcdonald;2023-02-13;Number;field;162.0;management;Mercado de Flores
26;620;2020-01-18;1611;Barron, Dodson and Baker;2024-07-08;Simply;without;;;Mercado de Legumes
372;482;2022-12-06;1482;Nichols, Moore and Meadows;2024-11-05;Manager;behavior;;;Mercado de Legumes
418;296;2020-04-22;3675;Shelton Ltd;2022-01-04;Yet;serve;;;Mercado de Legumes
465;59;2021-04-25;3086;Smith-King;2025-09-06;Himself;move;;;Mercado de Legumes
213;245;2023-08-15;1257;Gonzalez-George;2021-03-23;Contain;boy;11.0;off;Mercado de Legumes
248;787;2023-03-26;159;Reese, Flores and Wright;2025-04-24;Thank;guess;;;Mercado de Fruta
226;613;2025-07-15;4448;Diaz, Hunt and Jackson;2022-02-06;Base;often;29.0;ever;Mercado de Fruta
226;613;2025-07-15;4448;Diaz, Hunt and Jackson;2022-02-06;Base;often;78.0;sit;Mercado de Fruta
226;613;2025-07-15;4448;Diaz, Hunt and Jackson;2022-02-06;Base;often;89.0;member;Mercado de Fruta
203;887;2021-03-24;874;Roberts LLC;2024-09-29;Remember;friend;;;Mercado de Legumes
36;387;2025-10-18;225;Williams Inc;2025-02-07;Sing;smile;152.0;increase;Mercado de Flores
253;469;2024-02-08;2062;Kelley Ltd;2023-12-20;Throughout;north;;;Mercado de Fruta
239;989;2022-01-21;498;Garcia LLC;2025-07-11;Early;real;;;Mercado de Legumes
307;971;2025-09-03;738;Cooper-Gates;2022-08-19;Education;play;;;Mercado de Legumes
268;473;2020-01-15;3914;Taylor Inc;2022-03-26;Chair;choose;;;Mercado de Legumes
210;124;2021-08-15;2099;Clark Ltd;2024-07-20;Find;how;19.0;perhaps;Mercado de Fruta
346;109;2023-10-24;1910;Paul, Stewart and Pierce;2024-08-13;Degree;one;44.0;house;Mercado de Fruta
448;962;2025-07-24;4709;Jacobs Ltd;2024-09-13;Reflect;write;;;Mercado de Legumes
111;927;2021-06-14;2944;Huff-Garcia;2024-06-20;Middle;enough;;;Mercado de Flores
288;76;2024-05-28;604;Hicks, Griffin and Craig;2026-01-22;Black;across;33.0;conference;Mercado de Fruta
343;171;2022-05-13;2519;Stone, Romero and Walton;2022-02-19;Style;bill;;;Mercado de Flores
231;728;2020-08-05;2193;Griffin PLC;2021-03-20;Thousand;difference;;;Mercado de Legumes
426;810;2021-09-15;2047;Johnson-Williams;2021-10-18;Music;expect;82.0;marriage;Mercado de Flores
146;759;2023-12-23;3035;Christian, Lee and Stewart;2024-07-08;Own;recognize;126.0;enter;Mercado de Flores
121;697;2023-11-29;4562;Ruiz, Miller and Giles;2023-10-05;Actually;still;;;Mercado de Fruta
299;84;2023-10-25;150;Booker PLC;2025-08-17;Decade;compare;;;Mercado de Flores
161;652;2025-10-20;4325;Mays-Harmon;2022-10-23;Thought;provide;;;Mercado de Fruta
392;304;2020-05-01;4212;Nelson-Donaldson;2024-05-14;Charge;this;107.0;sense;Mercado de Fruta
158;915;2023-11-02;2241;Moon Group;2024-08-28;Number;Congress;;;Mercado de Flores
342;814;2025-05-22;2724;Hernandez-King;2022-04-10;Natural;foot;;;Mercado de Fruta
403;113;2024-09-15;2241;Reynolds PLC;2023-07-11;Itself;issue;70.0;score;Mercado de Legumes
286;177;2022-04-10;3894;James PLC;2024-11-09;Sister;able;;;Mercado de Flores
30;902;2022-11-12;3036;Vargas, Santiago and Mcdonald;2024-10-25;All;way;;;Mercado de Legumes
357;72;2024-03-01;3455;Curry, Luna and White;2023-03-17;Eat;accept;;;Mercado de Flores
498;572;2021-12-09;4863;Walker-Kirk;2024-03-19;Player;million;;;Mercado de Legumes
336;688;2022-09-01;1029;Michael and Sons;2022-10-12;Special;where;;;Mercado de Fruta
270;811;2020-09-10;3920;Knight-Alexander;2023-05-25;Nor;remember;175.0;practice;Mercado de Fruta
300;870;2023-10-26;2325;Saunders-Marshall;2022-10-25;Open;perhaps;;;Mercado de Flores
150;862;2025-04-29;1639;Zhang, Arnold and Richmond;2021-11-15;Feel;perform;;;Mercado de Fruta
476;462;2020-06-03;318;Johnson-Curtis;2021-06-10;Daughter;compare;36.0;dream;Mercado de Flores
355;672;2021-11-27;1442;Snyder-Kane;2024-09-28;Total;hold;;;Mercado de Flores
428;207;2024-11-30;2904;Baldwin-Chandler;2022-06-04;Pass;ask;141.0;think;Mercado de Flores
404;488;2022-01-04;2459;Jordan, Kim and Bowman;2024-02-28;Despite;exactly;;;Mercado de Legumes
493;197;2025-09-19;2834;Blake Group;2025-03-31;Address;offer;110.0;truth;Mercado de Legumes
384;72;2021-04-28;2324;Gilbert, Schmidt and Macias;2025-03-21;Eat;accept;161.0;policy;Mercado de Flores
71;89;2020-03-22;1154;Krueger, Trujillo and Gonzalez;2022-01-15;A;continue;;;Mercado de Legumes
443;212;2025-08-19;4341;Avila Group;2026-01-21;Evidence;night;7.0;might;Mercado de Legumes
443;212;2025-08-19;4341;Avila Group;2026-01-21;Evidence;night;75.0;grow;Mercado de Legumes
484;361;2024-06-29;2660;Greene Inc;2024-11-23;Growth;pull;124.0;follow;Mercado de Fruta
21;360;2023-08-18;2409;Williams, Martinez and Gentry;2021-03-07;Television;base;;;Mercado de Flores
148;230;2022-02-11;1014;Hicks, Smith and Watson;2026-01-22;Theory;study;18.0;turn;Mercado de Legumes
394;995;2020-12-17;2140;Mcgee-Ramirez;2024-11-29;Skin;hundred;;;Mercado de Legumes
274;161;2024-01-13;440;Sosa Group;2026-01-19;Participant;no;;;Mercado de Legumes
422;886;2024-10-29;2109;Wright, Dickerson and Mcdonald;2023-02-13;Compare;student;162.0;management;Mercado de Fruta
458;379;2022-08-05;4698;Long, Walker and Allison;2025-03-29;Somebody;born;;;Mercado de Fruta
21;683;2020-08-10;101;Williams, Martinez and Gentry;2021-03-07;Set;half;;;Mercado de Legumes
41;779;2023-09-23;1789;Stephenson-Lee;2025-10-15;Lawyer;explain;;;Mercado de Legumes
215;388;2024-07-29;4771;Jimenez-Gates;2022-10-05;International;effect;;;Mercado de Fruta
423;682;2021-01-28;2376;Goodman-Hayes;2024-12-18;Wrong;organization;;;Mercado de Fruta
289;815;2024-08-03;291;Spencer-Carter;2026-01-20;Same;cultural;;;Mercado de Legumes
120;742;2023-11-06;4949;Mcdaniel-Garza;2022-08-16;Become;recognize;;;Mercado de Fruta
264;216;2021-10-12;4570;Hopkins, Jackson and Ortiz;2025-01-24;Sure;well;;;Mercado de Flores
199;613;2021-12-22;2917;Hanson-Fleming;2025-09-15;Base;often;;;Mercado de Fruta
278;829;2023-04-27;4042;Morrow-Compton;2025-06-19;Fall;outside;90.0;star;Mercado de Fruta
375;564;2024-05-11;2523;Dixon-Williams;2021-07-20;Firm;majority;;;Mercado de Flores
60;985;2020-12-29;262;Brown, Ortega and Moran;2023-07-07;Industry;do;;;Mercado de Fruta
341;116;2023-03-25;4166;Alvarez, Dunn and Browning;2023-04-02;Heart;whose;;;Mercado de Legumes
170;842;2025-05-21;4752;Collins-Campos;2025-06-15;Travel;occur;;;Mercado de Legumes
427;417;2022-12-02;1067;Wright, Williams and Williams;2025-09-18;Agreement;girl;;;Mercado de Flores
275;117;2025-08-24;2211;Cox, Wright and Price;2023-10-30;It;senior;;;Mercado de Flores
225;150;2021-11-09;810;Bradley-Phillips;2021-10-31;Director;myself;;;Mercado de Flores
215;725;2022-11-16;3563;Jimenez-Gates;2022-10-05;Since;reduce;;;Mercado de Legumes
269;264;2020-05-12;4301;Garcia, Velasquez and James;2024-10-15;Blood;foot;;;Mercado de Flores
132;976;2021-10-20;4052;Branch and Sons;2021-12-10;Network;almost;69.0;exist;Mercado de Fruta
422;595;2020-10-24;3855;Wright, Dickerson and Mcdonald;2023-02-13;Especially;staff;162.0;management;Mercado de Fruta
433;596;2020-09-12;2355;Ballard-Orozco;2024-02-08;Indicate;hear;136.0;of;Mercado de Legumes
374;625;2022-07-13;4255;Park-Curry;2021-09-16;Adult;special;;;Mercado de Fruta
31;743;2020-01-01;2115;Ball-Phillips;2025-10-21;Professor;well;;;Mercado de Legumes
252;254;2025-10-12;3825;Mitchell, Phillips and Marshall;2024-10-27;They;pay;105.0;partner;Mercado de Legumes
112;109;2021-06-15;3947;Colon, King and Evans;2022-10-21;Degree;one;;;Mercado de Fruta
237;996;2025-06-20;2299;Holland-Mckay;2025-02-19;List;education;128.0;so;Mercado de Flores
3;140;2023-10-17;2770;Cruz, Hurley and Graham;2024-07-17;Nothing;apply;;;Mercado de Legumes
386;141;2022-07-08;4232;Hayden-Ellis;2026-01-01;Doctor;year;;;Mercado de Flores
108;737;2023-01-27;1179;Mejia Ltd;2021-06-22;Cell;may;;;Mercado de Legumes
231;555;2025-12-19;2450;Griffin PLC;2021-03-20;Green;particularly;;;Mercado de Flores
229;260;2024-03-21;3080;Johnson, Sanders and Lam;2021-09-13;Military;chance;;;Mercado de Legumes
237;33;2023-07-20;351;Holland-Mckay;2025-02-19;;visit;128.0;so;Mercado de Flores
372;122;2024-09-29;4778;Nichols, Moore and Meadows;2024-11-05;North;eight;;;Mercado de Legumes
250;881;2020-07-16;3075;Williams LLC;2024-05-24;Wear;table;;;Mercado de Legumes
179;57;2025-07-18;753;Bowman, Boyer and Smith;2025-03-16;Step;decide;;;Mercado de Flores
418;26;2021-05-03;1210;Shelton Ltd;2022-01-04;Available;yard;;;Mercado de Legumes
333;888;2022-10-29;546;Robinson, Riddle and Reese;2024-10-16;Notice;here;;;Mercado de Flores
271;360;2025-10-13;3541;Lucero-Dawson;2021-03-15;Television;base;;;Mercado de Flores
225;741;2024-12-13;919;Bradley-Phillips;2021-10-31;Member;other;;;Mercado de Flores
97;350;2020-01-09;3681;Munoz-Lawson;2024-07-29;Mission;sing;20.0;stay;Mercado de Legumes
97;350;2020-01-09;3681;Munoz-Lawson;2024-07-29;Mission;sing;23.0;total;Mercado de Legumes
97;350;2020-01-09;3681;Munoz-Lawson;2024-07-29;Mission;sing;26.0;identify;Mercado de Legumes
97;350;2020-01-09;3681;Munoz-Lawson;2024-07-29;Mission;sing;150.0;join;Mercado de Legumes
97;350;2020-01-09;3681;Munoz-Lawson;2024-07-29;Mission;sing;181.0;grow;Mercado de Legumes
322;248;2024-04-18;844;Elliott Group;2024-07-27;Report;many;;;Mercado de Legumes
429;818;2023-10-18;4457;Foster-Murphy;2023-08-16;Now;he;;;Mercado de Legumes
238;225;2022-08-24;4835;Whitney, Kim and Moore;2025-02-23;Rule;industry;;;Mercado de Flores
36;569;2022-05-17;258;Williams Inc;2025-02-07;Process;body;152.0;increase;Mercado de Legumes
366;58;2020-04-30;1351;Martinez-West;2024-04-10;Animal;occur;125.0;add;Mercado de Fruta
240;530;2025-12-12;2833;Cannon-Newman;2024-02-03;Film;physical;31.0;coach;Mercado de Legumes
318;822;2023-06-04;2055;Gutierrez, Cisneros and Phillips;2021-07-28;Medical;scene;;;Mercado de Flores
268;191;2024-03-08;746;Taylor Inc;2022-03-26;Before;middle;;;Mercado de Legumes
329;341;2023-01-20;4287;Miller LLC;2023-07-20;Director;always;35.0;mean;Mercado de Legumes
13;911;2020-11-29;1790;Conley, Snyder and Stone;2025-05-01;Form;any;100.0;each;Mercado de Legumes
13;911;2020-11-29;1790;Conley, Snyder and Stone;2025-05-01;Form;any;198.0;themselves;Mercado de Legumes
324;559;2023-09-28;860;Pearson-Dean;2022-05-18;Admit;position;;;Mercado de Fruta
433;941;2020-03-19;2959;Ballard-Orozco;2024-02-08;Picture;lay;136.0;of;Mercado de Legumes
88;536;2023-07-12;3188;Brewer Ltd;2023-01-19;Left;increase;;;Mercado de Legumes
439;794;2021-09-21;4103;Lopez, Jimenez and Miller;2024-03-06;Institution;glass;;;Mercado de Legumes
291;182;2020-08-02;4510;Hernandez LLC;2025-09-01;Management;pattern;;;Mercado de Legumes
243;202;2025-03-18;3138;Jensen, Flores and Barnes;2021-07-05;Discussion;edge;;;Mercado de Fruta
226;665;2025-08-10;3681;Diaz, Hunt and Jackson;2022-02-06;Night;experience;29.0;ever;Mercado de Legumes
226;665;2025-08-10;3681;Diaz, Hunt and Jackson;2022-02-06;Night;experience;78.0;sit;Mercado de Legumes
226;665;2025-08-10;3681;Diaz, Hunt and Jackson;2022-02-06;Night;experience;89.0;member;Mercado de Legumes
221;505;2021-03-09;1427;Gardner Group;2024-11-05;Become;imagine;41.0;big;Mercado de Fruta
267;9;2024-08-12;4280;Wagner Inc;2022-03-29;Dinner;thing;;;Mercado de Flores
402;742;2025-05-30;3637;Miller-Wagner;2023-04-08;Become;recognize;;;Mercado de Fruta
216;881;2026-02-13;1848;Kirk LLC;2025-02-16;Wear;table;74.0;employee;Mercado de Legumes
152;29;2025-02-17;2833;Schultz-Glass;2023-06-16;Different;agency;118.0;western;Mercado de Legumes
130;842;2024-06-06;4571;Chase PLC;2024-06-12;Travel;occur;;;Mercado de Legumes
241;643;2025-02-27;1191;Bates-Rivera;2022-09-06;First;set;;;Mercado de Fruta
208;113;2021-06-12;3546;Nunez-Lopez;2025-09-23;Itself;issue;;;Mercado de Legumes
79;617;2023-11-09;2385;Lopez, Newton and Rivera;2021-03-22;Ok;thought;;;Mercado de Legumes
56;446;2026-01-09;3346;Wheeler-Blackburn;2025-06-13;Painting;take;1.0;move;Mercado de Legumes
56;446;2026-01-09;3346;Wheeler-Blackburn;2025-06-13;Painting;take;132.0;sort;Mercado de Legumes
225;775;2024-03-26;3944;Bradley-Phillips;2021-10-31;Same;coach;;;Mercado de Fruta
184;359;2025-04-17;4843;Moore, Lopez and Santos;2021-12-10;Market;sister;;;Mercado de Legumes
162;271;2022-12-27;771;Jacobs-Watson;2025-05-15;Chair;near;;;Mercado de Fruta
370;590;2025-02-21;2209;Welch Ltd;2021-10-25;Team;day;;;Mercado de Legumes
250;755;2021-04-12;3222;Williams LLC;2024-05-24;World;whose;;;Mercado de Legumes
468;771;2022-06-23;4810;Crawford, Barnes and Aguilar;2021-04-19;Stuff;mother;;;Mercado de Flores
230;81;2023-01-30;2200;Shelton Inc;2023-04-03;Coach;ago;169.0;hot;Mercado de Flores
112;445;2022-08-02;4986;Colon, King and Evans;2022-10-21;Like;parent;;;Mercado de Fruta
284;278;2025-05-03;1527;Wilson, Nixon and Sanchez;2022-10-14;Action;wish;;;Mercado de Legumes
112;635;2023-09-06;4072;Colon, King and Evans;2022-10-21;He;over;;;Mercado de Legumes
154;286;2021-04-03;3611;Coffey, Hodges and Tanner;2024-09-16;Campaign;mind;179.0;democratic;Mercado de Fruta
154;286;2021-04-03;3611;Coffey, Hodges and Tanner;2024-09-16;Campaign;mind;189.0;kind;Mercado de Fruta
234;532;2023-03-24;774;Yates LLC;2025-03-18;Million;fall;87.0;audience;Mercado de Fruta
234;532;2023-03-24;774;Yates LLC;2025-03-18;Million;fall;164.0;where;Mercado de Fruta
283;824;2024-04-29;1798;Nguyen-Patterson;2023-01-09;Teach;campaign;;;Mercado de Legumes
60;35;2025-11-10;1647;Brown, Ortega and Moran;2023-07-07;Shake;most;;;Mercado de Legumes
327;228;2025-09-06;1954;Mills, Mclaughlin and Smith;2026-02-09;Still;degree;66.0;certainly;Mercado de Flores
152;859;2025-01-22;3359;Schultz-Glass;2023-06-16;Room;PM;118.0;western;Mercado de Fruta
162;412;2023-11-21;2762;Jacobs-Watson;2025-05-15;Player;soon;;;Mercado de Fruta
16;60;2023-01-31;3587;Barber, Dominguez and Smith;2024-03-10;Accept;low;122.0;any;Mercado de Flores
16;60;2023-01-31;3587;Barber, Dominguez and Smith;2024-03-10;Accept;low;160.0;meet;Mercado de Flores
16;60;2023-01-31;3587;Barber, Dominguez and Smith;2024-03-10;Accept;low;192.0;single;Mercado de Flores
400;134;2024-11-18;2463;Davis Group;2024-10-27;Voice;try;13.0;coach;Mercado de Legumes
239;697;2025-09-24;1823;Garcia LLC;2025-07-11;Actually;still;;;Mercado de Fruta
77;958;2023-12-13;381;Carter PLC;2024-11-13;Property;store;;;Mercado de Fruta
240;506;2021-07-31;3998;Cannon-Newman;2024-02-03;Game;forward;31.0;coach;Mercado de Legumes
100;135;2023-03-30;4673;Brown PLC;2025-07-17;Although;lead;;;Mercado de Flores
440;4;2025-08-06;1520;Johnson, Smith and Reed;2024-11-14;Sound;myself;159.0;talk;Mercado de Fruta
363;467;2022-10-09;2598;Adams Group;2023-01-02;Focus;democratic;27.0;college;Mercado de Legumes
363;467;2022-10-09;2598;Adams Group;2023-01-02;Focus;democratic;170.0;clearly;Mercado de Legumes
28;254;2020-05-13;2094;Hancock, Walker and Miller;2022-11-08;They;pay;;;Mercado de Legumes
56;988;2021-10-12;4289;Wheeler-Blackburn;2025-06-13;Near;foreign;1.0;move;Mercado de Fruta
56;988;2021-10-12;4289;Wheeler-Blackburn;2025-06-13;Near;foreign;132.0;sort;Mercado de Fruta
313;86;2020-07-03;3965;Stout-Rodgers;2022-09-19;Most;dog;92.0;why;Mercado de Legumes
233;556;2025-12-10;1070;Hernandez-Hart;2021-08-13;Look;some;177.0;media;Mercado de Fruta
137;482;2022-12-01;936;Gray, Kim and Doyle;2023-09-10;Manager;behavior;;;Mercado de Legumes
232;389;2021-01-17;1847;Stephenson Group;2025-12-12;Town;tend;;;Mercado de Legumes
328;601;2025-04-27;1743;Lee, Figueroa and Silva;2023-01-06;Item;president;;;Mercado de Fruta
354;51;2024-01-26;2961;Martinez, Sanchez and Smith;2023-08-21;Attack;already;;;Mercado de Flores
79;64;2024-02-10;3140;Lopez, Newton and Rivera;2021-03-22;Sell;care;;;Mercado de Fruta
478;869;2024-10-03;2127;Vaughan, Tucker and Jackson;2023-05-14;Who;glass;;;Mercado de Legumes
219;493;2022-01-11;1810;Adams-Ferguson;2024-08-20;On;possible;151.0;event;Mercado de Fruta
285;84;2021-02-12;985;English-Williams;2023-09-29;Decade;compare;;;Mercado de Flores
424;985;2023-02-20;3723;Lopez-Palmer;2024-08-05;Industry;do;;;Mercado de Fruta
416;920;2023-03-28;1623;Richardson LLC;2022-12-31;Kid;son;;;Mercado de Legumes
43;856;2022-10-10;3618;Hubbard-Morgan;2026-01-13;Something;summer;120.0;once;Mercado de Fruta
376;924;2023-08-12;349;Miller-Fields;2024-08-18;Know;something;;;Mercado de Flores
248;130;2025-03-19;280;Reese, Flores and Wright;2025-04-24;They;really;;;Mercado de Fruta
94;837;2021-06-25;2864;Boyd, Mcdaniel and Marsh;2022-05-03;Military;view;16.0;thing;Mercado de Flores
368;74;2021-08-05;3746;Martin and Sons;2024-01-11;Then;no;;;Mercado de Legumes
426;125;2023-01-25;1516;Johnson-Williams;2021-10-18;Risk;level;82.0;marriage;Mercado de Legumes
186;758;2021-10-12;1417;Glass LLC;2021-02-27;Every;stock;;;Mercado de Legumes
80;778;2025-06-28;2291;Boyd, Johnson and Miller;2024-08-15;Stuff;despite;10.0;exactly;Mercado de Fruta
80;778;2025-06-28;2291;Boyd, Johnson and Miller;2024-08-15;Stuff;despite;96.0;parent;Mercado de Fruta
234;919;2024-06-17;710;Yates LLC;2025-03-18;Change;soldier;87.0;audience;Mercado de Fruta
234;919;2024-06-17;710;Yates LLC;2025-03-18;Change;soldier;164.0;where;Mercado de Fruta
426;242;2023-05-02;1815;Johnson-Williams;2021-10-18;Again;eight;82.0;marriage;Mercado de Legumes
213;687;2023-07-19;4246;Gonzalez-George;2021-03-23;Clear;quality;11.0;off;Mercado de Flores
313;678;2021-06-11;2843;Stout-Rodgers;2022-09-19;To;contain;92.0;why;Mercado de Flores
192;430;2022-04-06;2710;Bowman Ltd;2023-10-30;Piece;our;;;Mercado de Fruta
360;375;2020-03-01;3484;Harris-Stephens;2024-08-29;Employee;field;48.0;rate;Mercado de Flores
176;848;2020-10-02;669;Schaefer-Brooks;2021-04-09;Focus;very;;;Mercado de Legumes
456;145;2022-04-14;4349;Price, Franklin and Duarte;2025-01-08;Deal;all;;;Mercado de Fruta
476;838;2020-02-04;2506;Johnson-Curtis;2021-06-10;Phone;interview;36.0;dream;Mercado de Fruta
81;75;2021-10-05;2559;Norton, Mccoy and Torres;2021-07-03;Relate;no;;;Mercado de Flores
320;917;2021-04-01;3965;Perez, Long and Spencer;2025-10-29;Everyone;sense;;;Mercado de Legumes
172;23;2021-06-15;307;Grant-Jordan;2024-08-24;Most;light;;;Mercado de Legumes
98;722;2020-09-03;3359;Riley, Dunn and Mccarty;2024-07-30;Executive;training;;;Mercado de Legumes
200;409;2022-08-27;2150;Hernandez, Rojas and Rodriguez;2024-02-06;Baby;model;;;Mercado de Fruta
245;53;2024-05-31;3812;Guzman-Cole;2024-11-20;Special;be;56.0;design;Mercado de Legumes
388;399;2020-05-12;3013;Gutierrez-Wright;2025-12-14;Professor;couple;;;Mercado de Flores
235;830;2021-08-03;239;Walker-Garcia;2025-06-30;Customer;cut;166.0;suffer;Mercado de Legumes
175;142;2024-07-18;2977;Alvarado, Cobb and Dillon;2023-09-19;Different;position;85.0;over;Mercado de Fruta
3;874;2023-01-03;4373;Cruz, Hurley and Graham;2024-07-17;Win;enjoy;;;Mercado de Fruta
400;946;2023-08-27;2429;Davis Group;2024-10-27;Ago;box;13.0;coach;Mercado de Fruta
381;767;2025-03-14;2254;Hunter-Wood;2023-06-13;Source;keep;;;Mercado de Legumes
319;51;2022-03-22;3786;Lee-White;2022-01-14;Attack;already;;;Mercado de Flores
82;370;2022-11-30;3822;Perez PLC;2022-08-24;Nice;adult;;;Mercado de Fruta
248;439;2021-07-20;3813;Reese, Flores and Wright;2025-04-24;Weight;clear;;;Mercado de Fruta
441;847;2024-03-30;2525;Mclaughlin, Hernandez and Fitzpatrick;2025-05-27;Physical;else;;;Mercado de Fruta
55;811;2024-09-10;3131;Hill, Allen and Rodriguez;2022-07-31;Nor;remember;114.0;ability;Mercado de Fruta
109;950;2021-04-23;3532;Sanchez-Atkinson;2024-07-27;Entire;level;;;Mercado de Legumes
279;979;2022-07-06;2820;Craig, Gordon and Chang;2021-06-08;Any;system;;;Mercado de Fruta
254;53;2025-05-16;1047;Williams, Mcdonald and Schmidt;2025-08-24;Special;be;123.0;dream;Mercado de Legumes
399;49;2024-06-19;4932;Scott Group;2021-11-11;Season;dinner;84.0;page;Mercado de Fruta
396;7;2021-01-05;1363;Mclaughlin Inc;2023-12-02;Civil;career;;;Mercado de Fruta
442;642;2023-08-22;3612;Savage Ltd;2025-04-01;Money;section;;;Mercado de Flores
112;46;2021-04-19;2968;Colon, King and Evans;2022-10-21;Sport;identify;;;Mercado de Fruta
183;434;2020-05-01;3232;Velez, Price and Cortez;2022-02-23;Energy;marriage;;;Mercado de Legumes
463;501;2023-12-03;2685;Sullivan-Hernandez;2021-08-01;Offer;after;;;Mercado de Flores
333;279;2024-04-23;4818;Robinson, Riddle and Reese;2024-10-16;Red;join;;;Mercado de Flores
26;560;2021-02-24;1508;Barron, Dodson and Baker;2024-07-08;Poor;those;;;Mercado de Legumes
407;327;2024-10-16;1913;Ford, Spencer and Copeland;2021-10-25;Number;field;;;Mercado de Flores
235;393;2022-04-20;4909;Walker-Garcia;2025-06-30;Tell;eat;166.0;suffer;Mercado de Flores
24;703;2025-04-23;4565;Yates Ltd;2021-10-02;Her;better;64.0;away;Mercado de Fruta
157;662;2021-06-03;2175;West Group;2021-06-12;Customer;current;;;Mercado de Legumes
298;973;2021-12-07;2076;Benson-Travis;2022-07-13;Loss;term;34.0;will;Mercado de Fruta
326;337;2025-04-21;663;Jackson Group;2024-02-03;Article;raise;;;Mercado de Fruta
124;480;2024-02-10;4905;Baker Inc;2021-05-29;Actually;various;72.0;language;Mercado de Flores
114;400;2022-10-04;508;Powers, Friedman and Atkinson;2025-12-03;Season;whatever;;;Mercado de Fruta
64;609;2024-03-19;540;Gonzalez, Vasquez and Powers;2024-07-20;Mrs;in;;;Mercado de Flores
55;706;2020-07-18;919;Hill, Allen and Rodriguez;2022-07-31;Yourself;high;114.0;ability;Mercado de Fruta
496;471;2024-12-19;4839;Barrett, Patrick and Morton;2025-03-09;Effect;force;129.0;nor;Mercado de Flores
411;877;2024-12-31;4702;Howard-Gomez;2021-12-18;Quickly;late;62.0;care;Mercado de Fruta
7;776;2021-06-13;1316;Davis, Armstrong and Brown;2023-02-05;Long;yard;;;Mercado de Legumes
261;235;2020-06-14;2449;Long-Ellis;2022-07-28;Deal;go;55.0;between;Mercado de Fruta
208;444;2020-11-14;2767;Nunez-Lopez;2025-09-23;Really;specific;;;Mercado de Flores
267;415;2024-02-20;3985;Wagner Inc;2022-03-29;Recent;over;;;Mercado de Fruta
50;655;2025-09-12;2849;Maldonado and Sons;2021-06-01;Water;truth;;;Mercado de Fruta
343;733;2020-12-20;829;Stone, Romero and Walton;2022-02-19;Think;success;;;Mercado de Fruta
390;805;2025-01-28;2494;Lawrence, Gardner and Harris;2023-03-17;Six;entire;;;Mercado de Fruta
357;808;2024-06-28;2079;Curry, Luna and White;2023-03-17;Because;material;;;Mercado de Fruta
133;383;2022-09-05;4704;Bullock Ltd;2022-03-23;Yeah;determine;71.0;side;Mercado de Legumes
181;321;2022-03-18;1892;Jackson, Munoz and Guzman;2025-04-01;Financial;detail;;;Mercado de Flores
173;606;2023-11-27;3275;Roberts, Nichols and Simon;2023-07-04;More;society;;;Mercado de Flores
357;989;2024-11-24;2956;Curry, Luna and White;2023-03-17;Early;real;;;Mercado de Legumes
270;877;2025-10-27;2795;Knight-Alexander;2023-05-25;Quickly;late;175.0;practice;Mercado de Fruta
58;631;2022-12-29;3131;Campos, Manning and Johnson;2021-09-03;Product;audience;;;Mercado de Fruta
82;236;2022-07-31;3708;Perez PLC;2022-08-24;Cultural;control;;;Mercado de Legumes
180;995;2025-08-22;4599;Tran-Huynh;2021-10-01;Skin;hundred;3.0;teach;Mercado de Legumes
213;215;2025-08-20;1867;Gonzalez-George;2021-03-23;Whom;wear;11.0;off;Mercado de Legumes
344;489;2024-05-21;1824;Smith-Cochran;2024-06-15;Culture;artist;;;Mercado de Flores
155;273;2021-06-16;1288;Harris-Travis;2023-09-23;Whom;book;;;Mercado de Flores
257;403;2023-01-21;4942;Mclaughlin, Noble and Mccall;2023-07-02;Choose;beat;;;Mercado de Fruta
91;922;2020-12-22;357;Lee-Osborne;2023-03-17;Daughter;remember;;;Mercado de Fruta
37;361;2021-01-02;1445;Meyer-Kim;2022-04-17;Growth;pull;40.0;do;Mercado de Fruta
352;667;2025-04-24;1296;Brewer-Willis;2024-10-10;Best;phone;;;Mercado de Fruta
167;993;2022-05-23;2754;Walker LLC;2023-07-29;Coach;report;;;Mercado de Flores
443;6;2024-02-05;2795;Avila Group;2026-01-21;Response;shoulder;7.0;might;Mercado de Flores
443;6;2024-02-05;2795;Avila Group;2026-01-21;Response;shoulder;75.0;grow;Mercado de Flores
336;122;2025-03-06;4784;Michael and Sons;2022-10-12;North;eight;;;Mercado de Legumes
360;28;2023-01-03;2231;Harris-Stephens;2024-08-29;Last;seek;48.0;rate;Mercado de Fruta
346;484;2025-11-13;2832;Paul, Stewart and Pierce;2024-08-13;Want;down;44.0;house;Mercado de Fruta
393;969;2021-08-02;862;Carson and Sons;2021-11-06;Hundred;resource;;;Mercado de Flores
120;131;2021-11-12;3403;Mcdaniel-Garza;2022-08-16;Generation;work;;;Mercado de Legumes
256;500;2024-07-11;4965;Martinez and Sons;2022-09-09;Arrive;brother;6.0;bar;Mercado de Legumes
297;674;2023-03-28;1145;Martin-Stuart;2023-04-09;Remain;voice;;;Mercado de Legumes
499;3;2021-09-21;211;Jacobs, Johnson and Clark;2022-01-05;Development;approach;9.0;piece;Mercado de Flores
499;3;2021-09-21;211;Jacobs, Johnson and Clark;2022-01-05;Development;approach;43.0;here;Mercado de Flores
67;622;2022-05-03;2145;Jones, Wolf and Smith;2022-08-07;Reflect;position;;;Mercado de Fruta
470;38;2025-08-28;594;Ray, Hall and Graves;2024-05-10;Miss;forget;;;Mercado de Legumes
59;95;2022-03-09;1395;Sullivan, Johnston and Rosales;2024-12-03;Sure;lose;;;Mercado de Legumes
497;377;2024-05-05;3910;Bowers-Townsend;2022-08-31;Structure;debate;;;Mercado de Legumes
212;947;2022-07-24;2639;Mckenzie Ltd;2023-12-02;Unit;soon;;;Mercado de Legumes
52;568;2020-07-17;2729;Hess PLC;2022-07-05;Wonder;bag;112.0;that;Mercado de Fruta
401;78;2025-06-02;2003;Bell, Nelson and Walker;2026-01-20;Generation;there;;;Mercado de Flores
11;105;2020-08-13;1739;Serrano, Young and Nichols;2024-10-20;Dog;fish;;;Mercado de Flores
12;493;2022-07-18;1078;Bradley LLC;2024-08-05;On;possible;;;Mercado de Fruta
94;60;2021-03-25;358;Boyd, Mcdaniel and Marsh;2022-05-03;Accept;low;16.0;thing;Mercado de Flores
3;224;2025-01-08;4428;Cruz, Hurley and Graham;2024-07-17;Rather;source;;;Mercado de Legumes
384;967;2023-06-22;1969;Gilbert, Schmidt and Macias;2025-03-21;Center;score;161.0;policy;Mercado de Fruta
105;265;2020-04-25;138;Mccall and Sons;2022-01-20;Town;play;5.0;meet;Mercado de Fruta
105;265;2020-04-25;138;Mccall and Sons;2022-01-20;Town;play;187.0;coach;Mercado de Fruta
353;109;2021-05-24;2069;Jones-Rollins;2024-02-10;Degree;one;;;Mercado de Fruta
428;861;2026-01-20;3299;Baldwin-Chandler;2022-06-04;House;third;141.0;think;Mercado de Flores
72;244;2022-08-09;4555;Crane-Torres;2022-06-18;School;write;86.0;school;Mercado de Fruta
234;444;2021-10-25;283;Yates LLC;2025-03-18;Really;specific;87.0;audience;Mercado de Flores
234;444;2021-10-25;283;Yates LLC;2025-03-18;Really;specific;164.0;where;Mercado de Flores
155;254;2023-02-12;4161;Harris-Travis;2023-09-23;They;pay;;;Mercado de Legumes
481;599;2023-10-08;1437;Green, Price and Lucas;2024-01-29;Friend;along;;;Mercado de Legumes
111;629;2022-07-25;1969;Huff-Garcia;2024-06-20;Defense;whom;;;Mercado de Legumes
69;984;2020-01-20;2330;Goodman-Kirby;2022-12-31;Foot;forward;67.0;hair;Mercado de Flores
204;289;2020-10-21;3724;Flynn-Knight;2023-08-04;Get;six;;;Mercado de Fruta
117;638;2021-01-08;4677;Avila, Duke and Medina;2024-04-05;Material;care;184.0;specific;Mercado de Legumes
453;485;2022-12-14;3954;Tran PLC;2023-10-18;However;debate;88.0;inside;Mercado de Legumes
31;382;2022-02-15;3880;Ball-Phillips;2025-10-21;Political;Democrat;;;Mercado de Fruta
179;307;2022-07-14;4756;Bowman, Boyer and Smith;2025-03-16;Traditional;appear;;;Mercado de Fruta
391;462;2021-12-08;2727;Travis PLC;2023-06-04;Daughter;compare;;;Mercado de Flores
353;693;2024-12-03;4140;Jones-Rollins;2024-02-10;Entire;personal;;;Mercado de Flores
157;353;2020-03-15;3796;West Group;2021-06-12;See;cover;;;Mercado de Legumes
358;892;2024-08-16;912;Mccormick and Sons;2023-11-06;Kitchen;against;24.0;during;Mercado de Fruta
358;892;2024-08-16;912;Mccormick and Sons;2023-11-06;Kitchen;against;138.0;democratic;Mercado de Fruta
66;174;2021-05-12;4577;Lara, Baker and Young;2025-09-16;Culture;back;182.0;current;Mercado de Flores
290;459;2020-09-19;3403;Hart-Koch;2022-07-24;Turn;bit;106.0;finish;Mercado de Flores
447;748;2025-01-06;2622;Palmer, Hall and Mcintosh;2023-12-21;But;until;;;Mercado de Fruta
77;136;2024-08-31;4855;Carter PLC;2024-11-13;Turn;example;;;Mercado de Fruta
277;913;2023-07-25;4742;Bennett Group;2021-03-31;Bed;remember;;;Mercado de Fruta
366;179;2024-11-10;1907;Martinez-West;2024-04-10;Level;drop;125.0;add;Mercado de Legumes
16;91;2024-01-30;3996;Barber, Dominguez and Smith;2024-03-10;South;system;122.0;any;Mercado de Fruta
16;91;2024-01-30;3996;Barber, Dominguez and Smith;2024-03-10;South;system;160.0;meet;Mercado de Fruta
16;91;2024-01-30;3996;Barber, Dominguez and Smith;2024-03-10;South;system;192.0;single;Mercado de Fruta
213;930;2024-11-07;401;Gonzalez-George;2021-03-23;Government;old;11.0;off;Mercado de Flores
66;774;2024-06-21;2533;Lara, Baker and Young;2025-09-16;Miss;chair;182.0;current;Mercado de Flores
444;368;2023-12-18;1457;Mack-Castillo;2024-04-27;Challenge;instead;;;Mercado de Legumes
3;581;2023-05-30;1372;Cruz, Hurley and Graham;2024-07-17;Similar;small;;;Mercado de Legumes
301;632;2024-03-07;2112;York, Carter and Hernandez;2022-10-28;Ok;adult;52.0;institution;Mercado de Legumes
380;224;2020-07-09;2934;Hill, Brown and Clark;2023-05-13;Rather;source;;;Mercado de Legumes
254;795;2025-09-13;1584;Williams, Mcdonald and Schmidt;2025-08-24;Hotel;standard;123.0;dream;Mercado de Flores
446;776;2023-05-03;1023;Duffy-Molina;2022-11-01;Long;yard;93.0;paper;Mercado de Legumes
142;903;2021-08-17;2201;Guzman Inc;2024-04-08;Social;light;2.0;beyond;Mercado de Flores
329;779;2022-02-05;563;Miller LLC;2023-07-20;Lawyer;explain;35.0;mean;Mercado de Legumes
206;509;2021-11-10;3289;Glass, Berry and Williams;2024-08-17;Picture;finish;;;Mercado de Legumes
40;484;2021-02-11;4647;Andrade, Mcclure and Alvarez;2025-08-03;Want;down;95.0;executive;Mercado de Fruta
256;186;2024-02-13;3052;Martinez and Sons;2022-09-09;Personal;within;6.0;bar;Mercado de Flores
463;954;2025-01-02;1720;Sullivan-Hernandez;2021-08-01;Quality;goal;;;Mercado de Flores
421;981;2023-11-19;4252;Martin LLC;2023-10-20;Force;give;;;Mercado de Flores
450;440;2024-07-19;3324;Calderon, May and Davis;2023-01-09;Each;later;171.0;wait;Mercado de Legumes
58;672;2021-10-16;2351;Campos, Manning and Johnson;2021-09-03;Total;hold;;;Mercado de Flores
485;971;2024-07-26;2317;Allen and Sons;2023-06-18;Education;play;;;Mercado de Legumes
8;643;2025-06-16;1639;Garcia-Lawson;2024-11-18;First;set;;;Mercado de Fruta
363;770;2020-02-06;1264;Adams Group;2023-01-02;Quite;end;27.0;college;Mercado de Legumes
363;770;2020-02-06;1264;Adams Group;2023-01-02;Quite;end;170.0;clearly;Mercado de Legumes
455;825;2024-04-19;2472;Giles, Lewis and Sampson;2021-08-24;Central;magazine;;;Mercado de Flores
170;151;2023-04-16;3915;Collins-Campos;2025-06-15;Learn;body;;;Mercado de Fruta
306;798;2020-12-21;1849;Jenkins LLC;2022-02-24;Young;pay;;;Mercado de Flores
138;830;2020-11-23;4461;Lee-Keller;2023-10-06;Customer;cut;117.0;staff;Mercado de Legumes
297;873;2020-08-11;1679;Martin-Stuart;2023-04-09;Strategy;success;;;Mercado de Flores
207;978;2023-11-07;1267;Warren Inc;2022-01-11;Western;artist;;;Mercado de Flores
480;398;2024-03-28;564;Jones-Chavez;2022-10-24;Fact;expect;99.0;then;Mercado de Legumes
480;398;2024-03-28;564;Jones-Chavez;2022-10-24;Fact;expect;131.0;religious;Mercado de Legumes
415;702;2025-03-17;134;Anderson, Yoder and Taylor;2021-08-26;Cell;first;60.0;thing;Mercado de Flores
64;488;2023-01-12;4991;Gonzalez, Vasquez and Powers;2024-07-20;Despite;exactly;;;Mercado de Legumes
387;361;2025-03-10;2542;Smith Group;2022-08-12;Growth;pull;15.0;Mrs;Mercado de Fruta
387;361;2025-03-10;2542;Smith Group;2022-08-12;Growth;pull;65.0;window;Mercado de Fruta
18;819;2021-01-09;2582;Ford-Garrett;2025-06-05;Kid;stand;;;Mercado de Flores
374;715;2024-10-24;2822;Park-Curry;2021-09-16;Dog;wish;;;Mercado de Fruta
236;17;2021-04-17;3816;Butler, Williams and Hoffman;2023-04-13;Rise;out;;;Mercado de Legumes
279;372;2025-08-14;420;Craig, Gordon and Chang;2021-06-08;Now;fear;;;Mercado de Flores
108;153;2022-01-11;4355;Mejia Ltd;2021-06-22;Look;at;;;Mercado de Flores
18;609;2024-11-17;4444;Ford-Garrett;2025-06-05;Mrs;in;;;Mercado de Flores
188;228;2023-10-29;2819;Davis, Cortez and Young;2022-03-06;Still;degree;133.0;assume;Mercado de Flores
188;228;2023-10-29;2819;Davis, Cortez and Young;2022-03-06;Still;degree;135.0;support;Mercado de Flores
128;284;2020-01-25;4129;Butler-Washington;2021-05-01;Box;level;;;Mercado de Legumes
338;13;2022-08-28;2508;Brown Ltd;2025-02-19;Tv;prove;;;Mercado de Fruta
106;640;2021-01-02;3580;Dodson Inc;2024-09-15;Nature;send;;;Mercado de Fruta
149;819;2022-11-27;3648;Sawyer LLC;2026-01-27;Kid;stand;;;Mercado de Flores
262;217;2025-05-28;1093;Williams and Sons;2023-12-20;Do;every;;;Mercado de Fruta
400;441;2025-03-10;2567;Davis Group;2024-10-27;Serious;above;13.0;coach;Mercado de Flores
241;171;2023-04-18;3913;Bates-Rivera;2022-09-06;Style;bill;;;Mercado de Flores
474;320;2024-11-17;2260;Alvarez, Lee and Lopez;2021-04-28;Common;grow;127.0;through;Mercado de Legumes
474;320;2024-11-17;2260;Alvarez, Lee and Lopez;2021-04-28;Common;grow;163.0;party;Mercado de Legumes
402;280;2022-06-10;1996;Miller-Wagner;2023-04-08;Stock;civil;;;Mercado de Fruta
165;28;2022-08-19;353;Williams, Griffith and Craig;2025-01-08;Last;seek;39.0;away;Mercado de Fruta
195;7;2022-10-28;1164;Ross-Davidson;2022-08-27;Civil;career;;;Mercado de Fruta
351;18;2021-04-11;1779;Curtis Inc;2024-10-01;Large;skill;101.0;both;Mercado de Flores
234;946;2024-12-12;4019;Yates LLC;2025-03-18;Ago;box;87.0;audience;Mercado de Fruta
234;946;2024-12-12;4019;Yates LLC;2025-03-18;Ago;box;164.0;where;Mercado de Fruta
178;677;2021-08-30;701;Hernandez, Lewis and Shields;2025-07-25;Report;study;97.0;pay;Mercado de Legumes
463;37;2021-10-20;4201;Sullivan-Hernandez;2021-08-01;My;various;;;Mercado de Fruta
220;782;2020-11-11;2122;Sharp-Williams;2024-08-10;Media;or;;;Mercado de Legumes
350;26;2023-06-14;4311;Medina-Johnson;2023-03-01;Available;yard;;;Mercado de Legumes
73;69;2023-01-27;3225;Adams, Lamb and Ellis;2022-05-26;True;stay;;;Mercado de Flores
36;231;2024-08-25;2781;Williams Inc;2025-02-07;Memory;wide;152.0;increase;Mercado de Flores
130;505;2023-05-15;325;Chase PLC;2024-06-12;Become;imagine;;;Mercado de Fruta
456;243;2021-06-25;3425;Price, Franklin and Duarte;2025-01-08;Pick;thing;;;Mercado de Flores
401;744;2021-07-23;303;Bell, Nelson and Walker;2026-01-20;Effect;evening;;;Mercado de Flores
356;528;2023-11-14;1697;Cook, Boyer and Cox;2024-02-10;Some;must;;;Mercado de Flores
77;917;2023-10-26;4724;Carter PLC;2024-11-13;Everyone;sense;;;Mercado de Legumes
209;769;2020-01-03;4493;Savage, Tran and Atkins;2021-10-19;Upon;describe;;;Mercado de Fruta
197;381;2023-04-19;4415;Tate, Wilson and Wilson;2026-02-16;Wife;data;142.0;pattern;Mercado de Flores
363;628;2021-04-26;3829;Adams Group;2023-01-02;More;not;27.0;college;Mercado de Fruta
363;628;2021-04-26;3829;Adams Group;2023-01-02;More;not;170.0;clearly;Mercado de Fruta
375;253;2022-11-06;133;Dixon-Williams;2021-07-20;Concern;responsibility;;;Mercado de Fruta
382;409;2021-07-17;756;Buchanan-Marquez;2023-03-31;Baby;model;;;Mercado de Fruta
27;463;2021-06-26;1307;Mosley-Kim;2023-04-06;Class;face;;;Mercado de Fruta
350;217;2021-07-01;4022;Medina-Johnson;2023-03-01;Do;every;;;Mercado de Fruta
173;214;2025-07-15;2184;Roberts, Nichols and Simon;2023-07-04;Available;evidence;;;Mercado de Fruta
139;889;2022-11-22;1595;Ramirez, Powell and Chen;2025-10-04;Executive;level;81.0;majority;Mercado de Fruta
238;813;2023-11-03;4643;Whitney, Kim and Moore;2025-02-23;Floor;national;;;Mercado de Flores
217;577;2022-12-14;4647;Moore, Guzman and Moore;2022-12-25;Feeling;dinner;;;Mercado de Fruta
153;814;2025-01-10;4549;Wilson, Spears and Mitchell;2025-04-21;Natural;foot;79.0;image;Mercado de Fruta
183;742;2023-04-27;2976;Velez, Price and Cortez;2022-02-23;Become;recognize;;;Mercado de Fruta
72;219;2021-08-24;4912;Crane-Torres;2022-06-18;Speak;some;86.0;school;Mercado de Flores
43;327;2023-10-09;1520;Hubbard-Morgan;2026-01-13;Number;field;120.0;once;Mercado de Flores
88;241;2021-06-18;1872;Brewer Ltd;2023-01-19;True;summer;;;Mercado de Fruta
186;481;2022-01-14;3003;Glass LLC;2021-02-27;Wish;writer;;;Mercado de Fruta
390;229;2025-01-31;1379;Lawrence, Gardner and Harris;2023-03-17;Go;run;;;Mercado de Fruta
106;880;2021-09-16;1012;Dodson Inc;2024-09-15;Produce;television;;;Mercado de Fruta
475;741;2024-11-02;4345;Luna Ltd;2025-03-23;Member;other;;;Mercado de Flores
357;645;2023-10-19;4995;Curry, Luna and White;2023-03-17;Turn;herself;;;Mercado de Flores
499;77;2021-09-05;2516;Jacobs, Johnson and Clark;2022-01-05;Class;city;9.0;piece;Mercado de Legumes
499;77;2021-09-05;2516;Jacobs, Johnson and Clark;2022-01-05;Class;city;43.0;here;Mercado de Legumes
198;945;2024-05-01;2078;Bradley PLC;2021-04-20;Peace;student;;;Mercado de Flores
122;333;2025-02-03;1785;Scott-Bowers;2024-12-19;To;watch;;;Mercado de Flores
171;579;2021-04-09;2764;Holt Ltd;2021-04-28;Happen;hotel;57.0;seek;Mercado de Flores
146;467;2025-11-10;2311;Christian, Lee and Stewart;2024-07-08;Focus;democratic;126.0;enter;Mercado de Legumes
392;114;2020-08-20;430;Nelson-Donaldson;2024-05-14;Plant;much;107.0;sense;Mercado de Flores
104;880;2022-10-21;3518;Mosley, Petty and Davis;2026-01-02;Produce;television;;;Mercado de Fruta
41;491;2022-12-16;1647;Stephenson-Lee;2025-10-15;Point;place;;;Mercado de Legumes
104;459;2025-11-21;935;Mosley, Petty and Davis;2026-01-02;Turn;bit;;;Mercado de Flores
251;469;2024-04-21;2314;Fernandez Inc;2021-07-16;Throughout;north;59.0;western;Mercado de Fruta
135;987;2024-08-11;2590;Williams-Smith;2021-11-26;Bit;success;;;Mercado de Flores
218;550;2025-05-10;4993;Olson Inc;2026-01-06;Management;not;;;Mercado de Fruta
23;312;2023-08-04;2794;Price-Scott;2023-05-17;Major;according;;;Mercado de Flores
179;791;2024-12-07;4207;Bowman, Boyer and Smith;2025-03-16;Project;become;;;Mercado de Legumes
220;297;2020-09-14;2475;Sharp-Williams;2024-08-10;Ball;senior;;;Mercado de Flores
54;361;2025-07-29;191;Schroeder, Hahn and Miller;2021-03-11;Growth;pull;;;Mercado de Fruta
228;505;2024-07-19;4039;Butler PLC;2021-05-21;Become;imagine;;;Mercado de Fruta
116;246;2021-02-25;2067;Williams, Anderson and Lopez;2025-02-13;Somebody;thought;28.0;difference;Mercado de Flores
81;300;2022-10-27;1910;Norton, Mccoy and Torres;2021-07-03;Follow;not;;;Mercado de Flores
272;922;2025-09-06;4423;Barrett PLC;2022-06-07;Daughter;remember;;;Mercado de Fruta
153;64;2025-07-24;1014;Wilson, Spears and Mitchell;2025-04-21;Sell;care;79.0;image;Mercado de Fruta
434;639;2024-10-17;1858;Reyes LLC;2023-06-10;Local;effort;;;Mercado de Flores
189;601;2020-07-27;113;Clark LLC;2025-06-23;Item;president;;;Mercado de Fruta
255;31;2022-12-30;2009;Rodriguez Inc;2021-07-28;Security;marriage;;;Mercado de Fruta
379;775;2023-09-30;3910;Ross, Ray and Bean;2023-09-04;Same;coach;22.0;join;Mercado de Fruta
96;709;2023-04-08;144;Sosa, Newton and Anderson;2022-05-18;Account;moment;;;Mercado de Fruta
269;48;2023-09-02;887;Garcia, Velasquez and James;2024-10-15;Man;serious;;;Mercado de Flores
372;429;2024-06-22;3788;Nichols, Moore and Meadows;2024-11-05;Must;future;;;Mercado de Flores
179;168;2025-04-30;3901;Bowman, Boyer and Smith;2025-03-16;Address;product;;;Mercado de Flores
121;910;2021-11-21;1969;Ruiz, Miller and Giles;2023-10-05;Theory;election;;;Mercado de Fruta
156;135;2024-04-07;1908;Wilkinson, George and Turner;2024-05-22;Although;lead;;;Mercado de Flores
83;876;2025-08-24;1407;Graham LLC;2022-11-25;End;table;154.0;tree;Mercado de Flores
227;724;2023-05-02;3766;Mitchell, Hernandez and Smith;2023-04-11;Western;have;;;Mercado de Fruta
33;819;2024-11-22;4664;Sims, Meza and Haynes;2021-09-04;Kid;stand;;;Mercado de Flores
352;693;2021-07-03;2689;Brewer-Willis;2024-10-10;Entire;personal;;;Mercado de Flores
435;882;2025-10-20;914;Thompson-Kramer;2024-03-05;Station;possible;;;Mercado de Flores
43;466;2024-12-15;4980;Hubbard-Morgan;2026-01-13;Government;exist;120.0;once;Mercado de Fruta
280;36;2023-09-14;1210;Fitzgerald, Good and Curtis;2021-09-14;Identify;movie;68.0;glass;Mercado de Flores
280;36;2023-09-14;1210;Fitzgerald, Good and Curtis;2021-09-14;Identify;movie;186.0;ball;Mercado de Flores
334;683;2020-12-31;854;Hernandez-Mason;2024-04-05;Set;half;140.0;ok;Mercado de Legumes
407;918;2022-05-28;4925;Ford, Spencer and Copeland;2021-10-25;Reason;man;;;Mercado de Flores
49;925;2020-08-15;3960;Black and Sons;2021-10-18;According;store;;;Mercado de Fruta
423;24;2020-06-26;1505;Goodman-Hayes;2024-12-18;Adult;alone;;;Mercado de Flores
205;361;2024-08-31;383;Turner-Cook;2023-12-03;Growth;pull;;;Mercado de Fruta
210;878;2021-05-28;2089;Clark Ltd;2024-07-20;Personal;could;19.0;perhaps;Mercado de Legumes
10;910;2024-08-21;3762;Woods, Taylor and Harrison;2024-07-08;Theory;election;;;Mercado de Fruta
211;171;2025-02-21;1868;Robinson LLC;2022-02-07;Style;bill;153.0;thus;Mercado de Flores
63;417;2023-04-23;1534;Castro, Sherman and Flores;2025-12-01;Agreement;girl;;;Mercado de Flores
22;403;2024-10-14;1108;Hernandez, Cain and Dalton;2021-04-23;Choose;beat;158.0;outside;Mercado de Fruta
306;119;2025-11-05;3601;Jenkins LLC;2022-02-24;Theory;account;;;Mercado de Legumes
355;918;2024-05-30;1552;Snyder-Kane;2024-09-28;Reason;man;;;Mercado de Flores
343;841;2021-12-14;1593;Stone, Romero and Walton;2022-02-19;Relationship;site;;;Mercado de Fruta
164;10;2025-11-19;832;Acevedo-Potts;2021-06-29;News;treat;;;Mercado de Fruta
393;149;2021-05-05;2705;Carson and Sons;2021-11-06;Brother;ball;;;Mercado de Legumes
5;715;2020-03-21;2233;Hart, Ramsey and Diaz;2021-03-14;Dog;wish;113.0;tend;Mercado de Fruta
76;702;2024-01-18;1335;Sparks Ltd;2022-05-22;Cell;first;;;Mercado de Flores
472;346;2023-05-08;1922;Camacho Inc;2022-03-16;Wrong;task;;;Mercado de Fruta
158;999;2026-01-15;2946;Moon Group;2024-08-28;Indeed;bed;;;Mercado de Flores
321;311;2021-07-22;4873;Frost-Wolfe;2023-12-28;Today;organization;;;Mercado de Legumes
406;530;2024-03-18;2647;Rodriguez-Spencer;2022-05-20;Film;physical;;;Mercado de Legumes
129;240;2025-01-07;4455;Gonzalez LLC;2025-09-05;Describe;attorney;30.0;difficult;Mercado de Flores
129;240;2025-01-07;4455;Gonzalez LLC;2025-09-05;Describe;attorney;191.0;a;Mercado de Flores
1;569;2020-03-08;302;Cooper and Sons;2022-04-26;Process;body;;;Mercado de Legumes
25;762;2020-06-08;759;Scott, Daugherty and Grant;2021-05-04;Republican;audience;155.0;generation;Mercado de Flores
433;112;2020-06-15;2656;Ballard-Orozco;2024-02-08;Happen;human;136.0;of;Mercado de Fruta
31;479;2020-12-12;791;Ball-Phillips;2025-10-21;Floor;organization;;;Mercado de Legumes
15;909;2020-06-13;388;Jackson, Miller and Chang;2024-05-13;Establish;almost;;;Mercado de Flores
378;142;2023-03-17;2407;Clark, Sloan and Maldonado;2024-06-22;Different;position;;;Mercado de Fruta
413;136;2021-10-04;3593;Shelton Inc;2024-03-19;Turn;example;;;Mercado de Fruta
146;856;2021-07-31;456;Christian, Lee and Stewart;2024-07-08;Something;summer;126.0;enter;Mercado de Fruta
50;378;2025-10-17;242;Maldonado and Sons;2021-06-01;Under;kitchen;;;Mercado de Flores
161;941;2023-11-08;264;Mays-Harmon;2022-10-23;Picture;lay;;;Mercado de Legumes
434;77;2020-07-04;2469;Reyes LLC;2023-06-10;Class;city;;;Mercado de Legumes
408;959;2020-09-05;1474;Wright-Jones;2022-01-26;Already;attack;;;Mercado de Legumes
199;433;2023-02-03;3098;Hanson-Fleming;2025-09-15;Else;customer;;;Mercado de Fruta
414;348;2021-09-09;4683;Nguyen-Becker;2023-04-12;End;maintain;;;Mercado de Flores
354;923;2023-07-05;4871;Martinez, Sanchez and Smith;2023-08-21;Paper;military;;;Mercado de Legumes
230;606;2025-03-09;1354;Shelton Inc;2023-04-03;More;society;169.0;hot;Mercado de Flores
168;430;2025-06-23;4734;Martinez and Sons;2023-10-25;Piece;our;4.0;along;Mercado de Fruta
489;388;2021-06-13;4367;Lee, Guerrero and Alexander;2026-01-14;International;effect;;;Mercado de Fruta
154;54;2024-10-10;1368;Coffey, Hodges and Tanner;2024-09-16;View;eat;179.0;democratic;Mercado de Flores
154;54;2024-10-10;1368;Coffey, Hodges and Tanner;2024-09-16;View;eat;189.0;kind;Mercado de Flores
322;301;2025-12-09;927;Elliott Group;2024-07-27;We;hit;;;Mercado de Fruta
468;981;2025-01-28;531;Crawford, Barnes and Aguilar;2021-04-19;Force;give;;;Mercado de Flores
277;760;2025-12-21;4687;Bennett Group;2021-03-31;Budget;protect;;;Mercado de Fruta
459;757;2025-01-12;3116;Holland, Evans and Myers;2023-04-18;Theory;make;25.0;large;Mercado de Fruta
486;700;2020-04-09;4610;Stewart Inc;2024-10-25;Great;against;180.0;party;Mercado de Fruta
348;442;2023-03-12;1496;Lyons-Mccoy;2021-09-26;Public;require;76.0;involve;Mercado de Fruta
402;441;2022-07-10;4823;Miller-Wagner;2023-04-08;Serious;above;;;Mercado de Flores
221;21;2025-05-10;3954;Gardner Group;2024-11-05;Cultural;threat;41.0;big;Mercado de Flores
434;932;2023-08-30;2603;Reyes LLC;2023-06-10;Rule;about;;;Mercado de Legumes
137;146;2021-06-17;784;Gray, Kim and Doyle;2023-09-10;Direction;skin;;;Mercado de Legumes
143;166;2023-11-14;3171;Flores and Sons;2024-12-02;Give;certainly;;;Mercado de Fruta
23;649;2020-04-17;3432;Price-Scott;2023-05-17;Arm;memory;;;Mercado de Fruta
154;423;2021-05-28;779;Coffey, Hodges and Tanner;2024-09-16;Politics;teacher;179.0;democratic;Mercado de Flores
154;423;2021-05-28;779;Coffey, Hodges and Tanner;2024-09-16;Politics;teacher;189.0;kind;Mercado de Flores
182;470;2024-07-10;2194;Moore, Rivera and Nguyen;2024-06-18;Into;his;;;Mercado de Legumes
421;18;2025-05-28;4301;Martin LLC;2023-10-20;Large;skill;;;Mercado de Flores
250;146;2024-08-11;4077;Williams LLC;2024-05-24;Direction;skin;;;Mercado de Legumes
74;776;2025-04-28;3075;Campbell Inc;2023-06-06;Long;yard;;;Mercado de Legumes
212;415;2023-04-04;1603;Mckenzie Ltd;2023-12-02;Recent;over;;;Mercado de Fruta
283;663;2024-07-27;4288;Nguyen-Patterson;2023-01-09;Financial;charge;;;Mercado de Flores
2;352;2020-08-13;280;Rogers, Fernandez and Perez;2023-11-29;Before;minute;176.0;price;Mercado de Fruta
2;352;2020-08-13;280;Rogers, Fernandez and Perez;2023-11-29;Before;minute;199.0;lot;Mercado de Fruta
240;461;2025-04-14;163;Cannon-Newman;2024-02-03;Director;war;31.0;coach;Mercado de Legumes
352;98;2021-05-03;327;Brewer-Willis;2024-10-10;Hit;successful;;;Mercado de Legumes
488;676;2022-11-03;271;Rodriguez and Sons;2022-03-26;Red;dog;;;Mercado de Fruta
495;567;2022-12-25;3333;Miller, Cherry and Torres;2025-12-22;Must;friend;;;Mercado de Flores
454;873;2024-11-06;829;Gonzales-Gonzales;2022-11-22;Strategy;success;;;Mercado de Flores
45;513;2022-12-20;2031;Carney-Walker;2023-06-05;Determine;ready;;;Mercado de Flores
6;532;2020-05-01;1352;Parker, Kelly and Golden;2022-01-20;Million;fall;12.0;sign;Mercado de Fruta
120;338;2024-11-10;1015;Mcdaniel-Garza;2022-08-16;Executive;agent;;;Mercado de Legumes
83;889;2020-08-16;1602;Graham LLC;2022-11-25;Executive;level;154.0;tree;Mercado de Fruta
112;247;2023-05-16;2141;Colon, King and Evans;2022-10-21;Nice;although;;;Mercado de Fruta
131;929;2024-02-01;1214;Schroeder, Moss and Rivas;2021-05-15;Mrs;avoid;;;Mercado de Legumes
282;146;2022-05-30;2147;Wilson LLC;2025-01-17;Direction;skin;130.0;billion;Mercado de Legumes
282;146;2022-05-30;2147;Wilson LLC;2025-01-17;Direction;skin;167.0;wonder;Mercado de Legumes
420;591;2025-10-11;4927;Brooks Ltd;2021-05-23;Article;interest;;;Mercado de Flores
162;137;2020-06-13;2367;Jacobs-Watson;2025-05-15;Modern;people;;;Mercado de Legumes
265;911;2022-06-17;4621;Baker-Wheeler;2021-11-02;Form;any;;;Mercado de Legumes
114;775;2022-07-30;3189;Powers, Friedman and Atkinson;2025-12-03;Same;coach;;;Mercado de Fruta
86;15;2020-09-04;3240;Frederick, Kelly and Willis;2023-11-24;Fast;character;;;Mercado de Flores
108;307;2020-03-10;4934;Mejia Ltd;2021-06-22;Traditional;appear;;;Mercado de Fruta
64;574;2022-04-04;3205;Gonzalez, Vasquez and Powers;2024-07-20;Down;serve;;;Mercado de Fruta
404;236;2020-06-08;1129;Jordan, Kim and Bowman;2024-02-28;Cultural;control;;;Mercado de Legumes
494;523;2022-06-11;4337;Rasmussen Group;2023-04-05;Industry;buy;;;Mercado de Fruta
275;699;2026-01-07;3943;Cox, Wright and Price;2023-10-30;Yes;explain;;;Mercado de Flores
471;411;2022-05-19;3225;Mason-Rogers;2025-10-13;Establish;author;;;Mercado de Flores
165;63;2020-11-18;3033;Williams, Griffith and Craig;2025-01-08;Paper;street;39.0;away;Mercado de Flores
228;423;2023-01-03;4280;Butler PLC;2021-05-21;Politics;teacher;;;Mercado de Flores
174;908;2021-11-04;4484;Pope, Perez and Mcdonald;2024-06-19;Lawyer;outside;;;Mercado de Legumes
97;165;2021-04-07;4685;Munoz-Lawson;2024-07-29;Partner;leave;20.0;stay;Mercado de Flores
97;165;2021-04-07;4685;Munoz-Lawson;2024-07-29;Partner;leave;23.0;total;Mercado de Flores
97;165;2021-04-07;4685;Munoz-Lawson;2024-07-29;Partner;leave;26.0;identify;Mercado de Flores
97;165;2021-04-07;4685;Munoz-Lawson;2024-07-29;Partner;leave;150.0;join;Mercado de Flores
97;165;2021-04-07;4685;Munoz-Lawson;2024-07-29;Partner;leave;181.0;grow;Mercado de Flores
354;327;2024-11-13;4330;Martinez, Sanchez and Smith;2023-08-21;Number;field;;;Mercado de Flores
242;665;2023-06-11;2837;Bishop, Acosta and Obrien;2022-08-25;Night;experience;;;Mercado de Legumes
109;474;2024-03-26;3478;Sanchez-Atkinson;2024-07-27;Court;truth;;;Mercado de Flores
147;652;2021-05-01;3755;Hess-Dickson;2022-09-18;Thought;provide;119.0;force;Mercado de Fruta
187;387;2025-07-17;405;Hanson, White and Jackson;2024-06-25;Sing;smile;;;Mercado de Flores
115;342;2020-02-03;1368;Johnson, Brennan and Wright;2025-01-01;May;good;183.0;feeling;Mercado de Flores
254;514;2020-08-30;3518;Williams, Mcdonald and Schmidt;2025-08-24;Head;wife;123.0;dream;Mercado de Fruta
101;998;2023-05-14;449;Dominguez, Fry and Hill;2021-08-11;Station;degree;;;Mercado de Legumes
167;724;2024-07-23;3490;Walker LLC;2023-07-29;Western;have;;;Mercado de Fruta
480;341;2021-09-04;3201;Jones-Chavez;2022-10-24;Director;always;99.0;then;Mercado de Legumes
480;341;2021-09-04;3201;Jones-Chavez;2022-10-24;Director;always;131.0;religious;Mercado de Legumes
36;392;2023-10-17;2562;Williams Inc;2025-02-07;Democrat;everyone;152.0;increase;Mercado de Legumes
269;428;2025-10-18;3766;Garcia, Velasquez and James;2024-10-15;Any;front;;;Mercado de Legumes
25;466;2021-10-27;3317;Scott, Daugherty and Grant;2021-05-04;Government;exist;155.0;generation;Mercado de Fruta
312;995;2020-07-12;1073;Roberts, Sanchez and Cook;2021-10-18;Skin;hundred;;;Mercado de Legumes
136;757;2021-04-04;2217;Knight Group;2025-03-11;Theory;make;;;Mercado de Fruta
413;412;2024-03-30;819;Shelton Inc;2024-03-19;Player;soon;;;Mercado de Fruta
77;421;2024-12-10;429;Carter PLC;2024-11-13;Director;fine;;;Mercado de Fruta
28;324;2025-01-27;3461;Hancock, Walker and Miller;2022-11-08;Reach;upon;;;Mercado de Flores
352;498;2022-06-05;2019;Brewer-Willis;2024-10-10;Boy;though;;;Mercado de Flores
19;855;2021-07-28;4933;Taylor Group;2023-12-11;Matter;marriage;;;Mercado de Flores
5;730;2021-09-30;954;Hart, Ramsey and Diaz;2021-03-14;Cut;safe;113.0;tend;Mercado de Fruta
305;528;2022-03-08;171;Johnson-Hunter;2023-04-03;Some;must;;;Mercado de Flores
342;316;2021-07-16;1145;Hernandez-King;2022-04-10;Where;so;;;Mercado de Fruta
470;387;2023-07-27;1642;Ray, Hall and Graves;2024-05-10;Sing;smile;;;Mercado de Flores
152;433;2025-04-28;4370;Schultz-Glass;2023-06-16;Else;customer;118.0;western;Mercado de Fruta
489;74;2023-08-04;1738;Lee, Guerrero and Alexander;2026-01-14;Then;no;;;Mercado de Legumes
299;235;2021-12-31;2144;Booker PLC;2025-08-17;Deal;go;;;Mercado de Fruta
316;856;2023-01-04;2325;Rodriguez, Huff and Holland;2024-08-16;Something;summer;;;Mercado de Fruta
331;859;2024-02-18;2928;Lawrence Inc;2023-06-02;Room;PM;149.0;service;Mercado de Fruta
375;31;2023-11-18;4475;Dixon-Williams;2021-07-20;Security;marriage;;;Mercado de Fruta
354;711;2023-09-24;2153;Martinez, Sanchez and Smith;2023-08-21;Detail;magazine;;;Mercado de Flores
103;693;2024-08-09;2844;Miller, Rojas and Hall;2024-12-07;Entire;personal;;;Mercado de Flores
324;327;2024-11-19;3305;Pearson-Dean;2022-05-18;Number;field;;;Mercado de Flores
81;540;2023-11-04;411;Norton, Mccoy and Torres;2021-07-03;Financial;budget;;;Mercado de Flores
153;844;2022-11-16;2858;Wilson, Spears and Mitchell;2025-04-21;Southern;thus;79.0;image;Mercado de Fruta
350;429;2021-05-22;601;Medina-Johnson;2023-03-01;Must;future;;;Mercado de Flores
285;722;2022-12-21;873;English-Williams;2023-09-29;Executive;training;;;Mercado de Legumes
67;2;2020-07-04;2119;Jones, Wolf and Smith;2022-08-07;Not;interesting;;;Mercado de Legumes
428;361;2025-12-15;1689;Baldwin-Chandler;2022-06-04;Growth;pull;141.0;think;Mercado de Fruta
445;620;2021-07-01;571;Rodriguez LLC;2023-11-14;Simply;without;;;Mercado de Legumes
205;28;2020-09-15;2530;Turner-Cook;2023-12-03;Last;seek;;;Mercado de Fruta
232;754;2024-06-17;1393;Stephenson Group;2025-12-12;Professor;despite;;;Mercado de Fruta
265;288;2020-06-01;2994;Baker-Wheeler;2021-11-02;There;ask;;;Mercado de Flores
86;534;2025-08-09;3807;Frederick, Kelly and Willis;2023-11-24;Baby;machine;;;Mercado de Flores
11;936;2024-07-08;3098;Serrano, Young and Nichols;2024-10-20;Dream;speak;;;Mercado de Flores
288;595;2023-06-18;1815;Hicks, Griffin and Craig;2026-01-22;Especially;staff;33.0;conference;Mercado de Fruta
158;623;2021-01-27;2500;Moon Group;2024-08-28;Art;from;;;Mercado de Legumes
104;205;2021-06-04;3531;Mosley, Petty and Davis;2026-01-02;Need;from;;;Mercado de Fruta
226;834;2025-06-27;2885;Diaz, Hunt and Jackson;2022-02-06;Interesting;unit;29.0;ever;Mercado de Flores
226;834;2025-06-27;2885;Diaz, Hunt and Jackson;2022-02-06;Interesting;unit;78.0;sit;Mercado de Flores
226;834;2025-06-27;2885;Diaz, Hunt and Jackson;2022-02-06;Interesting;unit;89.0;member;Mercado de Flores
377;688;2025-05-16;807;Humphrey-Hancock;2023-12-16;Special;where;;;Mercado de Fruta
493;624;2025-07-06;1665;Blake Group;2025-03-31;Arm;establish;110.0;truth;Mercado de Flores
497;282;2021-10-24;2477;Bowers-Townsend;2022-08-31;Notice;peace;;;Mercado de Flores
97;929;2022-03-04;1976;Munoz-Lawson;2024-07-29;Mrs;avoid;20.0;stay;Mercado de Legumes
97;929;2022-03-04;1976;Munoz-Lawson;2024-07-29;Mrs;avoid;23.0;total;Mercado de Legumes
97;929;2022-03-04;1976;Munoz-Lawson;2024-07-29;Mrs;avoid;26.0;identify;Mercado de Legumes
97;929;2022-03-04;1976;Munoz-Lawson;2024-07-29;Mrs;avoid;150.0;join;Mercado de Legumes
97;929;2022-03-04;1976;Munoz-Lawson;2024-07-29;Mrs;avoid;181.0;grow;Mercado de Legumes
443;702;2025-03-08;3465;Avila Group;2026-01-21;Cell;first;7.0;might;Mercado de Flores
443;702;2025-03-08;3465;Avila Group;2026-01-21;Cell;first;75.0;grow;Mercado de Flores
413;51;2023-06-05;1316;Shelton Inc;2024-03-19;Attack;already;;;Mercado de Flores
249;795;2023-06-13;902;Dunlap, Cabrera and Thompson;2021-04-23;Hotel;standard;;;Mercado de Flores
418;498;2022-05-18;3591;Shelton Ltd;2022-01-04;Boy;though;;;Mercado de Flores
89;27;2022-10-08;4761;Johns, Wolf and Osborne;2023-07-02;Republican;trouble;;;Mercado de Flores
463;2;2022-01-12;2721;Sullivan-Hernandez;2021-08-01;Not;interesting;;;Mercado de Legumes
44;957;2020-07-21;2344;Johnson, Hooper and Norton;2022-03-04;Glass;especially;;;Mercado de Flores
111;776;2024-03-09;1203;Huff-Garcia;2024-06-20;Long;yard;;;Mercado de Legumes
332;729;2021-08-20;1354;Dixon and Sons;2022-12-29;Age;near;;;Mercado de Flores
199;550;2020-11-17;2295;Hanson-Fleming;2025-09-15;Management;not;;;Mercado de Fruta
313;658;2021-07-27;1530;Stout-Rodgers;2022-09-19;Able;last;92.0;why;Mercado de Fruta
269;979;2021-10-25;554;Garcia, Velasquez and James;2024-10-15;Any;system;;;Mercado de Fruta
52;689;2020-09-15;1892;Hess PLC;2022-07-05;Raise;clear;112.0;that;Mercado de Legumes
274;800;2023-09-04;4203;Sosa Group;2026-01-19;Account;whom;;;Mercado de Legumes
498;420;2020-12-13;1510;Walker-Kirk;2024-03-19;Enjoy;long;;;Mercado de Flores
285;107;2021-08-22;3349;English-Williams;2023-09-29;Modern;yes;;;Mercado de Legumes
373;426;2020-02-28;3064;Martinez, Taylor and Howard;2025-04-04;Fly;commercial;;;Mercado de Flores
95;47;2021-11-01;3837;Woods and Sons;2022-04-09;It;form;32.0;follow;Mercado de Legumes
50;887;2020-10-28;2945;Maldonado and Sons;2021-06-01;Remember;friend;;;Mercado de Legumes
386;200;2020-05-14;2403;Hayden-Ellis;2026-01-01;Image;those;;;Mercado de Legumes
263;722;2020-11-18;2567;Hicks, Peterson and Ayala;2022-05-20;Executive;training;45.0;total;Mercado de Legumes
263;722;2020-11-18;2567;Hicks, Peterson and Ayala;2022-05-20;Executive;training;53.0;ago;Mercado de Legumes
91;511;2024-06-05;3377;Lee-Osborne;2023-03-17;Huge;partner;;;Mercado de Fruta
10;742;2021-02-03;713;Woods, Taylor and Harrison;2024-07-08;Become;recognize;;;Mercado de Fruta
53;587;2020-07-14;895;West-Brewer;2021-11-26;Purpose;player;188.0;both;Mercado de Legumes
201;800;2022-09-24;376;Swanson Group;2022-06-11;Account;whom;195.0;state;Mercado de Legumes
177;22;2023-09-22;3481;Jenkins-Ramos;2023-10-01;Stand;choice;;;Mercado de Fruta
152;780;2022-02-11;3020;Schultz-Glass;2023-06-16;Charge;beyond;118.0;western;Mercado de Flores
256;642;2022-05-06;2870;Martinez and Sons;2022-09-09;Money;section;6.0;bar;Mercado de Flores
348;37;2022-06-08;2730;Lyons-Mccoy;2021-09-26;My;various;76.0;involve;Mercado de Fruta
221;147;2024-03-14;672;Gardner Group;2024-11-05;Individual;court;41.0;big;Mercado de Flores
291;337;2022-06-10;1829;Hernandez LLC;2025-09-01;Article;raise;;;Mercado de Fruta
361;610;2021-11-27;3847;Martinez Ltd;2023-11-22;To;bad;80.0;by;Mercado de Fruta
468;878;2024-09-17;4743;Crawford, Barnes and Aguilar;2021-04-19;Personal;could;;;Mercado de Legumes
117;600;2024-04-04;2668;Avila, Duke and Medina;2024-04-05;Television;why;184.0;specific;Mercado de Flores
220;920;2022-09-10;3233;Sharp-Williams;2024-08-10;Kid;son;;;Mercado de Legumes
385;291;2025-05-18;2277;Gonzalez Group;2024-02-14;Check;wife;;;Mercado de Flores
363;908;2022-04-22;1347;Adams Group;2023-01-02;Lawyer;outside;27.0;college;Mercado de Legumes
363;908;2022-04-22;1347;Adams Group;2023-01-02;Lawyer;outside;170.0;clearly;Mercado de Legumes
170;33;2022-05-22;943;Collins-Campos;2025-06-15;;visit;;;Mercado de Flores
285;20;2024-07-02;2933;English-Williams;2023-09-29;Increase;field;;;Mercado de Legumes
190;122;2025-01-26;1722;Lyons-Cook;2023-06-02;North;eight;;;Mercado de Legumes
299;743;2023-09-10;175;Booker PLC;2025-08-17;Professor;well;;;Mercado de Legumes
64;313;2025-10-14;186;Gonzalez, Vasquez and Powers;2024-07-20;Three;firm;;;Mercado de Fruta
166;167;2021-11-21;4537;Savage-Martin;2025-07-07;Final;message;;;Mercado de Legumes
142;517;2020-09-10;1483;Guzman Inc;2024-04-08;Which;ago;2.0;beyond;Mercado de Fruta
289;132;2023-06-11;3468;Spencer-Carter;2026-01-20;Reveal;create;;;Mercado de Flores
122;264;2021-08-10;2111;Scott-Bowers;2024-12-19;Blood;foot;;;Mercado de Flores
465;336;2024-10-25;3372;Smith-King;2025-09-06;Unit;list;;;Mercado de Flores
464;478;2020-03-06;3387;Morris Ltd;2021-10-01;Able;through;;;Mercado de Fruta
219;285;2022-06-30;1339;Adams-Ferguson;2024-08-20;Commercial;evidence;151.0;event;Mercado de Flores
493;404;2021-02-07;1740;Blake Group;2025-03-31;He;read;110.0;truth;Mercado de Legumes
250;912;2020-09-20;3711;Williams LLC;2024-05-24;Together;participant;;;Mercado de Flores
347;886;2024-09-14;2846;Becker, Flynn and Silva;2023-12-04;Compare;student;;;Mercado de Fruta
129;857;2020-11-11;285;Gonzalez LLC;2025-09-05;Painting;so;30.0;difficult;Mercado de Legumes
129;857;2020-11-11;285;Gonzalez LLC;2025-09-05;Painting;so;191.0;a;Mercado de Legumes
322;211;2025-03-09;1169;Elliott Group;2024-07-27;Across;prove;;;Mercado de Fruta
396;692;2020-04-14;4505;Mclaughlin Inc;2023-12-02;Fact;finally;;;Mercado de Legumes
79;210;2022-12-16;4054;Lopez, Newton and Rivera;2021-03-22;Low;feel;;;Mercado de Flores
7;478;2026-02-02;4240;Davis, Armstrong and Brown;2023-02-05;Able;through;;;Mercado de Fruta
336;453;2024-02-22;1135;Michael and Sons;2022-10-12;Require;situation;;;Mercado de Flores
361;43;2022-07-31;636;Martinez Ltd;2023-11-22;Doctor;wear;80.0;by;Mercado de Fruta
468;857;2021-12-31;3162;Crawford, Barnes and Aguilar;2021-04-19;Painting;so;;;Mercado de Legumes
365;710;2022-09-01;681;Cantu, Palmer and Thomas;2025-01-03;Name;ball;;;Mercado de Legumes
338;224;2025-05-05;4694;Brown Ltd;2025-02-19;Rather;source;;;Mercado de Legumes
296;763;2026-02-16;2170;Coleman-Reyes;2025-07-26;Front;former;83.0;responsibility;Mercado de Fruta
296;763;2026-02-16;2170;Coleman-Reyes;2025-07-26;Front;former;145.0;somebody;Mercado de Fruta
296;749;2020-10-23;542;Coleman-Reyes;2025-07-26;Practice;worker;83.0;responsibility;Mercado de Legumes
296;749;2020-10-23;542;Coleman-Reyes;2025-07-26;Practice;worker;145.0;somebody;Mercado de Legumes
62;779;2021-12-20;3217;Dean Group;2023-04-26;Lawyer;explain;;;Mercado de Legumes
459;179;2024-09-05;3612;Holland, Evans and Myers;2023-04-18;Level;drop;25.0;large;Mercado de Legumes
159;103;2022-01-20;295;Johnson, Long and Benson;2022-06-05;Sound;window;;;Mercado de Fruta
250;672;2024-04-15;2488;Williams LLC;2024-05-24;Total;hold;;;Mercado de Flores
241;510;2024-08-08;2329;Bates-Rivera;2022-09-06;Suffer;nature;;;Mercado de Flores
291;437;2025-12-30;1416;Hernandez LLC;2025-09-01;Care;score;;;Mercado de Legumes
187;380;2022-01-12;3338;Hanson, White and Jackson;2024-06-25;Character;forward;;;Mercado de Legumes
11;695;2020-03-20;3041;Serrano, Young and Nichols;2024-10-20;Local;weight;;;Mercado de Legumes
99;304;2021-12-05;1018;Stokes, Taylor and Wallace;2023-11-03;Charge;this;147.0;miss;Mercado de Fruta
99;304;2021-12-05;1018;Stokes, Taylor and Wallace;2023-11-03;Charge;this;168.0;party;Mercado de Fruta
67;215;2022-03-12;2265;Jones, Wolf and Smith;2022-08-07;Whom;wear;;;Mercado de Legumes
316;617;2024-04-09;1876;Rodriguez, Huff and Holland;2024-08-16;Ok;thought;;;Mercado de Legumes
482;795;2021-01-10;2620;Stout Inc;2023-05-30;Hotel;standard;;;Mercado de Flores
73;895;2024-04-23;2073;Adams, Lamb and Ellis;2022-05-26;North;discussion;;;Mercado de Fruta
360;533;2025-05-29;4530;Harris-Stephens;2024-08-29;Language;those;48.0;rate;Mercado de Legumes
93;334;2021-01-29;2825;Russell Ltd;2025-01-13;Tree;certain;194.0;quickly;Mercado de Fruta
295;996;2025-04-16;2720;Sandoval, Castillo and Golden;2025-02-04;List;education;;;Mercado de Flores
174;234;2021-09-29;927;Pope, Perez and Mcdonald;2024-06-19;Edge;woman;;;Mercado de Flores
356;808;2020-08-11;4010;Cook, Boyer and Cox;2024-02-10;Because;material;;;Mercado de Fruta
50;301;2023-03-12;4259;Maldonado and Sons;2021-06-01;We;hit;;;Mercado de Fruta
286;890;2024-06-30;1493;James PLC;2024-11-09;Expect;thousand;;;Mercado de Legumes
476;142;2025-11-07;2106;Johnson-Curtis;2021-06-10;Different;position;36.0;dream;Mercado de Fruta
35;177;2021-12-16;873;Nolan, Jones and Gordon;2021-04-03;Sister;able;61.0;record;Mercado de Flores
289;472;2021-10-15;3433;Spencer-Carter;2026-01-20;Different;deep;;;Mercado de Fruta
226;977;2021-11-17;2965;Diaz, Hunt and Jackson;2022-02-06;Decision;off;29.0;ever;Mercado de Legumes
226;977;2021-11-17;2965;Diaz, Hunt and Jackson;2022-02-06;Decision;off;78.0;sit;Mercado de Legumes
226;977;2021-11-17;2965;Diaz, Hunt and Jackson;2022-02-06;Decision;off;89.0;member;Mercado de Legumes
262;884;2023-11-07;2258;Williams and Sons;2023-12-20;Describe;model;;;Mercado de Legumes
460;683;2026-01-22;811;Davenport-Cook;2021-03-09;Set;half;;;Mercado de Legumes
352;799;2025-03-29;4577;Brewer-Willis;2024-10-10;List;perform;;;Mercado de Fruta
493;336;2023-11-15;460;Blake Group;2025-03-31;Unit;list;110.0;truth;Mercado de Flores
447;323;2023-05-24;1552;Palmer, Hall and Mcintosh;2023-12-21;Area;record;;;Mercado de Legumes
41;503;2020-11-27;1657;Stephenson-Lee;2025-10-15;Product;society;;;Mercado de Legumes
482;855;2024-11-02;2508;Stout Inc;2023-05-30;Matter;marriage;;;Mercado de Flores
107;305;2021-01-24;293;Jones, Keith and Wiggins;2021-05-06;They;small;;;Mercado de Legumes
326;75;2022-04-29;2718;Jackson Group;2024-02-03;Relate;no;;;Mercado de Flores
21;306;2020-01-04;4557;Williams, Martinez and Gentry;2021-03-07;Control;run;;;Mercado de Flores
270;699;2023-06-22;1980;Knight-Alexander;2023-05-25;Yes;explain;175.0;practice;Mercado de Flores
268;253;2022-03-09;1430;Taylor Inc;2022-03-26;Concern;responsibility;;;Mercado de Fruta
74;930;2022-12-04;1744;Campbell Inc;2023-06-06;Government;old;;;Mercado de Flores
245;336;2022-10-25;1667;Guzman-Cole;2024-11-20;Unit;list;56.0;design;Mercado de Flores
87;309;2020-11-17;1973;Mason Inc;2025-07-04;Social;shake;;;Mercado de Flores
231;164;2023-06-22;2510;Griffin PLC;2021-03-20;Almost;describe;;;Mercado de Legumes
299;130;2024-05-26;1899;Booker PLC;2025-08-17;They;really;;;Mercado de Fruta
195;508;2022-10-11;2813;Ross-Davidson;2022-08-27;Shoulder;garden;;;Mercado de Fruta
233;759;2025-05-03;385;Hernandez-Hart;2021-08-13;Own;recognize;177.0;media;Mercado de Flores
464;695;2022-11-29;3790;Morris Ltd;2021-10-01;Local;weight;;;Mercado de Legumes
328;310;2020-04-25;4445;Lee, Figueroa and Silva;2023-01-06;Wind;situation;;;Mercado de Fruta
389;361;2021-01-08;928;Snyder, Reese and Wagner;2021-07-04;Growth;pull;102.0;as;Mercado de Fruta
240;979;2023-02-16;734;Cannon-Newman;2024-02-03;Any;system;31.0;coach;Mercado de Fruta
210;734;2023-03-21;1763;Clark Ltd;2024-07-20;Win;prevent;19.0;perhaps;Mercado de Legumes
373;448;2020-07-29;4935;Martinez, Taylor and Howard;2025-04-04;Everyone;environment;;;Mercado de Fruta
306;955;2025-10-24;3853;Jenkins LLC;2022-02-24;True;house;;;Mercado de Fruta
87;539;2021-04-23;4377;Mason Inc;2025-07-04;Whom;what;;;Mercado de Legumes
497;203;2024-07-27;4211;Bowers-Townsend;2022-08-31;Wind;stock;;;Mercado de Legumes
413;121;2024-02-14;571;Shelton Inc;2024-03-19;Everyone;whatever;;;Mercado de Fruta
324;198;2022-09-25;989;Pearson-Dean;2022-05-18;Personal;religious;;;Mercado de Flores
464;643;2021-02-27;2940;Morris Ltd;2021-10-01;First;set;;;Mercado de Fruta
71;670;2022-01-24;4767;Krueger, Trujillo and Gonzalez;2022-01-15;Forward;where;;;Mercado de Fruta
399;276;2022-01-28;1089;Scott Group;2021-11-11;Prevent;if;84.0;page;Mercado de Flores
472;255;2021-04-29;629;Camacho Inc;2022-03-16;Better;scientist;;;Mercado de Flores
150;209;2024-01-22;1794;Zhang, Arnold and Richmond;2021-11-15;Stock;customer;;;Mercado de Legumes
228;196;2023-04-12;1793;Butler PLC;2021-05-21;Soldier;whatever;;;Mercado de Fruta
210;127;2020-02-19;1959;Clark Ltd;2024-07-20;Store;her;19.0;perhaps;Mercado de Fruta
22;230;2025-06-22;646;Hernandez, Cain and Dalton;2021-04-23;Theory;study;158.0;outside;Mercado de Legumes
311;838;2020-02-03;2047;Johnson-Blankenship;2021-09-21;Phone;interview;46.0;far;Mercado de Fruta
136;681;2024-09-11;203;Knight Group;2025-03-11;Blue;window;;;Mercado de Flores
173;929;2021-03-30;2990;Roberts, Nichols and Simon;2023-07-04;Mrs;avoid;;;Mercado de Legumes
225;880;2024-09-06;1480;Bradley-Phillips;2021-10-31;Produce;television;;;Mercado de Fruta
356;439;2020-09-08;369;Cook, Boyer and Cox;2024-02-10;Weight;clear;;;Mercado de Fruta
338;164;2020-04-30;4884;Brown Ltd;2025-02-19;Almost;describe;;;Mercado de Legumes
281;861;2023-01-03;3043;Carlson-Landry;2025-12-17;House;third;178.0;form;Mercado de Flores
483;436;2022-09-25;620;Ramirez PLC;2025-10-14;Today;impact;8.0;throughout;Mercado de Fruta
10;142;2021-01-27;1403;Woods, Taylor and Harrison;2024-07-08;Different;position;;;Mercado de Fruta
417;11;2023-03-26;2500;Wells Group;2026-01-14;Cover;real;;;Mercado de Legumes
152;259;2025-07-20;1840;Schultz-Glass;2023-06-16;Section;continue;118.0;western;Mercado de Fruta
300;19;2020-08-16;352;Saunders-Marshall;2022-10-25;Social;message;;;Mercado de Fruta
91;225;2021-08-15;3661;Lee-Osborne;2023-03-17;Rule;industry;;;Mercado de Flores
354;7;2023-07-26;4780;Martinez, Sanchez and Smith;2023-08-21;Civil;career;;;Mercado de Fruta
47;336;2022-09-04;4748;Benjamin-Reed;2024-09-25;Unit;list;;;Mercado de Flores
471;876;2023-08-05;2658;Mason-Rogers;2025-10-13;End;table;;;Mercado de Flores
232;20;2022-05-13;1468;Stephenson Group;2025-12-12;Increase;field;;;Mercado de Legumes
332;107;2024-05-12;4904;Dixon and Sons;2022-12-29;Modern;yes;;;Mercado de Legumes
431;29;2024-11-11;4844;Taylor Inc;2024-08-22;Different;agency;104.0;account;Mercado de Legumes
207;772;2025-10-12;2855;Warren Inc;2022-01-11;Technology;dinner;;;Mercado de Fruta
463;414;2025-07-26;1765;Sullivan-Hernandez;2021-08-01;Next;eight;;;Mercado de Flores
227;235;2025-01-06;3918;Mitchell, Hernandez and Smith;2023-04-11;Deal;go;;;Mercado de Fruta
172;984;2023-11-22;1154;Grant-Jordan;2024-08-24;Foot;forward;;;Mercado de Flores
270;144;2023-12-11;1086;Knight-Alexander;2023-05-25;Low;recently;175.0;practice;Mercado de Flores
444;637;2022-07-10;1887;Mack-Castillo;2024-04-27;Well;determine;;;Mercado de Fruta
478;119;2022-12-28;3585;Vaughan, Tucker and Jackson;2023-05-14;Theory;account;;;Mercado de Legumes
470;865;2021-08-19;2067;Ray, Hall and Graves;2024-05-10;Reveal;human;;;Mercado de Fruta
103;848;2024-11-10;404;Miller, Rojas and Hall;2024-12-07;Focus;very;;;Mercado de Legumes
67;221;2024-11-28;2846;Jones, Wolf and Smith;2022-08-07;Little;ever;;;Mercado de Legumes
7;844;2022-05-02;2388;Davis, Armstrong and Brown;2023-02-05;Southern;thus;;;Mercado de Fruta
170;951;2024-10-17;2437;Collins-Campos;2025-06-15;Never;so;;;Mercado de Flores
344;560;2021-02-03;1754;Smith-Cochran;2024-06-15;Poor;those;;;Mercado de Legumes
72;613;2022-06-19;1206;Crane-Torres;2022-06-18;Base;often;86.0;school;Mercado de Fruta
299;752;2023-12-25;2489;Booker PLC;2025-08-17;Job;strong;;;Mercado de Legumes
314;443;2023-07-21;1161;Moody LLC;2024-10-26;Several;hand;;;Mercado de Legumes
160;344;2021-04-16;727;Marshall and Sons;2024-12-11;Piece;million;63.0;sit;Mercado de Legumes
312;237;2021-10-22;1760;Roberts, Sanchez and Cook;2021-10-18;Street;check;;;Mercado de Flores
321;358;2021-09-15;4865;Frost-Wolfe;2023-12-28;Suggest;too;;;Mercado de Fruta
227;85;2025-08-28;3032;Mitchell, Hernandez and Smith;2023-04-11;Through;south;;;Mercado de Fruta
360;698;2023-11-07;1837;Harris-Stephens;2024-08-29;Age;him;48.0;rate;Mercado de Legumes
412;826;2024-11-15;4511;Young Ltd;2021-10-29;Name;moment;;;Mercado de Fruta
117;932;2024-01-09;2410;Avila, Duke and Medina;2024-04-05;Rule;about;184.0;specific;Mercado de Legumes
222;879;2024-03-16;3476;Fisher, Dawson and Saunders;2021-12-24;Manager;ok;;;Mercado de Flores
459;786;2021-05-14;2878;Holland, Evans and Myers;2023-04-18;Season;base;25.0;large;Mercado de Flores
55;240;2020-06-11;4741;Hill, Allen and Rodriguez;2022-07-31;Describe;attorney;114.0;ability;Mercado de Flores
217;181;2025-07-15;2602;Moore, Guzman and Moore;2022-12-25;She;our;;;Mercado de Fruta
129;670;2022-11-17;3738;Gonzalez LLC;2025-09-05;Forward;where;30.0;difficult;Mercado de Fruta
129;670;2022-11-17;3738;Gonzalez LLC;2025-09-05;Forward;where;191.0;a;Mercado de Fruta
119;712;2020-11-16;1166;Shelton, Odonnell and Williams;2022-11-17;Industry;purpose;;;Mercado de Fruta
11;618;2020-07-17;1618;Serrano, Young and Nichols;2024-10-20;West;manage;;;Mercado de Flores
94;470;2024-11-02;4917;Boyd, Mcdaniel and Marsh;2022-05-03;Into;his;16.0;thing;Mercado de Legumes
41;848;2020-10-13;1961;Stephenson-Lee;2025-10-15;Focus;very;;;Mercado de Legumes
381;619;2023-01-29;4460;Hunter-Wood;2023-06-13;Decade;generation;;;Mercado de Fruta
225;327;2026-02-15;3210;Bradley-Phillips;2021-10-31;Number;field;;;Mercado de Flores
42;692;2021-07-15;1651;Goodwin-Murphy;2023-05-27;Fact;finally;;;Mercado de Legumes
141;567;2021-06-12;1818;Gordon LLC;2022-04-11;Must;friend;;;Mercado de Flores
315;135;2021-08-22;1775;Garcia, Campbell and Powell;2023-02-17;Although;lead;;;Mercado de Flores
140;152;2023-01-28;1594;Woodard PLC;2021-04-23;Behind;door;;;Mercado de Legumes
353;50;2021-01-25;1104;Jones-Rollins;2024-02-10;Up;foot;;;Mercado de Legumes
4;542;2022-08-30;2481;Compton, Gonzalez and Banks;2021-03-20;School;itself;49.0;next;Mercado de Legumes
73;576;2021-02-04;1322;Adams, Lamb and Ellis;2022-05-26;Support;close;;;Mercado de Flores
312;340;2025-09-30;2050;Roberts, Sanchez and Cook;2021-10-18;During;national;;;Mercado de Fruta
436;617;2022-02-23;1499;Henry, Krueger and Freeman;2021-09-19;Ok;thought;;;Mercado de Legumes
93;8;2020-10-18;4232;Russell Ltd;2025-01-13;Thus;allow;194.0;quickly;Mercado de Legumes
230;935;2021-09-30;3556;Shelton Inc;2023-04-03;Alone;science;169.0;hot;Mercado de Legumes
387;354;2025-09-19;3952;Smith Group;2022-08-12;Another;collection;15.0;Mrs;Mercado de Flores
387;354;2025-09-19;3952;Smith Group;2022-08-12;Another;collection;65.0;window;Mercado de Flores
15;753;2025-08-20;3929;Jackson, Miller and Chang;2024-05-13;First;last;;;Mercado de Flores
393;165;2021-11-10;2737;Carson and Sons;2021-11-06;Partner;leave;;;Mercado de Flores
189;230;2023-01-15;2513;Clark LLC;2025-06-23;Theory;study;;;Mercado de Legumes
164;587;2022-03-30;1927;Acevedo-Potts;2021-06-29;Purpose;player;;;Mercado de Legumes
87;199;2024-06-11;3856;Mason Inc;2025-07-04;Before;around;;;Mercado de Fruta
349;432;2021-02-20;2251;Wise-Perry;2021-04-04;Soldier;decade;;;Mercado de Flores
329;15;2023-05-17;2515;Miller LLC;2023-07-20;Fast;character;35.0;mean;Mercado de Flores
386;832;2021-10-06;4604;Hayden-Ellis;2026-01-01;Memory;low;;;Mercado de Fruta
181;656;2024-10-18;4176;Jackson, Munoz and Guzman;2025-04-01;Republican;off;;;Mercado de Legumes
321;758;2023-03-20;2188;Frost-Wolfe;2023-12-28;Every;stock;;;Mercado de Legumes
203;969;2022-05-15;4476;Roberts LLC;2024-09-29;Hundred;resource;;;Mercado de Flores
116;102;2024-10-05;2512;Williams, Anderson and Lopez;2025-02-13;We;office;28.0;difference;Mercado de Flores
492;736;2022-10-03;4854;Lyons, Gomez and Oconnor;2021-04-27;Design;author;;;Mercado de Fruta
222;687;2023-01-03;2573;Fisher, Dawson and Saunders;2021-12-24;Clear;quality;;;Mercado de Flores
98;415;2024-08-01;870;Riley, Dunn and Mccarty;2024-07-30;Recent;over;;;Mercado de Fruta
488;806;2020-11-18;2420;Rodriguez and Sons;2022-03-26;Care;cell;;;Mercado de Legumes
327;276;2024-01-25;1159;Mills, Mclaughlin and Smith;2026-02-09;Prevent;if;66.0;certainly;Mercado de Flores
222;645;2026-01-15;382;Fisher, Dawson and Saunders;2021-12-24;Turn;herself;;;Mercado de Flores
199;640;2023-09-02;4322;Hanson-Fleming;2025-09-15;Nature;send;;;Mercado de Fruta
225;474;2025-11-07;2599;Bradley-Phillips;2021-10-31;Court;truth;;;Mercado de Flores
209;107;2024-03-17;2570;Savage, Tran and Atkins;2021-10-19;Modern;yes;;;Mercado de Legumes
148;63;2023-09-27;3610;Hicks, Smith and Watson;2026-01-22;Paper;street;18.0;turn;Mercado de Flores
312;125;2022-10-18;4330;Roberts, Sanchez and Cook;2021-10-18;Risk;level;;;Mercado de Legumes
98;208;2024-01-29;1027;Riley, Dunn and Mccarty;2024-07-30;National;people;;;Mercado de Fruta
341;249;2020-04-18;3426;Alvarez, Dunn and Browning;2023-04-02;Kind;organization;;;Mercado de Flores
131;212;2020-08-05;1771;Schroeder, Moss and Rivas;2021-05-15;Evidence;night;;;Mercado de Legumes
220;127;2023-11-17;908;Sharp-Williams;2024-08-10;Store;her;;;Mercado de Fruta
343;739;2024-01-28;4574;Stone, Romero and Walton;2022-02-19;Somebody;Mrs;;;Mercado de Fruta
448;921;2024-02-16;2006;Jacobs Ltd;2024-09-13;Life;image;;;Mercado de Flores
287;134;2020-05-23;1277;Bailey, Bush and Hernandez;2024-12-15;Voice;try;148.0;room;Mercado de Legumes
351;485;2025-02-22;4197;Curtis Inc;2024-10-01;However;debate;101.0;both;Mercado de Legumes
363;16;2025-05-13;3849;Adams Group;2023-01-02;Reduce;toward;27.0;college;Mercado de Fruta
363;16;2025-05-13;3849;Adams Group;2023-01-02;Reduce;toward;170.0;clearly;Mercado de Fruta
86;709;2022-10-11;4204;Frederick, Kelly and Willis;2023-11-24;Account;moment;;;Mercado de Fruta
213;794;2023-05-26;4715;Gonzalez-George;2021-03-23;Institution;glass;11.0;off;Mercado de Legumes
426;336;2024-05-14;540;Johnson-Williams;2021-10-18;Unit;list;82.0;marriage;Mercado de Flores
496;571;2022-10-17;427;Barrett, Patrick and Morton;2025-03-09;Wife;bill;129.0;nor;Mercado de Fruta
87;616;2023-09-19;1525;Mason Inc;2025-07-04;Side;drive;;;Mercado de Fruta
462;89;2025-07-24;938;Hansen-Lewis;2024-07-07;A;continue;;;Mercado de Legumes
52;624;2024-03-09;4616;Hess PLC;2022-07-05;Arm;establish;112.0;that;Mercado de Flores
137;505;2024-11-08;3117;Gray, Kim and Doyle;2023-09-10;Become;imagine;;;Mercado de Fruta
6;593;2021-12-12;4491;Parker, Kelly and Golden;2022-01-20;Throw;picture;12.0;sign;Mercado de Legumes
385;767;2021-07-07;4360;Gonzalez Group;2024-02-14;Source;keep;;;Mercado de Legumes
474;371;2024-06-03;1023;Alvarez, Lee and Lopez;2021-04-28;Price;material;127.0;through;Mercado de Legumes
474;371;2024-06-03;1023;Alvarez, Lee and Lopez;2021-04-28;Price;material;163.0;party;Mercado de Legumes
455;884;2022-03-02;112;Giles, Lewis and Sampson;2021-08-24;Describe;model;;;Mercado de Legumes
132;549;2021-06-18;1534;Branch and Sons;2021-12-10;Know;Republican;69.0;exist;Mercado de Flores
75;772;2020-09-28;4221;Conley LLC;2025-11-10;Technology;dinner;;;Mercado de Fruta
217;658;2026-01-31;2038;Moore, Guzman and Moore;2022-12-25;Able;last;;;Mercado de Fruta
453;710;2023-02-21;3467;Tran PLC;2023-10-18;Name;ball;88.0;inside;Mercado de Legumes
236;889;2020-04-14;4794;Butler, Williams and Hoffman;2023-04-13;Executive;level;;;Mercado de Fruta
428;362;2021-09-17;1898;Baldwin-Chandler;2022-06-04;Arm;present;141.0;think;Mercado de Legumes
190;749;2021-12-16;544;Lyons-Cook;2023-06-02;Practice;worker;;;Mercado de Legumes
392;26;2020-10-20;1356;Nelson-Donaldson;2024-05-14;Available;yard;107.0;sense;Mercado de Legumes
316;112;2025-08-30;4404;Rodriguez, Huff and Holland;2024-08-16;Happen;human;;;Mercado de Fruta
378;137;2020-05-01;1419;Clark, Sloan and Maldonado;2024-06-22;Modern;people;;;Mercado de Legumes
420;461;2022-12-31;3228;Brooks Ltd;2021-05-23;Director;war;;;Mercado de Legumes
479;669;2025-01-11;326;Reynolds, Christian and Lopez;2021-07-19;Represent;election;;;Mercado de Flores
451;636;2022-11-04;1777;Clay, Rivera and Taylor;2025-12-13;Second;arrive;;;Mercado de Flores
281;648;2024-08-30;2994;Carlson-Landry;2025-12-17;Book;score;178.0;form;Mercado de Flores
272;746;2021-04-02;324;Barrett PLC;2022-06-07;Source;rather;;;Mercado de Legumes
257;104;2020-03-21;1676;Mclaughlin, Noble and Mccall;2023-07-02;Likely;teach;;;Mercado de Legumes
334;148;2024-01-17;1134;Hernandez-Mason;2024-04-05;Continue;by;140.0;ok;Mercado de Fruta
242;1000;2022-05-30;3606;Bishop, Acosta and Obrien;2022-08-25;Century;center;;;Mercado de Fruta
226;133;2025-06-30;3292;Diaz, Hunt and Jackson;2022-02-06;Ten;international;29.0;ever;Mercado de Fruta
226;133;2025-06-30;3292;Diaz, Hunt and Jackson;2022-02-06;Ten;international;78.0;sit;Mercado de Fruta
226;133;2025-06-30;3292;Diaz, Hunt and Jackson;2022-02-06;Ten;international;89.0;member;Mercado de Fruta
366;616;2022-10-08;4909;Martinez-West;2024-04-10;Side;drive;125.0;add;Mercado de Fruta
351;881;2024-08-01;387;Curtis Inc;2024-10-01;Wear;table;101.0;both;Mercado de Legumes
491;22;2022-02-15;2724;Smith LLC;2025-01-19;Stand;choice;156.0;hair;Mercado de Fruta
491;22;2022-02-15;2724;Smith LLC;2025-01-19;Stand;choice;172.0;moment;Mercado de Fruta
495;847;2025-07-26;458;Miller, Cherry and Torres;2025-12-22;Physical;else;;;Mercado de Fruta
302;682;2023-01-13;535;Howard-Palmer;2022-03-21;Wrong;organization;;;Mercado de Fruta
183;783;2023-04-02;1044;Velez, Price and Cortez;2022-02-23;Certain;office;;;Mercado de Flores
272;498;2020-08-01;1940;Barrett PLC;2022-06-07;Boy;though;;;Mercado de Flores
344;6;2020-05-20;2451;Smith-Cochran;2024-06-15;Response;shoulder;;;Mercado de Flores
471;962;2024-06-23;3556;Mason-Rogers;2025-10-13;Reflect;write;;;Mercado de Legumes
161;671;2025-12-23;3732;Mays-Harmon;2022-10-23;Miss;level;;;Mercado de Legumes
93;876;2023-05-05;556;Russell Ltd;2025-01-13;End;table;194.0;quickly;Mercado de Flores
500;19;2022-11-29;948;Johnson-Anderson;2024-01-02;Social;message;;;Mercado de Fruta
342;983;2023-10-12;1433;Hernandez-King;2022-04-10;Realize;doctor;;;Mercado de Legumes
485;86;2022-08-17;1480;Allen and Sons;2023-06-18;Most;dog;;;Mercado de Legumes
304;921;2020-03-22;686;Welch Ltd;2022-10-24;Life;image;190.0;give;Mercado de Flores
339;313;2023-01-12;4921;Hill, Dalton and Bolton;2021-10-09;Three;firm;77.0;property;Mercado de Fruta
14;140;2022-06-22;4901;Harrison-Moore;2024-09-28;Nothing;apply;;;Mercado de Legumes
446;910;2020-11-29;325;Duffy-Molina;2022-11-01;Theory;election;93.0;paper;Mercado de Fruta
226;480;2023-10-05;3875;Diaz, Hunt and Jackson;2022-02-06;Actually;various;29.0;ever;Mercado de Flores
226;480;2023-10-05;3875;Diaz, Hunt and Jackson;2022-02-06;Actually;various;78.0;sit;Mercado de Flores
226;480;2023-10-05;3875;Diaz, Hunt and Jackson;2022-02-06;Actually;various;89.0;member;Mercado de Flores
278;845;2021-05-13;4615;Morrow-Compton;2025-06-19;Challenge;performance;90.0;star;Mercado de Legumes
85;468;2024-03-07;1443;Keller, Dixon and Wilson;2025-04-06;Box;it;111.0;free;Mercado de Flores
7;750;2024-05-19;3489;Davis, Armstrong and Brown;2023-02-05;National;without;;;Mercado de Flores
7;969;2020-05-23;421;Davis, Armstrong and Brown;2023-02-05;Hundred;resource;;;Mercado de Flores
276;487;2024-06-06;1442;Spencer PLC;2025-06-17;Court;address;;;Mercado de Fruta
369;679;2022-02-19;4372;Frank-Glover;2023-12-24;Also;husband;;;Mercado de Fruta
185;503;2022-01-17;2386;Jennings PLC;2024-02-10;Product;society;;;Mercado de Legumes
88;665;2025-06-19;2740;Brewer Ltd;2023-01-19;Night;experience;;;Mercado de Legumes
390;459;2021-05-21;2694;Lawrence, Gardner and Harris;2023-03-17;Turn;bit;;;Mercado de Flores
69;613;2025-05-03;4205;Goodman-Kirby;2022-12-31;Base;often;67.0;hair;Mercado de Fruta
275;967;2023-11-05;2818;Cox, Wright and Price;2023-10-30;Center;score;;;Mercado de Fruta
316;899;2025-12-24;3869;Rodriguez, Huff and Holland;2024-08-16;Water;weight;;;Mercado de Legumes
23;655;2024-05-02;2176;Price-Scott;2023-05-17;Water;truth;;;Mercado de Fruta
397;408;2026-02-10;963;Choi Ltd;2023-02-14;Agree;represent;;;Mercado de Flores
123;424;2024-01-30;1605;Rivas LLC;2024-11-01;Brother;interesting;54.0;million;Mercado de Fruta
123;424;2024-01-30;1605;Rivas LLC;2024-11-01;Brother;interesting;108.0;office;Mercado de Fruta
264;488;2023-01-16;2499;Hopkins, Jackson and Ortiz;2025-01-24;Despite;exactly;;;Mercado de Legumes
491;463;2022-01-27;2498;Smith LLC;2025-01-19;Class;face;156.0;hair;Mercado de Fruta
491;463;2022-01-27;2498;Smith LLC;2025-01-19;Class;face;172.0;moment;Mercado de Fruta
474;518;2024-08-21;2264;Alvarez, Lee and Lopez;2021-04-28;True;effort;127.0;through;Mercado de Legumes
474;518;2024-08-21;2264;Alvarez, Lee and Lopez;2021-04-28;True;effort;163.0;party;Mercado de Legumes
49;270;2020-04-20;924;Black and Sons;2021-10-18;Article;political;;;Mercado de Flores
203;91;2021-07-31;3303;Roberts LLC;2024-09-29;South;system;;;Mercado de Fruta
137;235;2022-07-31;1645;Gray, Kim and Doyle;2023-09-10;Deal;go;;;Mercado de Fruta
181;814;2022-08-25;653;Jackson, Munoz and Guzman;2025-04-01;Natural;foot;;;Mercado de Fruta
174;454;2022-10-27;1688;Pope, Perez and Mcdonald;2024-06-19;To;around;;;Mercado de Fruta
146;652;2023-05-30;1175;Christian, Lee and Stewart;2024-07-08;Thought;provide;126.0;enter;Mercado de Fruta
14;934;2023-01-10;4911;Harrison-Moore;2024-09-28;Toward;act;;;Mercado de Fruta
47;761;2021-07-29;1128;Benjamin-Reed;2024-09-25;Government;system;;;Mercado de Legumes
337;444;2020-04-12;3246;Jackson Ltd;2022-01-03;Really;specific;14.0;fight;Mercado de Flores
199;962;2021-01-13;4165;Hanson-Fleming;2025-09-15;Reflect;write;;;Mercado de Legumes
142;315;2022-05-15;2583;Guzman Inc;2024-04-08;Attorney;financial;2.0;beyond;Mercado de Flores
229;768;2021-12-07;2166;Johnson, Sanders and Lam;2021-09-13;Drive;audience;;;Mercado de Flores
408;152;2020-12-03;2584;Wright-Jones;2022-01-26;Behind;door;;;Mercado de Legumes
388;516;2023-06-02;1136;Gutierrez-Wright;2025-12-14;Majority;participant;;;Mercado de Flores
289;881;2024-10-09;2135;Spencer-Carter;2026-01-20;Wear;table;;;Mercado de Legumes
365;467;2022-07-24;1956;Cantu, Palmer and Thomas;2025-01-03;Focus;democratic;;;Mercado de Legumes
465;342;2022-08-15;1821;Smith-King;2025-09-06;May;good;;;Mercado de Flores
443;109;2020-04-25;1024;Avila Group;2026-01-21;Degree;one;7.0;might;Mercado de Fruta
443;109;2020-04-25;1024;Avila Group;2026-01-21;Degree;one;75.0;grow;Mercado de Fruta
489;673;2023-10-03;1424;Lee, Guerrero and Alexander;2026-01-14;Night;continue;;;Mercado de Fruta
234;142;2025-11-05;4914;Yates LLC;2025-03-18;Different;position;87.0;audience;Mercado de Fruta
234;142;2025-11-05;4914;Yates LLC;2025-03-18;Different;position;164.0;where;Mercado de Fruta
212;634;2020-08-15;3778;Mckenzie Ltd;2023-12-02;Feeling;near;;;Mercado de Fruta
375;421;2024-03-14;2501;Dixon-Williams;2021-07-20;Director;fine;;;Mercado de Fruta
283;74;2022-08-25;2798;Nguyen-Patterson;2023-01-09;Then;no;;;Mercado de Legumes
200;220;2022-12-13;839;Hernandez, Rojas and Rodriguez;2024-02-06;Plan;case;;;Mercado de Fruta
224;976;2024-06-02;3419;Coleman-Green;2021-04-06;Network;almost;137.0;mission;Mercado de Fruta
223;311;2022-03-30;1522;Wilcox, Johnson and Dunlap;2025-04-12;Today;organization;17.0;character;Mercado de Legumes
182;807;2025-03-05;3496;Moore, Rivera and Nguyen;2024-06-18;To;nice;;;Mercado de Flores
431;136;2021-05-01;506;Taylor Inc;2024-08-22;Turn;example;104.0;account;Mercado de Fruta
362;736;2022-12-16;164;Mccullough-Mckinney;2024-11-08;Design;author;94.0;all;Mercado de Fruta
362;736;2022-12-16;164;Mccullough-Mckinney;2024-11-08;Design;author;157.0;environment;Mercado de Fruta
273;781;2024-06-27;3609;Deleon, Conway and Sanchez;2024-12-11;Job;green;134.0;leg;Mercado de Fruta
347;269;2021-01-18;3683;Becker, Flynn and Silva;2023-12-04;Rock;figure;;;Mercado de Legumes
286;146;2025-05-10;2863;James PLC;2024-11-09;Direction;skin;;;Mercado de Legumes
399;896;2026-01-30;2218;Scott Group;2021-11-11;Sister;economic;84.0;page;Mercado de Legumes
409;57;2023-07-27;1491;Long Ltd;2024-03-21;Step;decide;;;Mercado de Flores
210;832;2021-05-17;2634;Clark Ltd;2024-07-20;Memory;low;19.0;perhaps;Mercado de Fruta
412;545;2020-12-13;3427;Young Ltd;2021-10-29;Provide;tree;;;Mercado de Legumes
306;194;2023-12-09;1663;Jenkins LLC;2022-02-24;Student;each;;;Mercado de Legumes
62;215;2023-05-10;3823;Dean Group;2023-04-26;Whom;wear;;;Mercado de Legumes
379;469;2023-12-29;3229;Ross, Ray and Bean;2023-09-04;Throughout;north;22.0;join;Mercado de Fruta
103;261;2022-03-10;2284;Miller, Rojas and Hall;2024-12-07;Report;matter;;;Mercado de Flores
152;608;2023-12-24;4630;Schultz-Glass;2023-06-16;Answer;size;118.0;western;Mercado de Legumes
421;977;2025-09-22;1121;Martin LLC;2023-10-20;Decision;off;;;Mercado de Legumes
152;159;2026-02-08;4926;Schultz-Glass;2023-06-16;Newspaper;herself;118.0;western;Mercado de Flores
268;513;2023-08-07;3990;Taylor Inc;2022-03-26;Determine;ready;;;Mercado de Flores
131;697;2023-12-08;359;Schroeder, Moss and Rivas;2021-05-15;Actually;still;;;Mercado de Fruta
87;933;2020-05-20;4485;Mason Inc;2025-07-04;Two;miss;;;Mercado de Flores
22;57;2024-01-05;3343;Hernandez, Cain and Dalton;2021-04-23;Step;decide;158.0;outside;Mercado de Flores
482;833;2022-06-22;424;Stout Inc;2023-05-30;Each;even;;;Mercado de Legumes
47;829;2024-07-08;2345;Benjamin-Reed;2024-09-25;Fall;outside;;;Mercado de Fruta
366;825;2020-01-30;4424;Martinez-West;2024-04-10;Central;magazine;125.0;add;Mercado de Flores
280;715;2021-07-08;2971;Fitzgerald, Good and Curtis;2021-09-14;Dog;wish;68.0;glass;Mercado de Fruta
280;715;2021-07-08;2971;Fitzgerald, Good and Curtis;2021-09-14;Dog;wish;186.0;ball;Mercado de Fruta
431;228;2021-01-14;773;Taylor Inc;2024-08-22;Still;degree;104.0;account;Mercado de Flores
391;791;2022-08-24;4460;Travis PLC;2023-06-04;Project;become;;;Mercado de Legumes
328;786;2023-02-21;4859;Lee, Figueroa and Silva;2023-01-06;Season;base;;;Mercado de Flores
179;300;2020-01-30;3537;Bowman, Boyer and Smith;2025-03-16;Follow;not;;;Mercado de Flores
196;799;2023-09-12;4028;Robinson-Cowan;2025-03-23;List;perform;;;Mercado de Fruta
168;549;2020-06-18;2447;Martinez and Sons;2023-10-25;Know;Republican;4.0;along;Mercado de Flores
198;855;2026-01-19;3417;Bradley PLC;2021-04-20;Matter;marriage;;;Mercado de Flores
398;4;2020-11-07;500;Williams-Reynolds;2021-07-19;Sound;myself;38.0;ten;Mercado de Fruta
398;4;2020-11-07;500;Williams-Reynolds;2021-07-19;Sound;myself;200.0;professional;Mercado de Fruta
454;330;2020-07-02;1665;Gonzales-Gonzales;2022-11-22;Because;now;;;Mercado de Flores
104;403;2020-11-24;1960;Mosley, Petty and Davis;2026-01-02;Choose;beat;;;Mercado de Fruta
257;973;2022-02-12;4622;Mclaughlin, Noble and Mccall;2023-07-02;Loss;term;;;Mercado de Fruta
235;97;2026-01-20;4528;Walker-Garcia;2025-06-30;Dog;all;166.0;suffer;Mercado de Fruta
135;239;2021-06-09;537;Williams-Smith;2021-11-26;Difference;stand;;;Mercado de Legumes
252;446;2023-09-08;3862;Mitchell, Phillips and Marshall;2024-10-27;Painting;take;105.0;partner;Mercado de Legumes
235;217;2022-07-25;1851;Walker-Garcia;2025-06-30;Do;every;166.0;suffer;Mercado de Fruta
494;659;2022-04-07;3297;Rasmussen Group;2023-04-05;Natural;friend;;;Mercado de Legumes
348;616;2021-02-14;2215;Lyons-Mccoy;2021-09-26;Side;drive;76.0;involve;Mercado de Fruta
413;528;2022-03-16;3131;Shelton Inc;2024-03-19;Some;must;;;Mercado de Flores
448;269;2020-04-10;1541;Jacobs Ltd;2024-09-13;Rock;figure;;;Mercado de Legumes
456;910;2024-01-04;3701;Price, Franklin and Duarte;2025-01-08;Theory;election;;;Mercado de Fruta
8;801;2025-04-11;3945;Garcia-Lawson;2024-11-18;Special;the;;;Mercado de Flores
492;64;2025-01-27;2581;Lyons, Gomez and Oconnor;2021-04-27;Sell;care;;;Mercado de Fruta
21;942;2025-11-07;2770;Williams, Martinez and Gentry;2021-03-07;Bill;reason;;;Mercado de Flores
406;499;2022-04-05;367;Rodriguez-Spencer;2022-05-20;Leader;spend;;;Mercado de Fruta
362;541;2025-07-22;3236;Mccullough-Mckinney;2024-11-08;Group;rather;94.0;all;Mercado de Fruta
362;541;2025-07-22;3236;Mccullough-Mckinney;2024-11-08;Group;rather;157.0;environment;Mercado de Fruta
348;864;2024-11-13;3877;Lyons-Mccoy;2021-09-26;Region;personal;76.0;involve;Mercado de Flores
328;89;2022-10-14;3165;Lee, Figueroa and Silva;2023-01-06;A;continue;;;Mercado de Legumes
459;741;2025-03-03;4532;Holland, Evans and Myers;2023-04-18;Member;other;25.0;large;Mercado de Flores
98;111;2020-01-10;2431;Riley, Dunn and Mccarty;2024-07-30;Season;behind;;;Mercado de Flores
103;222;2025-06-20;2239;Miller, Rojas and Hall;2024-12-07;Evening;happen;;;Mercado de Flores
340;878;2025-10-12;3618;James Inc;2024-10-08;Personal;could;165.0;full;Mercado de Legumes
166;666;2021-12-22;469;Savage-Martin;2025-07-07;Measure;focus;;;Mercado de Flores
83;117;2022-06-13;2011;Graham LLC;2022-11-25;It;senior;154.0;tree;Mercado de Flores
479;103;2026-02-09;3698;Reynolds, Christian and Lopez;2021-07-19;Sound;window;;;Mercado de Fruta
271;281;2024-03-16;3073;Lucero-Dawson;2021-03-15;Voice;democratic;;;Mercado de Legumes
155;492;2023-07-16;4175;Harris-Travis;2023-09-23;Against;hold;;;Mercado de Flores
82;967;2022-03-03;4741;Perez PLC;2022-08-24;Center;score;;;Mercado de Fruta
415;527;2020-05-04;4298;Anderson, Yoder and Taylor;2021-08-26;Money;experience;60.0;thing;Mercado de Legumes
340;915;2023-06-20;4778;James Inc;2024-10-08;Number;Congress;165.0;full;Mercado de Flores
327;520;2021-08-11;3384;Mills, Mclaughlin and Smith;2026-02-09;Science;poor;66.0;certainly;Mercado de Fruta
388;331;2022-05-20;2077;Gutierrez-Wright;2025-12-14;Any;respond;;;Mercado de Fruta
362;178;2023-02-24;1602;Mccullough-Mckinney;2024-11-08;Series;must;94.0;all;Mercado de Fruta
362;178;2023-02-24;1602;Mccullough-Mckinney;2024-11-08;Series;must;157.0;environment;Mercado de Fruta
204;682;2020-06-06;333;Flynn-Knight;2023-08-04;Wrong;organization;;;Mercado de Fruta
435;912;2025-10-14;4043;Thompson-Kramer;2024-03-05;Together;participant;;;Mercado de Flores
14;29;2022-04-24;527;Harrison-Moore;2024-09-28;Different;agency;;;Mercado de Legumes
385;335;2021-05-03;2605;Gonzalez Group;2024-02-14;Girl;serious;;;Mercado de Legumes
107;204;2020-03-22;1744;Jones, Keith and Wiggins;2021-05-06;Father;lawyer;;;Mercado de Flores
109;289;2020-08-12;996;Sanchez-Atkinson;2024-07-27;Get;six;;;Mercado de Fruta
464;353;2024-09-27;1758;Morris Ltd;2021-10-01;See;cover;;;Mercado de Legumes
168;139;2021-04-12;1032;Martinez and Sons;2023-10-25;Ok;finally;4.0;along;Mercado de Fruta
202;156;2025-03-26;1674;Thomas-Sanders;2025-02-12;Only;soon;;;Mercado de Flores
94;613;2023-11-15;1395;Boyd, Mcdaniel and Marsh;2022-05-03;Base;often;16.0;thing;Mercado de Fruta
286;597;2021-06-13;1106;James PLC;2024-11-09;Also;popular;;;Mercado de Flores
309;970;2023-11-19;4498;Maldonado-Macias;2021-03-27;Use;lawyer;;;Mercado de Fruta
335;352;2021-06-17;2840;Webb Inc;2023-03-12;Before;minute;;;Mercado de Fruta
86;851;2025-10-30;633;Frederick, Kelly and Willis;2023-11-24;Third;book;;;Mercado de Legumes
396;114;2025-08-02;4107;Mclaughlin Inc;2023-12-02;Plant;much;;;Mercado de Flores
386;87;2024-08-21;3044;Hayden-Ellis;2026-01-01;Early;my;;;Mercado de Flores
210;582;2024-07-05;1195;Clark Ltd;2024-07-20;Better;no;19.0;perhaps;Mercado de Flores
435;344;2023-01-16;4238;Thompson-Kramer;2024-03-05;Piece;million;;;Mercado de Legumes
491;451;2025-02-06;2081;Smith LLC;2025-01-19;Check;determine;156.0;hair;Mercado de Fruta
491;451;2025-02-06;2081;Smith LLC;2025-01-19;Check;determine;172.0;moment;Mercado de Fruta
149;192;2025-03-25;2556;Sawyer LLC;2026-01-27;Line;police;;;Mercado de Flores
359;401;2020-03-30;4341;Thompson-Miller;2025-10-31;Admit;politics;;;Mercado de Legumes
101;931;2023-01-26;3028;Dominguez, Fry and Hill;2021-08-11;Nearly;water;;;Mercado de Fruta
159;795;2020-09-29;3414;Johnson, Long and Benson;2022-06-05;Hotel;standard;;;Mercado de Flores
240;332;2023-12-26;4320;Cannon-Newman;2024-02-03;Show;wonder;31.0;coach;Mercado de Legumes
46;912;2022-09-29;663;Jones-Atkinson;2022-09-28;Together;participant;;;Mercado de Flores
218;589;2021-03-10;3255;Olson Inc;2026-01-06;Environmental;strategy;;;Mercado de Fruta
117;185;2020-07-21;2710;Avila, Duke and Medina;2024-04-05;Walk;western;184.0;specific;Mercado de Legumes
218;390;2021-12-28;3412;Olson Inc;2026-01-06;Meeting;language;;;Mercado de Flores
172;771;2020-01-14;3354;Grant-Jordan;2024-08-24;Stuff;mother;;;Mercado de Flores
55;167;2025-12-21;2196;Hill, Allen and Rodriguez;2022-07-31;Final;message;114.0;ability;Mercado de Legumes
107;21;2024-04-12;1671;Jones, Keith and Wiggins;2021-05-06;Cultural;threat;;;Mercado de Flores
219;815;2021-07-15;1526;Adams-Ferguson;2024-08-20;Same;cultural;151.0;event;Mercado de Legumes
78;152;2021-06-26;3070;Douglas and Sons;2025-06-07;Behind;door;;;Mercado de Legumes
74;129;2021-01-20;4628;Campbell Inc;2023-06-06;Way;but;;;Mercado de Flores
368;774;2025-01-16;4206;Martin and Sons;2024-01-11;Miss;chair;;;Mercado de Flores
176;940;2021-11-20;4682;Schaefer-Brooks;2021-04-09;Whether;benefit;;;Mercado de Fruta
147;25;2021-11-19;928;Hess-Dickson;2022-09-18;The;magazine;119.0;force;Mercado de Fruta
350;847;2020-05-25;4540;Medina-Johnson;2023-03-01;Physical;else;;;Mercado de Fruta
270;620;2023-08-01;953;Knight-Alexander;2023-05-25;Simply;without;175.0;practice;Mercado de Legumes
300;989;2022-10-09;1634;Saunders-Marshall;2022-10-25;Early;real;;;Mercado de Legumes
134;401;2022-04-11;1931;Riddle-Jones;2023-07-15;Admit;politics;;;Mercado de Legumes
255;660;2020-08-18;1589;Rodriguez Inc;2021-07-28;Senior;song;;;Mercado de Flores
443;718;2020-07-14;1324;Avila Group;2026-01-21;Eight;gun;7.0;might;Mercado de Fruta
443;718;2020-07-14;1324;Avila Group;2026-01-21;Eight;gun;75.0;grow;Mercado de Fruta
27;484;2021-11-25;635;Mosley-Kim;2023-04-06;Want;down;;;Mercado de Fruta
179;613;2022-12-23;2175;Bowman, Boyer and Smith;2025-03-16;Base;often;;;Mercado de Fruta
452;517;2025-07-12;726;Sims LLC;2025-12-16;Which;ago;;;Mercado de Fruta
301;924;2020-04-22;2682;York, Carter and Hernandez;2022-10-28;Know;something;52.0;institution;Mercado de Flores
383;83;2020-02-10;2456;Price-Pearson;2022-09-23;Husband;sit;;;Mercado de Legumes
475;814;2020-03-03;3892;Luna Ltd;2025-03-23;Natural;foot;;;Mercado de Fruta
150;683;2024-01-15;407;Zhang, Arnold and Richmond;2021-11-15;Set;half;;;Mercado de Legumes
20;754;2023-04-07;3371;Wilkerson PLC;2021-05-09;Professor;despite;116.0;explain;Mercado de Fruta
46;641;2023-08-04;3098;Jones-Atkinson;2022-09-28;Point;yourself;;;Mercado de Legumes
412;697;2026-02-15;2012;Young Ltd;2021-10-29;Actually;still;;;Mercado de Fruta
432;384;2022-08-21;2804;Wright Group;2021-03-18;Sort;physical;;;Mercado de Flores
54;483;2022-11-17;811;Schroeder, Hahn and Miller;2021-03-11;Lead;chair;;;Mercado de Flores
50;962;2025-12-05;943;Maldonado and Sons;2021-06-01;Reflect;write;;;Mercado de Legumes
405;949;2022-08-10;4559;Valenzuela-Meyer;2024-09-09;Watch;usually;;;Mercado de Fruta
31;269;2024-10-19;4671;Ball-Phillips;2025-10-21;Rock;figure;;;Mercado de Legumes
2;651;2020-08-20;4594;Rogers, Fernandez and Perez;2023-11-29;Street;recently;176.0;price;Mercado de Flores
2;651;2020-08-20;4594;Rogers, Fernandez and Perez;2023-11-29;Street;recently;199.0;lot;Mercado de Flores
279;158;2021-05-07;3135;Craig, Gordon and Chang;2021-06-08;Two;health;;;Mercado de Legumes
459;918;2020-05-25;4179;Holland, Evans and Myers;2023-04-18;Reason;man;25.0;large;Mercado de Flores
59;104;2024-06-09;4410;Sullivan, Johnston and Rosales;2024-12-03;Likely;teach;;;Mercado de Legumes
419;956;2022-06-03;2318;Johnson, Hamilton and Price;2023-10-29;Community;almost;;;Mercado de Legumes
16;440;2023-06-10;3081;Barber, Dominguez and Smith;2024-03-10;Each;later;122.0;any;Mercado de Legumes
16;440;2023-06-10;3081;Barber, Dominguez and Smith;2024-03-10;Each;later;160.0;meet;Mercado de Legumes
16;440;2023-06-10;3081;Barber, Dominguez and Smith;2024-03-10;Each;later;192.0;single;Mercado de Legumes
360;128;2024-06-07;4818;Harris-Stephens;2024-08-29;Employee;each;48.0;rate;Mercado de Legumes
497;248;2025-12-11;1524;Bowers-Townsend;2022-08-31;Report;many;;;Mercado de Legumes
47;250;2022-01-30;2702;Benjamin-Reed;2024-09-25;Memory;Democrat;;;Mercado de Fruta
444;795;2020-06-05;2339;Mack-Castillo;2024-04-27;Hotel;standard;;;Mercado de Flores
49;628;2020-06-16;3789;Black and Sons;2021-10-18;More;not;;;Mercado de Fruta
363;647;2024-04-28;2312;Adams Group;2023-01-02;Husband;with;27.0;college;Mercado de Legumes
363;647;2024-04-28;2312;Adams Group;2023-01-02;Husband;with;170.0;clearly;Mercado de Legumes
141;39;2022-04-02;2946;Gordon LLC;2022-04-11;Hand;financial;;;Mercado de Flores
226;491;2023-06-08;2050;Diaz, Hunt and Jackson;2022-02-06;Point;place;29.0;ever;Mercado de Legumes
226;491;2023-06-08;2050;Diaz, Hunt and Jackson;2022-02-06;Point;place;78.0;sit;Mercado de Legumes
226;491;2023-06-08;2050;Diaz, Hunt and Jackson;2022-02-06;Point;place;89.0;member;Mercado de Legumes
413;77;2024-04-07;505;Shelton Inc;2024-03-19;Class;city;;;Mercado de Legumes
467;158;2021-12-23;2093;Wilson PLC;2021-12-24;Two;health;;;Mercado de Legumes
226;562;2021-10-23;773;Diaz, Hunt and Jackson;2022-02-06;Laugh;impact;29.0;ever;Mercado de Fruta
226;562;2021-10-23;773;Diaz, Hunt and Jackson;2022-02-06;Laugh;impact;78.0;sit;Mercado de Fruta
226;562;2021-10-23;773;Diaz, Hunt and Jackson;2022-02-06;Laugh;impact;89.0;member;Mercado de Fruta
338;26;2023-02-14;1661;Brown Ltd;2025-02-19;Available;yard;;;Mercado de Legumes
54;212;2022-06-20;4560;Schroeder, Hahn and Miller;2021-03-11;Evidence;night;;;Mercado de Legumes
114;651;2024-04-22;2546;Powers, Friedman and Atkinson;2025-12-03;Street;recently;;;Mercado de Flores
286;936;2025-11-03;439;James PLC;2024-11-09;Dream;speak;;;Mercado de Flores
257;25;2025-07-16;2907;Mclaughlin, Noble and Mccall;2023-07-02;The;magazine;;;Mercado de Fruta
85;956;2023-04-04;731;Keller, Dixon and Wilson;2025-04-06;Community;almost;111.0;free;Mercado de Legumes
486;779;2020-05-15;1734;Stewart Inc;2024-10-25;Lawyer;explain;180.0;party;Mercado de Legumes
321;980;2024-04-17;1385;Frost-Wolfe;2023-12-28;If;meet;;;Mercado de Legumes
466;863;2021-04-19;4294;Hernandez-Lynch;2022-02-27;Any;bill;;;Mercado de Legumes
212;246;2023-07-15;2023;Mckenzie Ltd;2023-12-02;Somebody;thought;;;Mercado de Flores
163;921;2020-12-08;3959;Rogers and Sons;2024-04-13;Life;image;;;Mercado de Flores
410;531;2023-05-20;2726;Clark Ltd;2021-04-02;Clear;cost;;;Mercado de Flores
341;738;2025-12-20;1394;Alvarez, Dunn and Browning;2023-04-02;Method;away;;;Mercado de Flores
336;575;2021-08-07;1722;Michael and Sons;2022-10-12;Great;age;;;Mercado de Legumes
305;467;2022-03-25;2413;Johnson-Hunter;2023-04-03;Focus;democratic;;;Mercado de Legumes
210;547;2024-03-18;4832;Clark Ltd;2024-07-20;Whatever;reduce;19.0;perhaps;Mercado de Fruta
152;776;2021-12-28;1368;Schultz-Glass;2023-06-16;Long;yard;118.0;western;Mercado de Legumes
402;319;2020-04-15;672;Miller-Wagner;2023-04-08;Green;almost;;;Mercado de Fruta
201;536;2023-07-11;2635;Swanson Group;2022-06-11;Left;increase;195.0;state;Mercado de Legumes
440;659;2022-04-16;2052;Johnson, Smith and Reed;2024-11-14;Natural;friend;159.0;talk;Mercado de Legumes
296;309;2024-03-15;3530;Coleman-Reyes;2025-07-26;Social;shake;83.0;responsibility;Mercado de Flores
296;309;2024-03-15;3530;Coleman-Reyes;2025-07-26;Social;shake;145.0;somebody;Mercado de Flores
285;755;2021-07-22;3132;English-Williams;2023-09-29;World;whose;;;Mercado de Legumes
293;823;2022-07-29;829;Tyler LLC;2025-11-18;Music;certainly;;;Mercado de Fruta
176;973;2023-10-30;4771;Schaefer-Brooks;2021-04-09;Loss;term;;;Mercado de Fruta
51;145;2023-04-25;4164;Mueller-Herrera;2022-08-02;Deal;all;;;Mercado de Fruta
60;9;2021-09-14;215;Brown, Ortega and Moran;2023-07-07;Dinner;thing;;;Mercado de Flores
134;523;2025-04-03;4479;Riddle-Jones;2023-07-15;Industry;buy;;;Mercado de Fruta
344;493;2020-12-27;3500;Smith-Cochran;2024-06-15;On;possible;;;Mercado de Fruta
255;837;2020-03-10;3413;Rodriguez Inc;2021-07-28;Military;view;;;Mercado de Flores
338;176;2020-10-12;3644;Brown Ltd;2025-02-19;Believe;for;;;Mercado de Legumes
191;602;2024-08-18;3678;Cross, Skinner and Hart;2022-12-01;Machine;suffer;;;Mercado de Legumes
186;527;2020-11-04;816;Glass LLC;2021-02-27;Money;experience;;;Mercado de Legumes
335;71;2022-05-24;4136;Webb Inc;2023-03-12;Hundred;rather;;;Mercado de Legumes
42;870;2023-07-30;4417;Goodwin-Murphy;2023-05-27;Open;perhaps;;;Mercado de Flores
170;380;2024-06-23;4364;Collins-Campos;2025-06-15;Character;forward;;;Mercado de Legumes
131;21;2020-04-22;2400;Schroeder, Moss and Rivas;2021-05-15;Cultural;threat;;;Mercado de Flores
371;207;2024-08-05;556;Wells, Jenkins and Martin;2025-08-30;Pass;ask;;;Mercado de Flores
329;373;2021-04-19;1529;Miller LLC;2023-07-20;Trial;box;35.0;mean;Mercado de Fruta
224;139;2022-01-06;4245;Coleman-Green;2021-04-06;Ok;finally;137.0;mission;Mercado de Fruta
100;101;2024-01-14;4186;Brown PLC;2025-07-17;Include;happen;;;Mercado de Legumes
122;224;2021-09-23;4127;Scott-Bowers;2024-12-19;Rather;source;;;Mercado de Legumes
283;352;2024-06-27;1205;Nguyen-Patterson;2023-01-09;Before;minute;;;Mercado de Fruta
35;476;2020-05-25;1323;Nolan, Jones and Gordon;2021-04-03;Money;project;61.0;record;Mercado de Legumes
206;465;2025-01-01;2647;Glass, Berry and Williams;2024-08-17;Perform;gun;;;Mercado de Flores
467;139;2022-03-22;4209;Wilson PLC;2021-12-24;Ok;finally;;;Mercado de Fruta
398;718;2024-04-24;2894;Williams-Reynolds;2021-07-19;Eight;gun;38.0;ten;Mercado de Fruta
398;718;2024-04-24;2894;Williams-Reynolds;2021-07-19;Eight;gun;200.0;professional;Mercado de Fruta
38;500;2023-09-09;3133;Moore LLC;2022-08-15;Arrive;brother;;;Mercado de Legumes
456;701;2020-04-26;4786;Price, Franklin and Duarte;2025-01-08;Important;stock;;;Mercado de Legumes
172;731;2023-02-20;637;Grant-Jordan;2024-08-24;By;finally;;;Mercado de Legumes
307;316;2025-05-14;2722;Cooper-Gates;2022-08-19;Where;so;;;Mercado de Fruta
20;813;2022-08-19;4584;Wilkerson PLC;2021-05-09;Floor;national;116.0;explain;Mercado de Flores
421;499;2022-07-13;4596;Martin LLC;2023-10-20;Leader;spend;;;Mercado de Fruta
217;293;2022-12-30;2766;Moore, Guzman and Moore;2022-12-25;Seek;reach;;;Mercado de Legumes
213;656;2021-11-21;4130;Gonzalez-George;2021-03-23;Republican;off;11.0;off;Mercado de Legumes
268;743;2025-05-02;242;Taylor Inc;2022-03-26;Professor;well;;;Mercado de Legumes
143;439;2021-06-14;1213;Flores and Sons;2024-12-02;Weight;clear;;;Mercado de Fruta
236;458;2023-03-07;4265;Butler, Williams and Hoffman;2023-04-13;Eat;list;;;Mercado de Legumes
434;158;2020-09-28;190;Reyes LLC;2023-06-10;Two;health;;;Mercado de Legumes
105;864;2024-09-23;4458;Mccall and Sons;2022-01-20;Region;personal;5.0;meet;Mercado de Flores
105;864;2024-09-23;4458;Mccall and Sons;2022-01-20;Region;personal;187.0;coach;Mercado de Flores
132;453;2025-04-04;4072;Branch and Sons;2021-12-10;Require;situation;69.0;exist;Mercado de Flores
53;360;2024-10-03;1540;West-Brewer;2021-11-26;Television;base;188.0;both;Mercado de Flores
393;966;2021-08-11;2451;Carson and Sons;2021-11-06;Still;offer;;;Mercado de Flores
193;207;2025-11-03;1991;Cunningham, Mcpherson and Jones;2025-05-23;Pass;ask;;;Mercado de Flores
268;439;2024-12-14;2652;Taylor Inc;2022-03-26;Weight;clear;;;Mercado de Fruta
470;535;2023-03-17;4934;Ray, Hall and Graves;2024-05-10;Recognize;name;;;Mercado de Fruta
284;51;2024-01-07;3749;Wilson, Nixon and Sanchez;2022-10-14;Attack;already;;;Mercado de Flores
177;790;2021-05-19;439;Jenkins-Ramos;2023-10-01;Several;politics;;;Mercado de Fruta
267;900;2020-12-27;1328;Wagner Inc;2022-03-29;Something;message;;;Mercado de Flores
301;165;2023-06-29;1837;York, Carter and Hernandez;2022-10-28;Partner;leave;52.0;institution;Mercado de Flores
300;306;2021-06-24;1700;Saunders-Marshall;2022-10-25;Control;run;;;Mercado de Flores
91;423;2021-12-24;1917;Lee-Osborne;2023-03-17;Politics;teacher;;;Mercado de Flores
275;446;2023-09-24;2457;Cox, Wright and Price;2023-10-30;Painting;take;;;Mercado de Legumes
449;116;2024-02-16;3028;Price-Mckay;2023-01-29;Heart;whose;;;Mercado de Legumes
181;244;2023-06-25;1570;Jackson, Munoz and Guzman;2025-04-01;School;write;;;Mercado de Fruta
359;612;2025-11-17;395;Thompson-Miller;2025-10-31;Cut;meet;;;Mercado de Flores
6;85;2021-07-02;400;Parker, Kelly and Golden;2022-01-20;Through;south;12.0;sign;Mercado de Fruta
26;535;2025-07-12;1941;Barron, Dodson and Baker;2024-07-08;Recognize;name;;;Mercado de Fruta
243;14;2024-10-24;4778;Jensen, Flores and Barnes;2021-07-05;Image;leg;;;Mercado de Legumes
421;103;2025-03-13;3533;Martin LLC;2023-10-20;Sound;window;;;Mercado de Fruta
414;769;2024-12-14;4989;Nguyen-Becker;2023-04-12;Upon;describe;;;Mercado de Fruta
211;109;2021-08-03;3918;Robinson LLC;2022-02-07;Degree;one;153.0;thus;Mercado de Fruta
352;70;2024-07-10;1706;Brewer-Willis;2024-10-10;Official;almost;;;Mercado de Fruta
443;602;2022-04-20;4580;Avila Group;2026-01-21;Machine;suffer;7.0;might;Mercado de Legumes
443;602;2022-04-20;4580;Avila Group;2026-01-21;Machine;suffer;75.0;grow;Mercado de Legumes
61;583;2026-02-08;2154;Stewart, Hopkins and Williams;2021-12-31;Business;force;;;Mercado de Fruta
181;224;2026-02-08;767;Jackson, Munoz and Guzman;2025-04-01;Rather;source;;;Mercado de Legumes
408;855;2025-09-24;3489;Wright-Jones;2022-01-26;Matter;marriage;;;Mercado de Flores
27;825;2020-09-15;3961;Mosley-Kim;2023-04-06;Central;magazine;;;Mercado de Flores
398;604;2020-09-01;341;Williams-Reynolds;2021-07-19;Small;which;38.0;ten;Mercado de Fruta
398;604;2020-09-01;341;Williams-Reynolds;2021-07-19;Small;which;200.0;professional;Mercado de Fruta
496;965;2021-01-29;3912;Barrett, Patrick and Morton;2025-03-09;Crime;simple;129.0;nor;Mercado de Legumes
352;259;2020-09-06;368;Brewer-Willis;2024-10-10;Section;continue;;;Mercado de Fruta
263;128;2021-11-12;2094;Hicks, Peterson and Ayala;2022-05-20;Employee;each;45.0;total;Mercado de Legumes
263;128;2021-11-12;2094;Hicks, Peterson and Ayala;2022-05-20;Employee;each;53.0;ago;Mercado de Legumes
345;691;2024-05-06;257;Perez-Shannon;2023-09-04;Outside;card;;;Mercado de Fruta
213;476;2023-08-31;607;Gonzalez-George;2021-03-23;Money;project;11.0;off;Mercado de Legumes
352;717;2021-04-27;4281;Brewer-Willis;2024-10-10;Year;mention;;;Mercado de Flores
76;120;2025-02-17;2529;Sparks Ltd;2022-05-22;Several;blue;;;Mercado de Flores
31;635;2022-03-29;930;Ball-Phillips;2025-10-21;He;over;;;Mercado de Legumes
39;627;2022-11-22;3892;Yu-Ramirez;2025-09-02;Effort;effect;21.0;party;Mercado de Flores
394;120;2023-11-24;899;Mcgee-Ramirez;2024-11-29;Several;blue;;;Mercado de Flores
403;230;2025-04-23;2112;Reynolds PLC;2023-07-11;Theory;study;70.0;score;Mercado de Legumes
377;686;2021-08-21;342;Humphrey-Hancock;2023-12-16;Difference;black;;;Mercado de Legumes
445;320;2022-02-04;2655;Rodriguez LLC;2023-11-14;Common;grow;;;Mercado de Legumes
31;964;2025-12-19;3116;Ball-Phillips;2025-10-21;Building;summer;;;Mercado de Fruta
53;154;2025-04-24;1028;West-Brewer;2021-11-26;Data;marriage;188.0;both;Mercado de Fruta
173;56;2024-07-17;3009;Roberts, Nichols and Simon;2023-07-04;Forward;note;;;Mercado de Legumes
391;246;2022-05-21;2510;Travis PLC;2023-06-04;Somebody;thought;;;Mercado de Flores
232;477;2023-11-05;3592;Stephenson Group;2025-12-12;Pay;sport;;;Mercado de Flores
262;573;2024-08-27;2513;Williams and Sons;2023-12-20;Speech;whether;;;Mercado de Flores
468;88;2022-07-28;164;Crawford, Barnes and Aguilar;2021-04-19;Floor;reach;;;Mercado de Fruta
477;776;2023-07-30;1471;Jenkins-Butler;2023-02-09;Long;yard;;;Mercado de Legumes
238;594;2025-08-25;531;Whitney, Kim and Moore;2025-02-23;Sure;fight;;;Mercado de Flores
434;339;2024-12-07;4192;Reyes LLC;2023-06-10;Agreement;firm;;;Mercado de Flores
146;568;2025-03-04;4826;Christian, Lee and Stewart;2024-07-08;Wonder;bag;126.0;enter;Mercado de Fruta
408;236;2024-04-28;2039;Wright-Jones;2022-01-26;Cultural;control;;;Mercado de Legumes
131;491;2022-03-09;2575;Schroeder, Moss and Rivas;2021-05-15;Point;place;;;Mercado de Legumes
364;895;2025-05-01;3380;Boyd-Sexton;2024-06-11;North;discussion;;;Mercado de Fruta
396;162;2020-05-03;2065;Mclaughlin Inc;2023-12-02;Enjoy;per;;;Mercado de Flores
280;395;2024-12-19;4730;Fitzgerald, Good and Curtis;2021-09-14;Course;remain;68.0;glass;Mercado de Legumes
280;395;2024-12-19;4730;Fitzgerald, Good and Curtis;2021-09-14;Course;remain;186.0;ball;Mercado de Legumes
296;306;2025-11-18;3939;Coleman-Reyes;2025-07-26;Control;run;83.0;responsibility;Mercado de Flores
296;306;2025-11-18;3939;Coleman-Reyes;2025-07-26;Control;run;145.0;somebody;Mercado de Flores
67;819;2023-11-11;2166;Jones, Wolf and Smith;2022-08-07;Kid;stand;;;Mercado de Flores
4;77;2023-05-08;343;Compton, Gonzalez and Banks;2021-03-20;Class;city;49.0;next;Mercado de Legumes
465;696;2022-04-07;4358;Smith-King;2025-09-06;Enough;light;;;Mercado de Flores
18;411;2025-04-08;1511;Ford-Garrett;2025-06-05;Establish;author;;;Mercado de Flores
434;705;2025-10-19;4021;Reyes LLC;2023-06-10;Size;whole;;;Mercado de Flores
233;676;2020-01-16;1671;Hernandez-Hart;2021-08-13;Red;dog;177.0;media;Mercado de Fruta
62;867;2021-04-30;1447;Dean Group;2023-04-26;Culture;turn;;;Mercado de Flores
139;264;2024-04-15;1142;Ramirez, Powell and Chen;2025-10-04;Blood;foot;81.0;majority;Mercado de Flores
74;310;2021-08-27;2562;Campbell Inc;2023-06-06;Wind;situation;;;Mercado de Fruta
26;426;2024-10-06;4971;Barron, Dodson and Baker;2024-07-08;Fly;commercial;;;Mercado de Flores
373;505;2020-06-24;4210;Martinez, Taylor and Howard;2025-04-04;Become;imagine;;;Mercado de Fruta
17;475;2024-02-15;2869;Roberts LLC;2023-12-21;Reality;else;185.0;truth;Mercado de Fruta
134;545;2025-10-06;3623;Riddle-Jones;2023-07-15;Provide;tree;;;Mercado de Legumes
179;36;2022-02-01;283;Bowman, Boyer and Smith;2025-03-16;Identify;movie;;;Mercado de Flores
123;432;2025-08-18;4505;Rivas LLC;2024-11-01;Soldier;decade;54.0;million;Mercado de Flores
123;432;2025-08-18;4505;Rivas LLC;2024-11-01;Soldier;decade;108.0;office;Mercado de Flores
365;447;2025-12-25;3129;Cantu, Palmer and Thomas;2025-01-03;Front;population;;;Mercado de Flores
345;741;2022-04-19;1800;Perez-Shannon;2023-09-04;Member;other;;;Mercado de Flores
25;625;2020-06-13;1372;Scott, Daugherty and Grant;2021-05-04;Adult;special;155.0;generation;Mercado de Fruta
46;323;2021-08-29;4806;Jones-Atkinson;2022-09-28;Area;record;;;Mercado de Legumes
273;939;2022-10-12;2912;Deleon, Conway and Sanchez;2024-12-11;Herself;win;134.0;leg;Mercado de Flores
232;784;2023-07-08;3491;Stephenson Group;2025-12-12;Score;poor;;;Mercado de Fruta
145;783;2024-08-04;1697;Weaver Ltd;2021-10-16;Certain;office;;;Mercado de Flores
127;284;2023-12-02;4685;Hill PLC;2025-05-30;Box;level;73.0;Congress;Mercado de Legumes
20;825;2021-08-01;4474;Wilkerson PLC;2021-05-09;Central;magazine;116.0;explain;Mercado de Flores
387;690;2024-08-30;2672;Smith Group;2022-08-12;Modern;strategy;15.0;Mrs;Mercado de Flores
387;690;2024-08-30;2672;Smith Group;2022-08-12;Modern;strategy;65.0;window;Mercado de Flores
363;674;2023-12-23;2226;Adams Group;2023-01-02;Remain;voice;27.0;college;Mercado de Legumes
363;674;2023-12-23;2226;Adams Group;2023-01-02;Remain;voice;170.0;clearly;Mercado de Legumes
253;585;2021-03-20;270;Kelley Ltd;2023-12-20;Top;middle;;;Mercado de Flores
206;850;2024-08-03;2432;Glass, Berry and Williams;2024-08-17;Just;market;;;Mercado de Fruta
226;151;2024-02-10;1740;Diaz, Hunt and Jackson;2022-02-06;Learn;body;29.0;ever;Mercado de Fruta
226;151;2024-02-10;1740;Diaz, Hunt and Jackson;2022-02-06;Learn;body;78.0;sit;Mercado de Fruta
226;151;2024-02-10;1740;Diaz, Hunt and Jackson;2022-02-06;Learn;body;89.0;member;Mercado de Fruta
313;689;2025-04-07;3687;Stout-Rodgers;2022-09-19;Raise;clear;92.0;why;Mercado de Legumes
90;857;2021-08-03;4758;Mitchell-Fisher;2024-12-19;Painting;so;109.0;term;Mercado de Legumes
81;521;2024-10-09;807;Norton, Mccoy and Torres;2021-07-03;Carry;several;;;Mercado de Legumes
368;154;2020-02-29;1015;Martin and Sons;2024-01-11;Data;marriage;;;Mercado de Fruta
130;348;2020-02-03;1679;Chase PLC;2024-06-12;End;maintain;;;Mercado de Flores
146;393;2023-02-21;2051;Christian, Lee and Stewart;2024-07-08;Tell;eat;126.0;enter;Mercado de Flores
304;836;2020-02-25;1540;Welch Ltd;2022-10-24;Writer;tell;190.0;give;Mercado de Legumes
224;498;2022-05-19;2364;Coleman-Green;2021-04-06;Boy;though;137.0;mission;Mercado de Flores
275;160;2024-04-12;2847;Cox, Wright and Price;2023-10-30;Production;far;;;Mercado de Fruta
107;780;2022-03-15;960;Jones, Keith and Wiggins;2021-05-06;Charge;beyond;;;Mercado de Flores
379;46;2021-05-11;581;Ross, Ray and Bean;2023-09-04;Sport;identify;22.0;join;Mercado de Fruta
305;363;2022-10-17;170;Johnson-Hunter;2023-04-03;Again;large;;;Mercado de Flores
240;400;2021-01-31;1140;Cannon-Newman;2024-02-03;Season;whatever;31.0;coach;Mercado de Fruta
299;334;2020-07-11;1964;Booker PLC;2025-08-17;Tree;certain;;;Mercado de Fruta
320;349;2021-04-23;2580;Perez, Long and Spencer;2025-10-29;Hour;think;;;Mercado de Fruta
375;122;2022-10-29;2119;Dixon-Williams;2021-07-20;North;eight;;;Mercado de Legumes
14;530;2021-01-22;3023;Harrison-Moore;2024-09-28;Film;physical;;;Mercado de Legumes
360;740;2022-03-01;3249;Harris-Stephens;2024-08-29;Field;computer;48.0;rate;Mercado de Legumes
338;775;2023-09-01;3262;Brown Ltd;2025-02-19;Same;coach;;;Mercado de Fruta
158;860;2025-05-02;3598;Moon Group;2024-08-28;Minute;police;;;Mercado de Legumes
491;432;2020-01-16;3888;Smith LLC;2025-01-19;Soldier;decade;156.0;hair;Mercado de Flores
491;432;2020-01-16;3888;Smith LLC;2025-01-19;Soldier;decade;172.0;moment;Mercado de Flores
37;957;2025-09-22;2705;Meyer-Kim;2022-04-17;Glass;especially;40.0;do;Mercado de Flores
347;135;2025-06-07;1273;Becker, Flynn and Silva;2023-12-04;Although;lead;;;Mercado de Flores
319;566;2024-09-13;1218;Lee-White;2022-01-14;Something;computer;;;Mercado de Legumes
472;806;2020-10-13;4325;Camacho Inc;2022-03-16;Care;cell;;;Mercado de Legumes
499;922;2021-08-05;3409;Jacobs, Johnson and Clark;2022-01-05;Daughter;remember;9.0;piece;Mercado de Fruta
499;922;2021-08-05;3409;Jacobs, Johnson and Clark;2022-01-05;Daughter;remember;43.0;here;Mercado de Fruta
21;498;2026-02-12;4736;Williams, Martinez and Gentry;2021-03-07;Boy;though;;;Mercado de Flores
435;616;2020-08-22;1391;Thompson-Kramer;2024-03-05;Side;drive;;;Mercado de Fruta
410;640;2024-05-20;4359;Clark Ltd;2021-04-02;Nature;send;;;Mercado de Fruta
71;547;2024-08-09;3760;Krueger, Trujillo and Gonzalez;2022-01-15;Whatever;reduce;;;Mercado de Fruta
134;21;2023-06-13;3602;Riddle-Jones;2023-07-15;Cultural;threat;;;Mercado de Flores
486;20;2025-06-08;253;Stewart Inc;2024-10-25;Increase;field;180.0;party;Mercado de Legumes
14;297;2023-12-31;2864;Harrison-Moore;2024-09-28;Ball;senior;;;Mercado de Flores
400;110;2025-07-29;3555;Davis Group;2024-10-27;Our;manage;13.0;coach;Mercado de Legumes
398;684;2022-11-15;4772;Williams-Reynolds;2021-07-19;Free;might;38.0;ten;Mercado de Flores
398;684;2022-11-15;4772;Williams-Reynolds;2021-07-19;Free;might;200.0;professional;Mercado de Flores
340;490;2021-02-12;825;James Inc;2024-10-08;Bar;former;165.0;full;Mercado de Fruta
496;741;2025-01-20;4841;Barrett, Patrick and Morton;2025-03-09;Member;other;129.0;nor;Mercado de Flores
319;53;2021-07-13;3112;Lee-White;2022-01-14;Special;be;;;Mercado de Legumes
90;251;2020-11-17;739;Mitchell-Fisher;2024-12-19;Create;media;109.0;term;Mercado de Legumes
116;227;2020-10-18;4998;Williams, Anderson and Lopez;2025-02-13;Still;religious;28.0;difference;Mercado de Legumes
59;75;2023-09-06;1691;Sullivan, Johnston and Rosales;2024-12-03;Relate;no;;;Mercado de Flores
80;52;2023-03-22;4865;Boyd, Johnson and Miller;2024-08-15;Ask;four;10.0;exactly;Mercado de Fruta
80;52;2023-03-22;4865;Boyd, Johnson and Miller;2024-08-15;Ask;four;96.0;parent;Mercado de Fruta
179;346;2020-12-22;1203;Bowman, Boyer and Smith;2025-03-16;Wrong;task;;;Mercado de Fruta
426;841;2023-08-11;4763;Johnson-Williams;2021-10-18;Relationship;site;82.0;marriage;Mercado de Fruta
184;459;2024-04-19;4925;Moore, Lopez and Santos;2021-12-10;Turn;bit;;;Mercado de Flores
396;293;2024-06-08;1868;Mclaughlin Inc;2023-12-02;Seek;reach;;;Mercado de Legumes
162;852;2020-12-26;4565;Jacobs-Watson;2025-05-15;Off;another;;;Mercado de Flores
112;775;2020-04-11;3703;Colon, King and Evans;2022-10-21;Same;coach;;;Mercado de Fruta
93;7;2021-08-23;2652;Russell Ltd;2025-01-13;Civil;career;194.0;quickly;Mercado de Fruta
299;298;2022-10-02;3316;Booker PLC;2025-08-17;Still;simple;;;Mercado de Fruta
328;532;2023-09-24;4691;Lee, Figueroa and Silva;2023-01-06;Million;fall;;;Mercado de Fruta
228;765;2022-04-23;1762;Butler PLC;2021-05-21;Nor;can;;;Mercado de Flores
229;649;2022-03-06;1213;Johnson, Sanders and Lam;2021-09-13;Arm;memory;;;Mercado de Fruta
289;966;2024-11-10;4071;Spencer-Carter;2026-01-20;Still;offer;;;Mercado de Flores
369;906;2023-11-22;4500;Frank-Glover;2023-12-24;Expect;else;;;Mercado de Flores
190;37;2025-05-13;148;Lyons-Cook;2023-06-02;My;various;;;Mercado de Fruta
467;307;2026-01-18;4205;Wilson PLC;2021-12-24;Traditional;appear;;;Mercado de Fruta
447;28;2023-04-05;1651;Palmer, Hall and Mcintosh;2023-12-21;Last;seek;;;Mercado de Fruta
307;654;2025-11-15;695;Cooper-Gates;2022-08-19;Everyone;sound;;;Mercado de Flores
496;524;2021-03-12;3810;Barrett, Patrick and Morton;2025-03-09;Black;very;129.0;nor;Mercado de Legumes
30;205;2024-01-20;2631;Vargas, Santiago and Mcdonald;2024-10-25;Need;from;;;Mercado de Fruta
358;212;2020-03-28;667;Mccormick and Sons;2023-11-06;Evidence;night;24.0;during;Mercado de Legumes
358;212;2020-03-28;667;Mccormick and Sons;2023-11-06;Evidence;night;138.0;democratic;Mercado de Legumes
162;73;2023-04-03;2788;Jacobs-Watson;2025-05-15;Organization;relationship;;;Mercado de Fruta
478;679;2023-07-23;3363;Vaughan, Tucker and Jackson;2023-05-14;Also;husband;;;Mercado de Fruta
215;321;2024-12-25;4423;Jimenez-Gates;2022-10-05;Financial;detail;;;Mercado de Flores
42;491;2023-08-02;1045;Goodwin-Murphy;2023-05-27;Point;place;;;Mercado de Legumes
204;688;2022-01-07;1674;Flynn-Knight;2023-08-04;Special;where;;;Mercado de Fruta
243;856;2023-06-28;4651;Jensen, Flores and Barnes;2021-07-05;Something;summer;;;Mercado de Fruta
385;613;2021-07-29;1112;Gonzalez Group;2024-02-14;Base;often;;;Mercado de Fruta
209;593;2020-07-21;4644;Savage, Tran and Atkins;2021-10-19;Throw;picture;;;Mercado de Legumes
23;913;2023-12-13;3304;Price-Scott;2023-05-17;Bed;remember;;;Mercado de Fruta
408;382;2021-12-25;1969;Wright-Jones;2022-01-26;Political;Democrat;;;Mercado de Fruta
402;11;2020-11-27;4995;Miller-Wagner;2023-04-08;Cover;real;;;Mercado de Legumes
137;203;2020-05-13;1595;Gray, Kim and Doyle;2023-09-10;Wind;stock;;;Mercado de Legumes
303;196;2024-04-06;915;Bishop, Evans and Thompson;2021-12-22;Soldier;whatever;;;Mercado de Fruta
474;950;2024-03-31;440;Alvarez, Lee and Lopez;2021-04-28;Entire;level;127.0;through;Mercado de Legumes
474;950;2024-03-31;440;Alvarez, Lee and Lopez;2021-04-28;Entire;level;163.0;party;Mercado de Legumes
339;943;2022-01-26;3626;Hill, Dalton and Bolton;2021-10-09;Set;physical;77.0;property;Mercado de Fruta
236;75;2023-03-03;4859;Butler, Williams and Hoffman;2023-04-13;Relate;no;;;Mercado de Flores
334;634;2020-09-07;2655;Hernandez-Mason;2024-04-05;Feeling;near;140.0;ok;Mercado de Fruta
89;415;2024-11-25;1280;Johns, Wolf and Osborne;2023-07-02;Recent;over;;;Mercado de Fruta
200;114;2020-04-20;437;Hernandez, Rojas and Rodriguez;2024-02-06;Plant;much;;;Mercado de Flores
40;663;2025-04-13;4820;Andrade, Mcclure and Alvarez;2025-08-03;Financial;charge;95.0;executive;Mercado de Flores
343;303;2020-08-08;2476;Stone, Romero and Walton;2022-02-19;Either;whom;;;Mercado de Flores
324;192;2022-11-20;2450;Pearson-Dean;2022-05-18;Line;police;;;Mercado de Flores
39;41;2024-05-06;3942;Yu-Ramirez;2025-09-02;Guy;require;21.0;party;Mercado de Legumes
204;776;2020-05-07;1320;Flynn-Knight;2023-08-04;Long;yard;;;Mercado de Legumes
36;881;2022-08-16;1963;Williams Inc;2025-02-07;Wear;table;152.0;increase;Mercado de Legumes
403;820;2026-01-20;4179;Reynolds PLC;2023-07-11;Buy;focus;70.0;score;Mercado de Fruta
208;150;2023-06-16;3004;Nunez-Lopez;2025-09-23;Director;myself;;;Mercado de Flores
49;440;2025-02-27;4659;Black and Sons;2021-10-18;Each;later;;;Mercado de Legumes
389;678;2022-05-28;4172;Snyder, Reese and Wagner;2021-07-04;To;contain;102.0;as;Mercado de Flores
212;870;2024-12-16;2396;Mckenzie Ltd;2023-12-02;Open;perhaps;;;Mercado de Flores
309;15;2022-10-14;392;Maldonado-Macias;2021-03-27;Fast;character;;;Mercado de Flores
98;869;2021-04-10;1546;Riley, Dunn and Mccarty;2024-07-30;Who;glass;;;Mercado de Legumes
52;620;2024-08-19;4266;Hess PLC;2022-07-05;Simply;without;112.0;that;Mercado de Legumes
69;264;2024-09-04;4957;Goodman-Kirby;2022-12-31;Blood;foot;67.0;hair;Mercado de Flores
248;6;2021-11-11;2264;Reese, Flores and Wright;2025-04-24;Response;shoulder;;;Mercado de Flores
196;95;2021-10-01;4284;Robinson-Cowan;2025-03-23;Sure;lose;;;Mercado de Legumes
427;364;2024-08-15;2333;Wright, Williams and Williams;2025-09-18;Find;learn;;;Mercado de Fruta
410;662;2022-02-14;1848;Clark Ltd;2021-04-02;Customer;current;;;Mercado de Legumes
303;524;2020-10-14;4185;Bishop, Evans and Thompson;2021-12-22;Black;very;;;Mercado de Legumes
184;298;2023-01-27;146;Moore, Lopez and Santos;2021-12-10;Still;simple;;;Mercado de Fruta
336;678;2020-05-14;4192;Michael and Sons;2022-10-12;To;contain;;;Mercado de Flores
374;521;2023-10-19;2242;Park-Curry;2021-09-16;Carry;several;;;Mercado de Legumes
11;117;2021-12-15;2035;Serrano, Young and Nichols;2024-10-20;It;senior;;;Mercado de Flores
498;186;2020-05-19;4727;Walker-Kirk;2024-03-19;Personal;within;;;Mercado de Flores
378;55;2024-08-27;246;Clark, Sloan and Maldonado;2024-06-22;Themselves;believe;;;Mercado de Fruta
208;205;2020-07-14;3890;Nunez-Lopez;2025-09-23;Need;from;;;Mercado de Fruta
77;593;2021-12-05;1533;Carter PLC;2024-11-13;Throw;picture;;;Mercado de Legumes
232;466;2025-03-10;163;Stephenson Group;2025-12-12;Government;exist;;;Mercado de Fruta
267;740;2023-10-20;2965;Wagner Inc;2022-03-29;Field;computer;;;Mercado de Legumes
173;128;2021-08-11;967;Roberts, Nichols and Simon;2023-07-04;Employee;each;;;Mercado de Legumes
69;400;2023-10-03;187;Goodman-Kirby;2022-12-31;Season;whatever;67.0;hair;Mercado de Fruta
285;29;2020-10-25;2414;English-Williams;2023-09-29;Different;agency;;;Mercado de Legumes
305;296;2024-10-28;2181;Johnson-Hunter;2023-04-03;Yet;serve;;;Mercado de Legumes
327;680;2020-12-04;384;Mills, Mclaughlin and Smith;2026-02-09;Score;tell;66.0;certainly;Mercado de Legumes
283;926;2025-06-05;1513;Nguyen-Patterson;2023-01-09;Enter;government;;;Mercado de Legumes
186;876;2025-09-01;2239;Glass LLC;2021-02-27;End;table;;;Mercado de Flores
231;793;2020-06-15;3267;Griffin PLC;2021-03-20;Party;situation;;;Mercado de Fruta
460;792;2024-04-05;2031;Davenport-Cook;2021-03-09;Eight;leg;;;Mercado de Flores
428;34;2023-05-24;3944;Baldwin-Chandler;2022-06-04;Party;speak;141.0;think;Mercado de Fruta
446;739;2020-01-20;3560;Duffy-Molina;2022-11-01;Somebody;Mrs;93.0;paper;Mercado de Fruta
8;584;2021-05-27;650;Garcia-Lawson;2024-11-18;Consumer;half;;;Mercado de Legumes
482;445;2020-07-27;4679;Stout Inc;2023-05-30;Like;parent;;;Mercado de Fruta
83;256;2022-09-21;2265;Graham LLC;2022-11-25;Food;notice;154.0;tree;Mercado de Fruta
226;15;2024-12-02;2294;Diaz, Hunt and Jackson;2022-02-06;Fast;character;29.0;ever;Mercado de Flores
226;15;2024-12-02;2294;Diaz, Hunt and Jackson;2022-02-06;Fast;character;78.0;sit;Mercado de Flores
226;15;2024-12-02;2294;Diaz, Hunt and Jackson;2022-02-06;Fast;character;89.0;member;Mercado de Flores
404;18;2023-10-04;4170;Jordan, Kim and Bowman;2024-02-28;Large;skill;;;Mercado de Flores
136;117;2025-03-04;3303;Knight Group;2025-03-11;It;senior;;;Mercado de Flores
97;995;2025-05-31;1324;Munoz-Lawson;2024-07-29;Skin;hundred;20.0;stay;Mercado de Legumes
97;995;2025-05-31;1324;Munoz-Lawson;2024-07-29;Skin;hundred;23.0;total;Mercado de Legumes
97;995;2025-05-31;1324;Munoz-Lawson;2024-07-29;Skin;hundred;26.0;identify;Mercado de Legumes
97;995;2025-05-31;1324;Munoz-Lawson;2024-07-29;Skin;hundred;150.0;join;Mercado de Legumes
97;995;2025-05-31;1324;Munoz-Lawson;2024-07-29;Skin;hundred;181.0;grow;Mercado de Legumes
215;65;2021-09-05;1392;Jimenez-Gates;2022-10-05;Unit;day;;;Mercado de Legumes
146;409;2023-10-02;3591;Christian, Lee and Stewart;2024-07-08;Baby;model;126.0;enter;Mercado de Fruta
126;302;2020-11-17;1572;Patterson-Oconnor;2023-06-03;Poor;responsibility;;;Mercado de Legumes
169;822;2025-07-24;3973;Hall Inc;2025-03-03;Medical;scene;;;Mercado de Flores
56;71;2020-04-11;4377;Wheeler-Blackburn;2025-06-13;Hundred;rather;1.0;move;Mercado de Legumes
56;71;2020-04-11;4377;Wheeler-Blackburn;2025-06-13;Hundred;rather;132.0;sort;Mercado de Legumes
295;367;2023-03-30;546;Sandoval, Castillo and Golden;2025-02-04;Street;outside;;;Mercado de Fruta
28;470;2025-08-02;3496;Hancock, Walker and Miller;2022-11-08;Into;his;;;Mercado de Legumes
292;352;2025-11-02;3852;Johnson-Garcia;2022-04-20;Before;minute;;;Mercado de Fruta
387;846;2025-11-21;185;Smith Group;2022-08-12;Wind;training;15.0;Mrs;Mercado de Flores
387;846;2025-11-21;185;Smith Group;2022-08-12;Wind;training;65.0;window;Mercado de Flores
293;939;2023-11-30;4732;Tyler LLC;2025-11-18;Herself;win;;;Mercado de Flores
142;399;2023-10-29;3534;Guzman Inc;2024-04-08;Professor;couple;2.0;beyond;Mercado de Flores
371;465;2020-03-16;325;Wells, Jenkins and Martin;2025-08-30;Perform;gun;;;Mercado de Flores
270;933;2024-07-15;2952;Knight-Alexander;2023-05-25;Two;miss;175.0;practice;Mercado de Flores
76;873;2020-02-27;3709;Sparks Ltd;2022-05-22;Strategy;success;;;Mercado de Flores
431;569;2022-07-14;787;Taylor Inc;2024-08-22;Process;body;104.0;account;Mercado de Legumes
269;631;2024-03-08;3335;Garcia, Velasquez and James;2024-10-15;Product;audience;;;Mercado de Fruta
493;300;2022-07-02;3704;Blake Group;2025-03-31;Follow;not;110.0;truth;Mercado de Flores
445;201;2024-04-30;281;Rodriguez LLC;2023-11-14;Senior;many;;;Mercado de Flores
432;425;2025-05-22;3106;Wright Group;2021-03-18;Party;yes;;;Mercado de Legumes
30;885;2022-01-10;136;Vargas, Santiago and Mcdonald;2024-10-25;Event;father;;;Mercado de Flores
378;979;2025-10-13;712;Clark, Sloan and Maldonado;2024-06-22;Any;system;;;Mercado de Fruta
464;720;2021-01-21;1954;Morris Ltd;2021-10-01;Actually;garden;;;Mercado de Flores
496;142;2020-02-24;2638;Barrett, Patrick and Morton;2025-03-09;Different;position;129.0;nor;Mercado de Fruta
413;118;2020-04-24;1809;Shelton Inc;2024-03-19;Determine;recognize;;;Mercado de Fruta
85;879;2023-04-05;1441;Keller, Dixon and Wilson;2025-04-06;Manager;ok;111.0;free;Mercado de Flores
390;771;2020-03-19;3611;Lawrence, Gardner and Harris;2023-03-17;Stuff;mother;;;Mercado de Flores
229;257;2022-02-22;3545;Johnson, Sanders and Lam;2021-09-13;If;participant;;;Mercado de Legumes
445;752;2020-02-18;2791;Rodriguez LLC;2023-11-14;Job;strong;;;Mercado de Legumes
385;162;2022-07-29;3121;Gonzalez Group;2024-02-14;Enjoy;per;;;Mercado de Flores
234;204;2025-10-08;4463;Yates LLC;2025-03-18;Father;lawyer;87.0;audience;Mercado de Flores
234;204;2025-10-08;4463;Yates LLC;2025-03-18;Father;lawyer;164.0;where;Mercado de Flores
117;797;2020-03-09;4595;Avila, Duke and Medina;2024-04-05;Another;live;184.0;specific;Mercado de Legumes
324;185;2023-03-28;3953;Pearson-Dean;2022-05-18;Walk;western;;;Mercado de Legumes
362;139;2022-03-26;2246;Mccullough-Mckinney;2024-11-08;Ok;finally;94.0;all;Mercado de Fruta
362;139;2022-03-26;2246;Mccullough-Mckinney;2024-11-08;Ok;finally;157.0;environment;Mercado de Fruta
11;812;2021-02-04;4292;Serrano, Young and Nichols;2024-10-20;Debate;let;;;Mercado de Legumes
257;85;2020-01-26;1167;Mclaughlin, Noble and Mccall;2023-07-02;Through;south;;;Mercado de Fruta
95;322;2021-06-16;1466;Woods and Sons;2022-04-09;Democrat;serve;32.0;follow;Mercado de Fruta
335;500;2022-01-03;3516;Webb Inc;2023-03-12;Arrive;brother;;;Mercado de Legumes
165;87;2025-12-20;3632;Williams, Griffith and Craig;2025-01-08;Early;my;39.0;away;Mercado de Flores
422;831;2020-08-07;4783;Wright, Dickerson and Mcdonald;2023-02-13;Yard;everyone;162.0;management;Mercado de Flores
28;496;2023-02-21;3344;Hancock, Walker and Miller;2022-11-08;Would;source;;;Mercado de Fruta
184;436;2026-02-16;2200;Moore, Lopez and Santos;2021-12-10;Today;impact;;;Mercado de Fruta
339;501;2022-10-29;711;Hill, Dalton and Bolton;2021-10-09;Offer;after;77.0;property;Mercado de Flores
390;204;2023-05-08;4488;Lawrence, Gardner and Harris;2023-03-17;Father;lawyer;;;Mercado de Flores
324;558;2023-10-26;1410;Pearson-Dean;2022-05-18;Suddenly;analysis;;;Mercado de Flores
333;431;2023-08-23;1921;Robinson, Riddle and Reese;2024-10-16;A;agent;;;Mercado de Legumes
65;243;2020-06-03;2599;Serrano-Hoover;2024-05-14;Pick;thing;144.0;total;Mercado de Flores
293;479;2021-08-12;4459;Tyler LLC;2025-11-18;Floor;organization;;;Mercado de Legumes
248;232;2023-08-05;950;Reese, Flores and Wright;2025-04-24;Parent;cut;;;Mercado de Fruta
314;287;2022-07-21;1109;Moody LLC;2024-10-26;Find;discussion;;;Mercado de Legumes
140;323;2024-11-01;1626;Woodard PLC;2021-04-23;Area;record;;;Mercado de Legumes
85;316;2024-05-03;1175;Keller, Dixon and Wilson;2025-04-06;Where;so;111.0;free;Mercado de Fruta
427;573;2022-01-11;4501;Wright, Williams and Williams;2025-09-18;Speech;whether;;;Mercado de Flores
291;821;2021-05-18;3813;Hernandez LLC;2025-09-01;Create;change;;;Mercado de Legumes
67;607;2022-05-20;1876;Jones, Wolf and Smith;2022-08-07;Make;meet;;;Mercado de Fruta
364;792;2020-07-13;4235;Boyd-Sexton;2024-06-11;Eight;leg;;;Mercado de Flores
264;647;2025-12-28;4617;Hopkins, Jackson and Ortiz;2025-01-24;Husband;with;;;Mercado de Legumes
191;510;2023-11-15;4962;Cross, Skinner and Hart;2022-12-01;Suffer;nature;;;Mercado de Flores
362;808;2022-08-04;4632;Mccullough-Mckinney;2024-11-08;Because;material;94.0;all;Mercado de Fruta
362;808;2022-08-04;4632;Mccullough-Mckinney;2024-11-08;Because;material;157.0;environment;Mercado de Fruta
332;304;2020-08-23;3979;Dixon and Sons;2022-12-29;Charge;this;;;Mercado de Fruta
455;607;2020-11-15;1828;Giles, Lewis and Sampson;2021-08-24;Make;meet;;;Mercado de Fruta
107;747;2025-03-19;1650;Jones, Keith and Wiggins;2021-05-06;Respond;night;;;Mercado de Flores
74;484;2024-04-24;1769;Campbell Inc;2023-06-06;Want;down;;;Mercado de Fruta
429;449;2024-02-22;133;Foster-Murphy;2023-08-16;Light;would;;;Mercado de Legumes
261;869;2020-06-30;2343;Long-Ellis;2022-07-28;Who;glass;55.0;between;Mercado de Legumes
483;255;2021-07-08;3773;Ramirez PLC;2025-10-14;Better;scientist;8.0;throughout;Mercado de Flores
79;852;2023-04-12;828;Lopez, Newton and Rivera;2021-03-22;Off;another;;;Mercado de Flores
44;230;2024-01-13;360;Johnson, Hooper and Norton;2022-03-04;Theory;study;;;Mercado de Legumes
159;810;2024-07-04;316;Johnson, Long and Benson;2022-06-05;Music;expect;;;Mercado de Flores
359;704;2020-01-08;4315;Thompson-Miller;2025-10-31;Defense;star;;;Mercado de Legumes
132;191;2022-03-25;4693;Branch and Sons;2021-12-10;Before;middle;69.0;exist;Mercado de Legumes
356;169;2025-11-11;2269;Cook, Boyer and Cox;2024-02-10;Light;scene;;;Mercado de Fruta
181;92;2020-10-20;3547;Jackson, Munoz and Guzman;2025-04-01;System;dark;;;Mercado de Legumes
382;584;2024-01-27;417;Buchanan-Marquez;2023-03-31;Consumer;half;;;Mercado de Legumes
442;245;2020-04-12;4600;Savage Ltd;2025-04-01;Contain;boy;;;Mercado de Legumes
57;661;2022-08-24;1932;Lee Inc;2025-11-23;Line;friend;;;Mercado de Fruta
23;961;2021-03-24;4390;Price-Scott;2023-05-17;Although;politics;;;Mercado de Fruta
58;568;2021-04-16;2547;Campos, Manning and Johnson;2021-09-03;Wonder;bag;;;Mercado de Fruta
157;208;2024-12-20;2073;West Group;2021-06-12;National;people;;;Mercado de Fruta
184;969;2024-08-25;4286;Moore, Lopez and Santos;2021-12-10;Hundred;resource;;;Mercado de Flores
145;546;2025-10-25;146;Weaver Ltd;2021-10-16;Cover;control;;;Mercado de Flores
133;396;2024-08-19;234;Bullock Ltd;2022-03-23;Drug;let;71.0;side;Mercado de Flores
78;588;2024-08-15;3584;Douglas and Sons;2025-06-07;Wear;region;;;Mercado de Flores
25;16;2021-06-24;1360;Scott, Daugherty and Grant;2021-05-04;Reduce;toward;155.0;generation;Mercado de Fruta
42;586;2022-04-07;3149;Goodwin-Murphy;2023-05-27;Fact;receive;;;Mercado de Fruta
398;766;2023-09-23;4078;Williams-Reynolds;2021-07-19;Him;baby;38.0;ten;Mercado de Fruta
398;766;2023-09-23;4078;Williams-Reynolds;2021-07-19;Him;baby;200.0;professional;Mercado de Fruta
424;450;2024-05-18;3961;Lopez-Palmer;2024-08-05;Study;personal;;;Mercado de Flores
407;888;2025-12-23;1508;Ford, Spencer and Copeland;2021-10-25;Notice;here;;;Mercado de Flores
439;781;2024-07-29;3590;Lopez, Jimenez and Miller;2024-03-06;Job;green;;;Mercado de Fruta
136;835;2023-12-21;378;Knight Group;2025-03-11;Worker;near;;;Mercado de Fruta
309;623;2024-12-28;354;Maldonado-Macias;2021-03-27;Art;from;;;Mercado de Legumes
321;303;2024-06-07;3159;Frost-Wolfe;2023-12-28;Either;whom;;;Mercado de Flores
211;632;2024-10-08;1485;Robinson LLC;2022-02-07;Ok;adult;153.0;thus;Mercado de Legumes
448;487;2022-08-08;4402;Jacobs Ltd;2024-09-13;Court;address;;;Mercado de Fruta
189;877;2020-04-02;1137;Clark LLC;2025-06-23;Quickly;late;;;Mercado de Fruta
444;83;2020-11-14;904;Mack-Castillo;2024-04-27;Husband;sit;;;Mercado de Legumes
303;587;2023-06-06;1588;Bishop, Evans and Thompson;2021-12-22;Purpose;player;;;Mercado de Legumes
168;963;2024-08-08;2851;Martinez and Sons;2023-10-25;End;order;4.0;along;Mercado de Flores
251;366;2021-05-29;3634;Fernandez Inc;2021-07-16;Above;manage;59.0;western;Mercado de Flores
361;492;2024-02-21;1465;Martinez Ltd;2023-11-22;Against;hold;80.0;by;Mercado de Flores
187;893;2024-01-27;2778;Hanson, White and Jackson;2024-06-25;Different;soon;;;Mercado de Legumes
68;860;2024-06-22;2700;Howard-Olson;2023-03-02;Minute;police;;;Mercado de Legumes
425;522;2021-09-19;298;Sims PLC;2023-09-28;Which;whatever;58.0;different;Mercado de Flores
425;522;2021-09-19;298;Sims PLC;2023-09-28;Which;whatever;193.0;exactly;Mercado de Flores
425;522;2021-09-19;298;Sims PLC;2023-09-28;Which;whatever;196.0;personal;Mercado de Flores
60;690;2023-08-06;2674;Brown, Ortega and Moran;2023-07-07;Modern;strategy;;;Mercado de Flores
351;93;2020-08-20;3033;Curtis Inc;2024-10-01;Nearly;whom;101.0;both;Mercado de Flores
481;139;2020-07-05;4629;Green, Price and Lucas;2024-01-29;Ok;finally;;;Mercado de Fruta
262;711;2022-07-22;2708;Williams and Sons;2023-12-20;Detail;magazine;;;Mercado de Flores
205;851;2024-08-05;4378;Turner-Cook;2023-12-03;Third;book;;;Mercado de Legumes
351;712;2023-01-25;1479;Curtis Inc;2024-10-01;Industry;purpose;101.0;both;Mercado de Fruta
242;363;2024-05-12;3658;Bishop, Acosta and Obrien;2022-08-25;Again;large;;;Mercado de Flores
68;992;2022-10-02;1439;Howard-Olson;2023-03-02;True;ten;;;Mercado de Legumes
201;271;2020-01-18;4112;Swanson Group;2022-06-11;Chair;near;195.0;state;Mercado de Fruta
473;368;2020-07-13;1952;Brock PLC;2024-01-10;Challenge;instead;;;Mercado de Legumes
55;464;2023-12-17;4072;Hill, Allen and Rodriguez;2022-07-31;Put;idea;114.0;ability;Mercado de Legumes
80;276;2020-05-10;2597;Boyd, Johnson and Miller;2024-08-15;Prevent;if;10.0;exactly;Mercado de Flores
80;276;2020-05-10;2597;Boyd, Johnson and Miller;2024-08-15;Prevent;if;96.0;parent;Mercado de Flores
380;494;2025-08-28;2988;Hill, Brown and Clark;2023-05-13;And;suffer;;;Mercado de Legumes
358;481;2020-01-04;3314;Mccormick and Sons;2023-11-06;Wish;writer;24.0;during;Mercado de Fruta
358;481;2020-01-04;3314;Mccormick and Sons;2023-11-06;Wish;writer;138.0;democratic;Mercado de Fruta
371;969;2024-03-28;3600;Wells, Jenkins and Martin;2025-08-30;Hundred;resource;;;Mercado de Flores
188;190;2022-01-24;4532;Davis, Cortez and Young;2022-03-06;Ago;pass;133.0;assume;Mercado de Fruta
188;190;2022-01-24;4532;Davis, Cortez and Young;2022-03-06;Ago;pass;135.0;support;Mercado de Fruta
62;897;2024-01-11;4656;Dean Group;2023-04-26;Eat;growth;;;Mercado de Flores
430;430;2022-08-03;4109;Guerrero-Hernandez;2024-02-11;Piece;our;146.0;amount;Mercado de Fruta
492;263;2020-11-01;1618;Lyons, Gomez and Oconnor;2021-04-27;Wrong;image;;;Mercado de Legumes
199;587;2020-02-02;960;Hanson-Fleming;2025-09-15;Purpose;player;;;Mercado de Legumes
28;622;2020-04-10;1405;Hancock, Walker and Miller;2022-11-08;Reflect;position;;;Mercado de Fruta
149;66;2022-11-05;364;Sawyer LLC;2026-01-27;Community;majority;;;Mercado de Flores
475;840;2025-11-07;1830;Luna Ltd;2025-03-23;Population;bill;;;Mercado de Flores
495;785;2020-08-29;202;Miller, Cherry and Torres;2025-12-22;Four;his;;;Mercado de Legumes
182;950;2022-07-28;1146;Moore, Rivera and Nguyen;2024-06-18;Entire;level;;;Mercado de Legumes
238;725;2021-09-30;4773;Whitney, Kim and Moore;2025-02-23;Since;reduce;;;Mercado de Legumes
150;177;2025-04-19;3821;Zhang, Arnold and Richmond;2021-11-15;Sister;able;;;Mercado de Flores
42;679;2021-05-20;4472;Goodwin-Murphy;2023-05-27;Also;husband;;;Mercado de Fruta
326;828;2020-06-19;2068;Jackson Group;2024-02-03;Training;finish;;;Mercado de Flores
415;953;2021-12-08;832;Anderson, Yoder and Taylor;2021-08-26;Staff;time;60.0;thing;Mercado de Legumes
425;858;2022-04-12;3332;Sims PLC;2023-09-28;Coach;concern;58.0;different;Mercado de Flores
425;858;2022-04-12;3332;Sims PLC;2023-09-28;Coach;concern;193.0;exactly;Mercado de Flores
425;858;2022-04-12;3332;Sims PLC;2023-09-28;Coach;concern;196.0;personal;Mercado de Flores
276;394;2022-09-12;3953;Spencer PLC;2025-06-17;Information;analysis;;;Mercado de Fruta
125;691;2022-06-13;727;Rice, Freeman and Brown;2024-12-11;Outside;card;115.0;reality;Mercado de Fruta
132;924;2023-05-14;3790;Branch and Sons;2021-12-10;Know;something;69.0;exist;Mercado de Flores
236;922;2021-05-23;4004;Butler, Williams and Hoffman;2023-04-13;Daughter;remember;;;Mercado de Fruta
491;546;2021-05-08;3094;Smith LLC;2025-01-19;Cover;control;156.0;hair;Mercado de Flores
491;546;2021-05-08;3094;Smith LLC;2025-01-19;Cover;control;172.0;moment;Mercado de Flores
200;40;2023-02-12;2228;Hernandez, Rojas and Rodriguez;2024-02-06;Realize;table;;;Mercado de Fruta
159;584;2020-10-09;546;Johnson, Long and Benson;2022-06-05;Consumer;half;;;Mercado de Legumes
11;935;2021-03-31;3348;Serrano, Young and Nichols;2024-10-20;Alone;science;;;Mercado de Legumes
485;804;2020-04-16;2241;Allen and Sons;2023-06-18;Include;interview;;;Mercado de Flores
57;481;2022-02-13;4161;Lee Inc;2025-11-23;Wish;writer;;;Mercado de Fruta
340;59;2020-10-21;518;James Inc;2024-10-08;Himself;move;165.0;full;Mercado de Legumes
469;855;2020-11-09;1519;Hall Ltd;2024-01-09;Matter;marriage;173.0;seem;Mercado de Flores
432;934;2024-09-18;1539;Wright Group;2021-03-18;Toward;act;;;Mercado de Fruta
79;251;2025-07-15;1145;Lopez, Newton and Rivera;2021-03-22;Create;media;;;Mercado de Legumes
209;54;2020-03-22;658;Savage, Tran and Atkins;2021-10-19;View;eat;;;Mercado de Flores
396;836;2022-11-09;530;Mclaughlin Inc;2023-12-02;Writer;tell;;;Mercado de Legumes
352;509;2023-11-05;1551;Brewer-Willis;2024-10-10;Picture;finish;;;Mercado de Legumes
104;457;2022-05-05;3164;Mosley, Petty and Davis;2026-01-02;Either;late;;;Mercado de Fruta
102;884;2023-08-13;813;Hood-Potter;2024-06-23;Describe;model;;;Mercado de Legumes
244;239;2025-12-09;2213;Perez Ltd;2024-11-05;Difference;stand;;;Mercado de Legumes
279;41;2024-03-04;2298;Craig, Gordon and Chang;2021-06-08;Guy;require;;;Mercado de Legumes
122;287;2024-05-27;2578;Scott-Bowers;2024-12-19;Find;discussion;;;Mercado de Legumes
196;165;2020-06-15;100;Robinson-Cowan;2025-03-23;Partner;leave;;;Mercado de Flores
368;857;2022-04-10;3549;Martin and Sons;2024-01-11;Painting;so;;;Mercado de Legumes
268;545;2020-02-17;4245;Taylor Inc;2022-03-26;Provide;tree;;;Mercado de Legumes
340;648;2022-11-22;470;James Inc;2024-10-08;Book;score;165.0;full;Mercado de Flores
197;26;2025-08-28;1519;Tate, Wilson and Wilson;2026-02-16;Available;yard;142.0;pattern;Mercado de Legumes
414;217;2020-08-31;1690;Nguyen-Becker;2023-04-12;Do;every;;;Mercado de Fruta
243;445;2021-05-19;2752;Jensen, Flores and Barnes;2021-07-05;Like;parent;;;Mercado de Fruta
152;190;2021-10-31;1216;Schultz-Glass;2023-06-16;Ago;pass;118.0;western;Mercado de Fruta
56;261;2023-09-27;1861;Wheeler-Blackburn;2025-06-13;Report;matter;1.0;move;Mercado de Flores
56;261;2023-09-27;1861;Wheeler-Blackburn;2025-06-13;Report;matter;132.0;sort;Mercado de Flores
412;507;2025-01-05;4680;Young Ltd;2021-10-29;Space;none;;;Mercado de Flores
271;56;2025-09-06;1352;Lucero-Dawson;2021-03-15;Forward;note;;;Mercado de Legumes
405;838;2020-09-07;3526;Valenzuela-Meyer;2024-09-09;Phone;interview;;;Mercado de Fruta
293;932;2020-02-13;4548;Tyler LLC;2025-11-18;Rule;about;;;Mercado de Legumes
450;16;2024-09-13;3677;Calderon, May and Davis;2023-01-09;Reduce;toward;171.0;wait;Mercado de Fruta
381;811;2023-04-22;4218;Hunter-Wood;2023-06-13;Nor;remember;;;Mercado de Fruta
73;110;2023-10-29;2598;Adams, Lamb and Ellis;2022-05-26;Our;manage;;;Mercado de Legumes
51;403;2025-05-12;3599;Mueller-Herrera;2022-08-02;Choose;beat;;;Mercado de Fruta
499;288;2022-06-21;3207;Jacobs, Johnson and Clark;2022-01-05;There;ask;9.0;piece;Mercado de Flores
499;288;2022-06-21;3207;Jacobs, Johnson and Clark;2022-01-05;There;ask;43.0;here;Mercado de Flores
147;885;2020-06-17;3288;Hess-Dickson;2022-09-18;Event;father;119.0;force;Mercado de Flores
64;691;2022-03-20;373;Gonzalez, Vasquez and Powers;2024-07-20;Outside;card;;;Mercado de Fruta
378;771;2021-02-12;4638;Clark, Sloan and Maldonado;2024-06-22;Stuff;mother;;;Mercado de Flores
169;206;2024-06-07;4013;Hall Inc;2025-03-03;Rule;former;;;Mercado de Legumes
454;477;2024-12-27;1189;Gonzales-Gonzales;2022-11-22;Pay;sport;;;Mercado de Flores
299;120;2022-06-21;1385;Booker PLC;2025-08-17;Several;blue;;;Mercado de Flores
260;284;2024-04-23;178;Smith, Carter and Blake;2021-07-29;Box;level;;;Mercado de Legumes
263;648;2025-01-01;4239;Hicks, Peterson and Ayala;2022-05-20;Book;score;45.0;total;Mercado de Flores
263;648;2025-01-01;4239;Hicks, Peterson and Ayala;2022-05-20;Book;score;53.0;ago;Mercado de Flores
275;182;2023-05-08;4997;Cox, Wright and Price;2023-10-30;Management;pattern;;;Mercado de Legumes
208;252;2026-01-14;778;Nunez-Lopez;2025-09-23;Despite;establish;;;Mercado de Flores
256;891;2023-01-14;1628;Martinez and Sons;2022-09-09;Goal;account;6.0;bar;Mercado de Flores
38;539;2021-03-27;760;Moore LLC;2022-08-15;Whom;what;;;Mercado de Legumes
310;591;2024-08-23;2469;Turner, Bowman and Williams;2021-08-06;Article;interest;;;Mercado de Flores
135;250;2025-02-08;1146;Williams-Smith;2021-11-26;Memory;Democrat;;;Mercado de Fruta
462;413;2022-04-11;4895;Hansen-Lewis;2024-07-07;Really;traditional;;;Mercado de Legumes
489;833;2025-05-07;2510;Lee, Guerrero and Alexander;2026-01-14;Each;even;;;Mercado de Legumes
17;187;2022-10-10;4062;Roberts LLC;2023-12-21;Cost;finally;185.0;truth;Mercado de Fruta
473;103;2021-09-24;2743;Brock PLC;2024-01-10;Sound;window;;;Mercado de Fruta
32;502;2022-01-01;3449;Arnold, Hernandez and Hines;2022-10-16;Life;knowledge;51.0;sense;Mercado de Fruta
451;432;2020-03-09;120;Clay, Rivera and Taylor;2025-12-13;Soldier;decade;;;Mercado de Flores
274;405;2022-04-01;4732;Sosa Group;2026-01-19;Structure;wide;;;Mercado de Flores
36;912;2023-10-01;871;Williams Inc;2025-02-07;Together;participant;152.0;increase;Mercado de Flores
40;992;2025-04-06;351;Andrade, Mcclure and Alvarez;2025-08-03;True;ten;95.0;executive;Mercado de Legumes
427;815;2021-09-15;149;Wright, Williams and Williams;2025-09-18;Same;cultural;;;Mercado de Legumes
93;653;2025-09-18;1081;Russell Ltd;2025-01-13;Loss;east;194.0;quickly;Mercado de Legumes
230;11;2021-04-28;1773;Shelton Inc;2023-04-03;Cover;real;169.0;hot;Mercado de Legumes
167;20;2024-06-19;3607;Walker LLC;2023-07-29;Increase;field;;;Mercado de Legumes
160;568;2024-08-09;3392;Marshall and Sons;2024-12-11;Wonder;bag;63.0;sit;Mercado de Fruta
486;494;2023-10-13;3738;Stewart Inc;2024-10-25;And;suffer;180.0;party;Mercado de Legumes
113;211;2024-01-27;2554;Beasley and Sons;2022-12-28;Across;prove;;;Mercado de Fruta
149;539;2021-11-10;4466;Sawyer LLC;2026-01-27;Whom;what;;;Mercado de Legumes
327;724;2023-06-24;4059;Mills, Mclaughlin and Smith;2026-02-09;Western;have;66.0;certainly;Mercado de Fruta
232;481;2024-04-27;4408;Stephenson Group;2025-12-12;Wish;writer;;;Mercado de Fruta
238;795;2025-06-18;2627;Whitney, Kim and Moore;2025-02-23;Hotel;standard;;;Mercado de Flores
376;459;2024-11-20;4013;Miller-Fields;2024-08-18;Turn;bit;;;Mercado de Flores
109;250;2020-04-04;2559;Sanchez-Atkinson;2024-07-27;Memory;Democrat;;;Mercado de Fruta
498;931;2021-08-02;4368;Walker-Kirk;2024-03-19;Nearly;water;;;Mercado de Fruta
247;848;2021-08-26;2187;Rivera Group;2021-12-30;Focus;very;197.0;possible;Mercado de Legumes
459;68;2025-07-08;1302;Holland, Evans and Myers;2023-04-18;Article;they;25.0;large;Mercado de Legumes
69;192;2023-05-25;176;Goodman-Kirby;2022-12-31;Line;police;67.0;hair;Mercado de Flores
119;292;2020-03-20;2819;Shelton, Odonnell and Williams;2022-11-17;Wide;event;;;Mercado de Fruta
468;144;2022-04-16;2908;Crawford, Barnes and Aguilar;2021-04-19;Low;recently;;;Mercado de Flores
460;714;2020-08-19;1706;Davenport-Cook;2021-03-09;Range;late;;;Mercado de Flores
470;960;2020-01-22;700;Ray, Hall and Graves;2024-05-10;Seem;west;;;Mercado de Flores
274;566;2022-11-15;666;Sosa Group;2026-01-19;Something;computer;;;Mercado de Legumes
140;525;2024-07-10;2597;Woodard PLC;2021-04-23;Writer;way;;;Mercado de Flores
126;218;2021-08-19;468;Patterson-Oconnor;2023-06-03;Including;relate;;;Mercado de Legumes
75;47;2025-06-07;1685;Conley LLC;2025-11-10;It;form;;;Mercado de Legumes
479;615;2022-06-10;2837;Reynolds, Christian and Lopez;2021-07-19;Speech;training;;;Mercado de Flores
75;787;2021-06-20;3287;Conley LLC;2025-11-10;Thank;guess;;;Mercado de Fruta
211;156;2024-06-01;1138;Robinson LLC;2022-02-07;Only;soon;153.0;thus;Mercado de Flores
293;116;2022-02-03;575;Tyler LLC;2025-11-18;Heart;whose;;;Mercado de Legumes
500;618;2023-06-30;484;Johnson-Anderson;2024-01-02;West;manage;;;Mercado de Flores
238;252;2021-07-18;3507;Whitney, Kim and Moore;2025-02-23;Despite;establish;;;Mercado de Flores
295;752;2025-11-26;2205;Sandoval, Castillo and Golden;2025-02-04;Job;strong;;;Mercado de Legumes
136;243;2022-12-11;3212;Knight Group;2025-03-11;Pick;thing;;;Mercado de Flores
62;907;2024-05-09;2704;Dean Group;2023-04-26;Too;school;;;Mercado de Fruta
456;958;2025-07-23;2408;Price, Franklin and Duarte;2025-01-08;Property;store;;;Mercado de Fruta
136;686;2020-01-30;4957;Knight Group;2025-03-11;Difference;black;;;Mercado de Legumes
223;467;2023-09-23;2275;Wilcox, Johnson and Dunlap;2025-04-12;Focus;democratic;17.0;character;Mercado de Legumes
275;421;2022-05-05;4099;Cox, Wright and Price;2023-10-30;Director;fine;;;Mercado de Fruta
72;625;2025-12-30;3101;Crane-Torres;2022-06-18;Adult;special;86.0;school;Mercado de Fruta
375;575;2024-10-15;1339;Dixon-Williams;2021-07-20;Great;age;;;Mercado de Legumes
436;667;2024-03-28;245;Henry, Krueger and Freeman;2021-09-19;Best;phone;;;Mercado de Fruta
426;361;2024-07-06;1793;Johnson-Williams;2021-10-18;Growth;pull;82.0;marriage;Mercado de Fruta
120;538;2025-11-04;1106;Mcdaniel-Garza;2022-08-16;Team;word;;;Mercado de Fruta
288;971;2023-10-14;1890;Hicks, Griffin and Craig;2026-01-22;Education;play;33.0;conference;Mercado de Legumes
189;912;2024-03-09;4692;Clark LLC;2025-06-23;Together;participant;;;Mercado de Flores
115;234;2022-04-17;1679;Johnson, Brennan and Wright;2025-01-01;Edge;woman;183.0;feeling;Mercado de Flores
398;431;2022-09-30;2039;Williams-Reynolds;2021-07-19;A;agent;38.0;ten;Mercado de Legumes
398;431;2022-09-30;2039;Williams-Reynolds;2021-07-19;A;agent;200.0;professional;Mercado de Legumes
143;952;2023-10-13;386;Flores and Sons;2024-12-02;Religious;positive;;;Mercado de Fruta
356;660;2022-09-25;1122;Cook, Boyer and Cox;2024-02-10;Senior;song;;;Mercado de Flores
495;517;2025-12-02;548;Miller, Cherry and Torres;2025-12-22;Which;ago;;;Mercado de Fruta
386;109;2021-03-09;2460;Hayden-Ellis;2026-01-01;Degree;one;;;Mercado de Fruta
234;367;2021-04-25;4524;Yates LLC;2025-03-18;Street;outside;87.0;audience;Mercado de Fruta
234;367;2021-04-25;4524;Yates LLC;2025-03-18;Street;outside;164.0;where;Mercado de Fruta
30;910;2023-03-18;1856;Vargas, Santiago and Mcdonald;2024-10-25;Theory;election;;;Mercado de Fruta
332;29;2025-07-18;1399;Dixon and Sons;2022-12-29;Different;agency;;;Mercado de Legumes
182;26;2020-11-11;4815;Moore, Rivera and Nguyen;2024-06-18;Available;yard;;;Mercado de Legumes
194;117;2022-04-21;4607;Bowen and Sons;2022-07-29;It;senior;;;Mercado de Flores
238;301;2023-01-19;3080;Whitney, Kim and Moore;2025-02-23;We;hit;;;Mercado de Fruta
167;490;2025-10-04;457;Walker LLC;2023-07-29;Bar;former;;;Mercado de Fruta
410;765;2020-12-02;417;Clark Ltd;2021-04-02;Nor;can;;;Mercado de Flores
40;76;2020-11-05;2662;Andrade, Mcclure and Alvarez;2025-08-03;Black;across;95.0;executive;Mercado de Fruta
413;663;2020-07-11;3318;Shelton Inc;2024-03-19;Financial;charge;;;Mercado de Flores
324;159;2022-02-11;1687;Pearson-Dean;2022-05-18;Newspaper;herself;;;Mercado de Flores
78;831;2024-12-09;4271;Douglas and Sons;2025-06-07;Yard;everyone;;;Mercado de Flores
235;458;2022-08-29;2099;Walker-Garcia;2025-06-30;Eat;list;166.0;suffer;Mercado de Legumes
71;554;2020-06-10;1957;Krueger, Trujillo and Gonzalez;2022-01-15;Certainly;feel;;;Mercado de Legumes
62;569;2023-05-18;1769;Dean Group;2023-04-26;Process;body;;;Mercado de Legumes
306;442;2020-05-25;361;Jenkins LLC;2022-02-24;Public;require;;;Mercado de Fruta
276;218;2021-03-28;770;Spencer PLC;2025-06-17;Including;relate;;;Mercado de Legumes
132;936;2020-12-26;1500;Branch and Sons;2021-12-10;Dream;speak;69.0;exist;Mercado de Flores
133;693;2022-07-30;818;Bullock Ltd;2022-03-23;Entire;personal;71.0;side;Mercado de Flores
111;654;2020-09-03;2023;Huff-Garcia;2024-06-20;Everyone;sound;;;Mercado de Flores
273;785;2021-03-17;257;Deleon, Conway and Sanchez;2024-12-11;Four;his;134.0;leg;Mercado de Legumes
409;403;2020-03-17;3032;Long Ltd;2024-03-21;Choose;beat;;;Mercado de Fruta
403;718;2025-09-26;1015;Reynolds PLC;2023-07-11;Eight;gun;70.0;score;Mercado de Fruta
105;2;2021-02-10;3851;Mccall and Sons;2022-01-20;Not;interesting;5.0;meet;Mercado de Legumes
105;2;2021-02-10;3851;Mccall and Sons;2022-01-20;Not;interesting;187.0;coach;Mercado de Legumes
437;700;2025-06-04;4189;Chan Ltd;2026-01-15;Great;against;;;Mercado de Fruta
305;844;2021-07-25;3993;Johnson-Hunter;2023-04-03;Southern;thus;;;Mercado de Fruta
10;772;2023-02-09;4223;Woods, Taylor and Harrison;2024-07-08;Technology;dinner;;;Mercado de Fruta
84;832;2020-01-07;3200;Daniels LLC;2023-11-15;Memory;low;;;Mercado de Fruta
270;150;2024-02-20;3712;Knight-Alexander;2023-05-25;Director;myself;175.0;practice;Mercado de Flores
231;793;2022-06-05;3601;Griffin PLC;2021-03-20;Party;situation;;;Mercado de Fruta
437;199;2020-09-02;2803;Chan Ltd;2026-01-15;Before;around;;;Mercado de Fruta
148;828;2025-08-24;410;Hicks, Smith and Watson;2026-01-22;Training;finish;18.0;turn;Mercado de Flores
432;755;2024-09-20;4400;Wright Group;2021-03-18;World;whose;;;Mercado de Legumes
346;5;2025-03-19;1109;Paul, Stewart and Pierce;2024-08-13;They;describe;44.0;house;Mercado de Legumes
177;44;2025-04-19;1037;Jenkins-Ramos;2023-10-01;Ready;level;;;Mercado de Legumes
276;631;2025-12-28;745;Spencer PLC;2025-06-17;Product;audience;;;Mercado de Fruta
288;402;2024-10-08;4593;Hicks, Griffin and Craig;2026-01-22;International;and;33.0;conference;Mercado de Flores
34;411;2025-12-31;1382;Martinez, Beck and Moyer;2022-10-22;Establish;author;47.0;too;Mercado de Flores
288;175;2024-11-15;1748;Hicks, Griffin and Craig;2026-01-22;Southern;contain;33.0;conference;Mercado de Fruta
267;992;2025-07-21;4186;Wagner Inc;2022-03-29;True;ten;;;Mercado de Legumes
187;911;2022-02-17;3620;Hanson, White and Jackson;2024-06-25;Form;any;;;Mercado de Legumes
369;444;2024-07-29;1664;Frank-Glover;2023-12-24;Really;specific;;;Mercado de Flores
203;822;2025-11-04;3522;Roberts LLC;2024-09-29;Medical;scene;;;Mercado de Flores
325;299;2020-09-15;2471;Barrett Group;2022-12-07;General;parent;;;Mercado de Legumes
305;723;2024-02-11;4956;Johnson-Hunter;2023-04-03;Responsibility;management;;;Mercado de Flores
24;826;2023-08-19;3460;Yates Ltd;2021-10-02;Name;moment;64.0;away;Mercado de Fruta
42;79;2025-12-19;3630;Goodwin-Murphy;2023-05-27;Discuss;style;;;Mercado de Fruta
79;71;2021-06-22;4386;Lopez, Newton and Rivera;2021-03-22;Hundred;rather;;;Mercado de Legumes
197;120;2020-01-17;127;Tate, Wilson and Wilson;2026-02-16;Several;blue;142.0;pattern;Mercado de Flores
200;851;2022-01-22;682;Hernandez, Rojas and Rodriguez;2024-02-06;Third;book;;;Mercado de Legumes
448;457;2020-11-09;2127;Jacobs Ltd;2024-09-13;Either;late;;;Mercado de Fruta
224;637;2024-01-10;3509;Coleman-Green;2021-04-06;Well;determine;137.0;mission;Mercado de Fruta
494;63;2024-01-28;3456;Rasmussen Group;2023-04-05;Paper;street;;;Mercado de Flores
395;629;2025-12-15;2066;Santana-Ray;2022-09-09;Defense;whom;;;Mercado de Legumes
500;180;2021-07-16;3274;Johnson-Anderson;2024-01-02;Entire;choose;;;Mercado de Flores
9;965;2021-05-29;2463;Perez-Hurley;2022-02-11;Crime;simple;;;Mercado de Legumes
200;847;2022-01-19;594;Hernandez, Rojas and Rodriguez;2024-02-06;Physical;else;;;Mercado de Fruta
262;645;2024-10-15;4724;Williams and Sons;2023-12-20;Turn;herself;;;Mercado de Flores
457;316;2023-11-10;1696;Olsen LLC;2024-01-29;Where;so;;;Mercado de Fruta
341;318;2022-06-28;4787;Alvarez, Dunn and Browning;2023-04-02;Expect;actually;;;Mercado de Flores
338;18;2022-01-29;721;Brown Ltd;2025-02-19;Large;skill;;;Mercado de Flores
196;547;2020-11-08;1161;Robinson-Cowan;2025-03-23;Whatever;reduce;;;Mercado de Fruta
479;258;2024-09-21;3826;Reynolds, Christian and Lopez;2021-07-19;Amount;lawyer;;;Mercado de Flores
69;226;2025-12-02;2836;Goodman-Kirby;2022-12-31;Oil;his;67.0;hair;Mercado de Fruta
244;82;2020-02-29;4903;Perez Ltd;2024-11-05;Drive;military;;;Mercado de Fruta
490;255;2021-05-12;1096;Pruitt-Young;2021-04-13;Better;scientist;;;Mercado de Flores
204;578;2023-10-04;2955;Flynn-Knight;2023-08-04;Sister;party;;;Mercado de Legumes
488;933;2020-12-13;1165;Rodriguez and Sons;2022-03-26;Two;miss;;;Mercado de Flores
445;356;2024-09-18;935;Rodriguez LLC;2023-11-14;Left;although;;;Mercado de Legumes
202;903;2022-05-20;4174;Thomas-Sanders;2025-02-12;Social;light;;;Mercado de Flores
93;429;2023-04-15;711;Russell Ltd;2025-01-13;Must;future;194.0;quickly;Mercado de Flores
417;318;2025-11-07;1584;Wells Group;2026-01-14;Expect;actually;;;Mercado de Flores
75;635;2023-01-31;2095;Conley LLC;2025-11-10;He;over;;;Mercado de Legumes
413;150;2022-05-04;4966;Shelton Inc;2024-03-19;Director;myself;;;Mercado de Flores
360;108;2025-10-04;4100;Harris-Stephens;2024-08-29;Affect;amount;48.0;rate;Mercado de Flores
365;749;2024-01-31;386;Cantu, Palmer and Thomas;2025-01-03;Practice;worker;;;Mercado de Legumes
272;657;2024-02-16;2467;Barrett PLC;2022-06-07;Area;reality;;;Mercado de Flores
337;143;2025-03-02;2324;Jackson Ltd;2022-01-03;Film;could;14.0;fight;Mercado de Legumes
147;980;2022-07-03;1864;Hess-Dickson;2022-09-18;If;meet;119.0;force;Mercado de Legumes
129;194;2022-08-17;4681;Gonzalez LLC;2025-09-05;Student;each;30.0;difficult;Mercado de Legumes
129;194;2022-08-17;4681;Gonzalez LLC;2025-09-05;Student;each;191.0;a;Mercado de Legumes
1;528;2024-02-05;919;Cooper and Sons;2022-04-26;Some;must;;;Mercado de Flores
2;739;2025-07-15;1106;Rogers, Fernandez and Perez;2023-11-29;Somebody;Mrs;176.0;price;Mercado de Fruta
2;739;2025-07-15;1106;Rogers, Fernandez and Perez;2023-11-29;Somebody;Mrs;199.0;lot;Mercado de Fruta
321;978;2025-10-04;3365;Frost-Wolfe;2023-12-28;Western;artist;;;Mercado de Flores
164;479;2025-02-08;2742;Acevedo-Potts;2021-06-29;Floor;organization;;;Mercado de Legumes
221;557;2021-09-12;3748;Gardner Group;2024-11-05;Heavy;order;41.0;big;Mercado de Legumes
435;492;2025-12-27;183;Thompson-Kramer;2024-03-05;Against;hold;;;Mercado de Flores
61;535;2022-05-15;3867;Stewart, Hopkins and Williams;2021-12-31;Recognize;name;;;Mercado de Fruta
50;656;2021-09-19;850;Maldonado and Sons;2021-06-01;Republican;off;;;Mercado de Legumes
185;876;2022-09-21;249;Jennings PLC;2024-02-10;End;table;;;Mercado de Flores
374;61;2020-06-24;1870;Park-Curry;2021-09-16;Everybody;stay;;;Mercado de Fruta
431;108;2025-07-13;2290;Taylor Inc;2024-08-22;Affect;amount;104.0;account;Mercado de Flores
162;684;2020-02-14;525;Jacobs-Watson;2025-05-15;Free;might;;;Mercado de Flores
63;579;2025-01-03;2345;Castro, Sherman and Flores;2025-12-01;Happen;hotel;;;Mercado de Flores
188;584;2025-11-24;701;Davis, Cortez and Young;2022-03-06;Consumer;half;133.0;assume;Mercado de Legumes
188;584;2025-11-24;701;Davis, Cortez and Young;2022-03-06;Consumer;half;135.0;support;Mercado de Legumes
428;910;2026-02-17;3962;Baldwin-Chandler;2022-06-04;Theory;election;141.0;think;Mercado de Fruta
198;98;2024-02-20;2877;Bradley PLC;2021-04-20;Hit;successful;;;Mercado de Legumes
89;886;2023-01-15;4189;Johns, Wolf and Osborne;2023-07-02;Compare;student;;;Mercado de Fruta
308;645;2024-04-24;879;Jones, Harrington and Herrera;2024-03-21;Turn;herself;;;Mercado de Flores
34;470;2025-04-03;2963;Martinez, Beck and Moyer;2022-10-22;Into;his;47.0;too;Mercado de Legumes
11;657;2026-01-05;2602;Serrano, Young and Nichols;2024-10-20;Area;reality;;;Mercado de Flores
338;693;2022-04-17;3775;Brown Ltd;2025-02-19;Entire;personal;;;Mercado de Flores
466;604;2020-09-15;1872;Hernandez-Lynch;2022-02-27;Small;which;;;Mercado de Fruta
359;875;2025-07-14;3038;Thompson-Miller;2025-10-31;Bit;may;;;Mercado de Legumes
218;697;2020-08-27;1649;Olson Inc;2026-01-06;Actually;still;;;Mercado de Fruta
383;339;2020-09-06;4058;Price-Pearson;2022-09-23;Agreement;firm;;;Mercado de Flores
418;214;2024-01-11;4189;Shelton Ltd;2022-01-04;Available;evidence;;;Mercado de Fruta
331;826;2021-03-21;343;Lawrence Inc;2023-06-02;Name;moment;149.0;service;Mercado de Fruta
307;356;2023-03-30;141;Cooper-Gates;2022-08-19;Left;although;;;Mercado de Legumes
429;577;2024-08-26;2891;Foster-Murphy;2023-08-16;Feeling;dinner;;;Mercado de Fruta
223;898;2022-01-24;768;Wilcox, Johnson and Dunlap;2025-04-12;Million;role;17.0;character;Mercado de Fruta
217;106;2025-01-10;2866;Moore, Guzman and Moore;2022-12-25;Happen;blood;;;Mercado de Fruta
1;708;2020-03-28;4390;Cooper and Sons;2022-04-26;Seek;food;;;Mercado de Flores
277;419;2022-12-24;3621;Bennett Group;2021-03-31;Available;citizen;;;Mercado de Legumes
64;324;2025-04-05;4447;Gonzalez, Vasquez and Powers;2024-07-20;Reach;upon;;;Mercado de Flores
422;247;2024-11-06;413;Wright, Dickerson and Mcdonald;2023-02-13;Nice;although;162.0;management;Mercado de Fruta
97;193;2023-04-28;2565;Munoz-Lawson;2024-07-29;Born;across;20.0;stay;Mercado de Fruta
97;193;2023-04-28;2565;Munoz-Lawson;2024-07-29;Born;across;23.0;total;Mercado de Fruta
97;193;2023-04-28;2565;Munoz-Lawson;2024-07-29;Born;across;26.0;identify;Mercado de Fruta
97;193;2023-04-28;2565;Munoz-Lawson;2024-07-29;Born;across;150.0;join;Mercado de Fruta
97;193;2023-04-28;2565;Munoz-Lawson;2024-07-29;Born;across;181.0;grow;Mercado de Fruta
79;127;2022-09-07;4067;Lopez, Newton and Rivera;2021-03-22;Store;her;;;Mercado de Fruta
459;935;2020-04-16;168;Holland, Evans and Myers;2023-04-18;Alone;science;25.0;large;Mercado de Legumes
102;182;2025-03-30;3928;Hood-Potter;2024-06-23;Management;pattern;;;Mercado de Legumes
346;319;2023-05-27;3004;Paul, Stewart and Pierce;2024-08-13;Green;almost;44.0;house;Mercado de Fruta
335;349;2024-02-16;4992;Webb Inc;2023-03-12;Hour;think;;;Mercado de Fruta
129;7;2021-02-15;4807;Gonzalez LLC;2025-09-05;Civil;career;30.0;difficult;Mercado de Fruta
129;7;2021-02-15;4807;Gonzalez LLC;2025-09-05;Civil;career;191.0;a;Mercado de Fruta
232;398;2024-06-17;132;Stephenson Group;2025-12-12;Fact;expect;;;Mercado de Legumes
487;338;2022-08-25;1412;Martin, Mosley and York;2022-04-29;Executive;agent;;;Mercado de Legumes
387;375;2024-11-28;4580;Smith Group;2022-08-12;Employee;field;15.0;Mrs;Mercado de Flores
387;375;2024-11-28;4580;Smith Group;2022-08-12;Employee;field;65.0;window;Mercado de Flores
30;795;2023-05-18;2635;Vargas, Santiago and Mcdonald;2024-10-25;Hotel;standard;;;Mercado de Flores
164;977;2025-06-30;1784;Acevedo-Potts;2021-06-29;Decision;off;;;Mercado de Legumes
491;634;2022-05-08;3902;Smith LLC;2025-01-19;Feeling;near;156.0;hair;Mercado de Fruta
491;634;2022-05-08;3902;Smith LLC;2025-01-19;Feeling;near;172.0;moment;Mercado de Fruta
301;843;2021-12-04;4213;York, Carter and Hernandez;2022-10-28;Woman;century;52.0;institution;Mercado de Flores
273;745;2022-04-01;1892;Deleon, Conway and Sanchez;2024-12-11;Large;nature;134.0;leg;Mercado de Fruta
131;471;2020-11-10;469;Schroeder, Moss and Rivas;2021-05-15;Effect;force;;;Mercado de Flores
406;989;2021-07-12;1553;Rodriguez-Spencer;2022-05-20;Early;real;;;Mercado de Legumes
258;843;2024-03-06;1847;Sims, Miller and Chavez;2021-06-01;Woman;century;;;Mercado de Flores
153;294;2021-05-30;1960;Wilson, Spears and Mitchell;2025-04-21;Discussion;toward;79.0;image;Mercado de Flores
274;477;2025-06-19;2832;Sosa Group;2026-01-19;Pay;sport;;;Mercado de Flores
413;748;2023-07-13;3764;Shelton Inc;2024-03-19;But;until;;;Mercado de Fruta
305;471;2024-09-29;4835;Johnson-Hunter;2023-04-03;Effect;force;;;Mercado de Flores
467;819;2021-01-16;3064;Wilson PLC;2021-12-24;Kid;stand;;;Mercado de Flores
412;161;2022-10-08;316;Young Ltd;2021-10-29;Participant;no;;;Mercado de Legumes
232;278;2021-08-06;2018;Stephenson Group;2025-12-12;Action;wish;;;Mercado de Legumes
447;367;2025-03-28;1938;Palmer, Hall and Mcintosh;2023-12-21;Street;outside;;;Mercado de Fruta
432;433;2021-06-20;2749;Wright Group;2021-03-18;Else;customer;;;Mercado de Fruta
315;552;2025-08-10;881;Garcia, Campbell and Powell;2023-02-17;Choose;natural;;;Mercado de Flores
167;551;2020-08-23;2791;Walker LLC;2023-07-29;Now;help;;;Mercado de Legumes
224;68;2023-01-06;4030;Coleman-Green;2021-04-06;Article;they;137.0;mission;Mercado de Legumes
104;237;2020-10-31;4463;Mosley, Petty and Davis;2026-01-02;Street;check;;;Mercado de Flores
196;683;2025-09-04;1792;Robinson-Cowan;2025-03-23;Set;half;;;Mercado de Legumes
274;944;2020-04-20;1018;Sosa Group;2026-01-19;Stay;detail;;;Mercado de Legumes
88;51;2023-10-27;2810;Brewer Ltd;2023-01-19;Attack;already;;;Mercado de Flores
290;424;2023-05-19;3292;Hart-Koch;2022-07-24;Brother;interesting;106.0;finish;Mercado de Fruta
18;585;2025-08-14;4504;Ford-Garrett;2025-06-05;Top;middle;;;Mercado de Flores
452;104;2021-07-14;1177;Sims LLC;2025-12-16;Likely;teach;;;Mercado de Legumes
26;951;2023-10-19;1095;Barron, Dodson and Baker;2024-07-08;Never;so;;;Mercado de Flores
240;511;2022-10-31;274;Cannon-Newman;2024-02-03;Huge;partner;31.0;coach;Mercado de Fruta
376;140;2024-08-28;4058;Miller-Fields;2024-08-18;Nothing;apply;;;Mercado de Legumes
270;502;2023-12-06;4925;Knight-Alexander;2023-05-25;Life;knowledge;175.0;practice;Mercado de Fruta
78;267;2025-02-17;2538;Douglas and Sons;2025-06-07;Movie;event;;;Mercado de Flores
245;659;2023-02-13;3724;Guzman-Cole;2024-11-20;Natural;friend;56.0;design;Mercado de Legumes
161;182;2021-09-29;1549;Mays-Harmon;2022-10-23;Management;pattern;;;Mercado de Legumes
140;522;2022-11-11;4505;Woodard PLC;2021-04-23;Which;whatever;;;Mercado de Flores
64;219;2021-03-16;2042;Gonzalez, Vasquez and Powers;2024-07-20;Speak;some;;;Mercado de Flores
142;773;2023-02-07;1886;Guzman Inc;2024-04-08;Personal;sea;2.0;beyond;Mercado de Legumes
3;804;2022-01-14;691;Cruz, Hurley and Graham;2024-07-17;Include;interview;;;Mercado de Flores
484;770;2022-05-13;3500;Greene Inc;2024-11-23;Quite;end;124.0;follow;Mercado de Legumes
110;252;2021-07-07;3256;Price Inc;2025-10-27;Despite;establish;121.0;what;Mercado de Flores
161;448;2022-11-28;3955;Mays-Harmon;2022-10-23;Everyone;environment;;;Mercado de Fruta
140;918;2022-07-03;3788;Woodard PLC;2021-04-23;Reason;man;;;Mercado de Flores
21;731;2025-04-22;4831;Williams, Martinez and Gentry;2021-03-07;By;finally;;;Mercado de Legumes
25;185;2021-10-23;3722;Scott, Daugherty and Grant;2021-05-04;Walk;western;155.0;generation;Mercado de Legumes
274;188;2025-12-24;4753;Sosa Group;2026-01-19;Animal;too;;;Mercado de Legumes
185;878;2022-04-04;3839;Jennings PLC;2024-02-10;Personal;could;;;Mercado de Legumes
281;66;2023-12-02;3698;Carlson-Landry;2025-12-17;Community;majority;178.0;form;Mercado de Flores
103;773;2023-11-03;1036;Miller, Rojas and Hall;2024-12-07;Personal;sea;;;Mercado de Legumes
253;449;2021-05-18;504;Kelley Ltd;2023-12-20;Light;would;;;Mercado de Legumes
328;351;2024-04-12;4980;Lee, Figueroa and Silva;2023-01-06;Enough;character;;;Mercado de Flores
263;322;2020-03-12;4907;Hicks, Peterson and Ayala;2022-05-20;Democrat;serve;45.0;total;Mercado de Fruta
263;322;2020-03-12;4907;Hicks, Peterson and Ayala;2022-05-20;Democrat;serve;53.0;ago;Mercado de Fruta
221;680;2020-11-17;802;Gardner Group;2024-11-05;Score;tell;41.0;big;Mercado de Legumes
312;465;2020-03-10;4780;Roberts, Sanchez and Cook;2021-10-18;Perform;gun;;;Mercado de Flores
78;688;2020-06-29;3440;Douglas and Sons;2025-06-07;Special;where;;;Mercado de Fruta
493;322;2022-08-20;4478;Blake Group;2025-03-31;Democrat;serve;110.0;truth;Mercado de Fruta
378;793;2020-07-07;1312;Clark, Sloan and Maldonado;2024-06-22;Party;situation;;;Mercado de Fruta
100;926;2024-09-29;2517;Brown PLC;2025-07-17;Enter;government;;;Mercado de Legumes
471;785;2020-03-19;2263;Mason-Rogers;2025-10-13;Four;his;;;Mercado de Legumes
345;703;2022-01-04;3037;Perez-Shannon;2023-09-04;Her;better;;;Mercado de Fruta
121;178;2022-08-17;2468;Ruiz, Miller and Giles;2023-10-05;Series;must;;;Mercado de Fruta
401;21;2021-09-08;3333;Bell, Nelson and Walker;2026-01-20;Cultural;threat;;;Mercado de Flores
336;440;2025-04-22;2686;Michael and Sons;2022-10-12;Each;later;;;Mercado de Legumes
205;625;2020-09-17;2861;Turner-Cook;2023-12-03;Adult;special;;;Mercado de Fruta
179;784;2023-12-05;259;Bowman, Boyer and Smith;2025-03-16;Score;poor;;;Mercado de Fruta
99;277;2023-07-28;427;Stokes, Taylor and Wallace;2023-11-03;For;relationship;147.0;miss;Mercado de Fruta
99;277;2023-07-28;427;Stokes, Taylor and Wallace;2023-11-03;For;relationship;168.0;party;Mercado de Fruta
382;26;2022-10-16;3359;Buchanan-Marquez;2023-03-31;Available;yard;;;Mercado de Legumes
35;696;2022-10-01;4114;Nolan, Jones and Gordon;2021-04-03;Enough;light;61.0;record;Mercado de Flores
455;333;2021-04-14;3783;Giles, Lewis and Sampson;2021-08-24;To;watch;;;Mercado de Flores
369;919;2021-05-08;2589;Frank-Glover;2023-12-24;Change;soldier;;;Mercado de Fruta
80;524;2025-06-08;2173;Boyd, Johnson and Miller;2024-08-15;Black;very;10.0;exactly;Mercado de Legumes
80;524;2025-06-08;2173;Boyd, Johnson and Miller;2024-08-15;Black;very;96.0;parent;Mercado de Legumes
440;387;2023-11-25;2323;Johnson, Smith and Reed;2024-11-14;Sing;smile;159.0;talk;Mercado de Flores
422;436;2021-12-09;1352;Wright, Dickerson and Mcdonald;2023-02-13;Today;impact;162.0;management;Mercado de Fruta
80;215;2026-02-17;4064;Boyd, Johnson and Miller;2024-08-15;Whom;wear;10.0;exactly;Mercado de Legumes
80;215;2026-02-17;4064;Boyd, Johnson and Miller;2024-08-15;Whom;wear;96.0;parent;Mercado de Legumes
3;817;2022-05-18;3593;Cruz, Hurley and Graham;2024-07-17;Charge;ball;;;Mercado de Fruta
127;548;2021-05-30;504;Hill PLC;2025-05-30;Drug;last;73.0;Congress;Mercado de Legumes
77;302;2024-08-24;3909;Carter PLC;2024-11-13;Poor;responsibility;;;Mercado de Legumes
429;613;2023-08-09;1345;Foster-Murphy;2023-08-16;Base;often;;;Mercado de Fruta
379;411;2024-03-02;2304;Ross, Ray and Bean;2023-09-04;Establish;author;22.0;join;Mercado de Flores
177;229;2020-12-17;2073;Jenkins-Ramos;2023-10-01;Go;run;;;Mercado de Fruta
314;757;2024-10-03;4766;Moody LLC;2024-10-26;Theory;make;;;Mercado de Fruta
240;422;2023-09-19;2030;Cannon-Newman;2024-02-03;Beautiful;tax;31.0;coach;Mercado de Legumes
210;642;2021-11-01;1919;Clark Ltd;2024-07-20;Money;section;19.0;perhaps;Mercado de Flores
224;747;2024-03-28;4378;Coleman-Green;2021-04-06;Respond;night;137.0;mission;Mercado de Flores
152;443;2020-08-02;2800;Schultz-Glass;2023-06-16;Several;hand;118.0;western;Mercado de Legumes
422;280;2023-05-20;722;Wright, Dickerson and Mcdonald;2023-02-13;Stock;civil;162.0;management;Mercado de Fruta
345;612;2022-08-02;432;Perez-Shannon;2023-09-04;Cut;meet;;;Mercado de Flores
334;223;2020-06-04;857;Hernandez-Mason;2024-04-05;Recognize;because;140.0;ok;Mercado de Fruta
84;371;2023-11-13;3649;Daniels LLC;2023-11-15;Price;material;;;Mercado de Legumes
410;290;2024-12-04;2376;Clark Ltd;2021-04-02;Education;share;;;Mercado de Legumes
465;599;2020-11-16;4720;Smith-King;2025-09-06;Friend;along;;;Mercado de Legumes
107;604;2021-03-17;2451;Jones, Keith and Wiggins;2021-05-06;Small;which;;;Mercado de Fruta
8;378;2023-11-21;4914;Garcia-Lawson;2024-11-18;Under;kitchen;;;Mercado de Flores
321;337;2022-08-16;2799;Frost-Wolfe;2023-12-28;Article;raise;;;Mercado de Fruta
72;470;2022-03-08;1379;Crane-Torres;2022-06-18;Into;his;86.0;school;Mercado de Legumes
84;265;2024-10-02;2160;Daniels LLC;2023-11-15;Town;play;;;Mercado de Fruta
473;697;2025-09-02;4951;Brock PLC;2024-01-10;Actually;still;;;Mercado de Fruta
416;627;2025-10-03;4412;Richardson LLC;2022-12-31;Effort;effect;;;Mercado de Flores
361;667;2025-09-05;1052;Martinez Ltd;2023-11-22;Best;phone;80.0;by;Mercado de Fruta
368;796;2022-11-04;367;Martin and Sons;2024-01-11;Prevent;evidence;;;Mercado de Fruta
107;678;2025-01-14;1120;Jones, Keith and Wiggins;2021-05-06;To;contain;;;Mercado de Flores
383;557;2021-04-27;4319;Price-Pearson;2022-09-23;Heavy;order;;;Mercado de Legumes
62;591;2024-09-28;4084;Dean Group;2023-04-26;Article;interest;;;Mercado de Flores
217;40;2022-05-10;1694;Moore, Guzman and Moore;2022-12-25;Realize;table;;;Mercado de Fruta
95;730;2020-01-29;2158;Woods and Sons;2022-04-09;Cut;safe;32.0;follow;Mercado de Fruta
347;269;2022-05-31;513;Becker, Flynn and Silva;2023-12-04;Rock;figure;;;Mercado de Legumes
26;649;2024-08-23;2350;Barron, Dodson and Baker;2024-07-08;Arm;memory;;;Mercado de Fruta
345;232;2022-04-03;593;Perez-Shannon;2023-09-04;Parent;cut;;;Mercado de Fruta
253;387;2024-06-19;1157;Kelley Ltd;2023-12-20;Sing;smile;;;Mercado de Flores
38;796;2023-03-04;1768;Moore LLC;2022-08-15;Prevent;evidence;;;Mercado de Fruta
461;431;2021-03-02;2114;Smith-Stanley;2021-06-23;A;agent;;;Mercado de Legumes
224;497;2021-06-25;3231;Coleman-Green;2021-04-06;Cell;wear;137.0;mission;Mercado de Legumes
156;400;2020-10-25;2414;Wilkinson, George and Turner;2024-05-22;Season;whatever;;;Mercado de Fruta
254;754;2022-11-07;2512;Williams, Mcdonald and Schmidt;2025-08-24;Professor;despite;123.0;dream;Mercado de Fruta
432;34;2023-01-09;4513;Wright Group;2021-03-18;Party;speak;;;Mercado de Fruta
318;282;2023-08-08;2579;Gutierrez, Cisneros and Phillips;2021-07-28;Notice;peace;;;Mercado de Flores
103;922;2021-12-06;921;Miller, Rojas and Hall;2024-12-07;Daughter;remember;;;Mercado de Fruta
344;957;2020-12-21;4956;Smith-Cochran;2024-06-15;Glass;especially;;;Mercado de Flores
76;376;2020-05-10;4028;Sparks Ltd;2022-05-22;Myself;accept;;;Mercado de Fruta
282;584;2024-02-06;654;Wilson LLC;2025-01-17;Consumer;half;130.0;billion;Mercado de Legumes
282;584;2024-02-06;654;Wilson LLC;2025-01-17;Consumer;half;167.0;wonder;Mercado de Legumes
325;103;2020-05-28;3042;Barrett Group;2022-12-07;Sound;window;;;Mercado de Fruta
89;942;2024-11-05;4802;Johns, Wolf and Osborne;2023-07-02;Bill;reason;;;Mercado de Flores
376;876;2020-07-22;3961;Miller-Fields;2024-08-18;End;table;;;Mercado de Flores
335;729;2021-07-20;2719;Webb Inc;2023-03-12;Age;near;;;Mercado de Flores
121;521;2024-06-27;2370;Ruiz, Miller and Giles;2023-10-05;Carry;several;;;Mercado de Legumes
148;54;2021-03-25;327;Hicks, Smith and Watson;2026-01-22;View;eat;18.0;turn;Mercado de Flores
150;253;2022-09-29;255;Zhang, Arnold and Richmond;2021-11-15;Concern;responsibility;;;Mercado de Fruta
414;135;2021-08-21;857;Nguyen-Becker;2023-04-12;Although;lead;;;Mercado de Flores
113;930;2024-03-02;2781;Beasley and Sons;2022-12-28;Government;old;;;Mercado de Flores
340;168;2021-05-03;4722;James Inc;2024-10-08;Address;product;165.0;full;Mercado de Flores
418;199;2025-02-28;4435;Shelton Ltd;2022-01-04;Before;around;;;Mercado de Fruta
53;119;2020-02-07;4388;West-Brewer;2021-11-26;Theory;account;188.0;both;Mercado de Legumes
495;724;2024-04-21;1776;Miller, Cherry and Torres;2025-12-22;Western;have;;;Mercado de Fruta
200;760;2024-05-13;4461;Hernandez, Rojas and Rodriguez;2024-02-06;Budget;protect;;;Mercado de Fruta
43;919;2025-12-08;4198;Hubbard-Morgan;2026-01-13;Change;soldier;120.0;once;Mercado de Fruta
263;253;2025-05-28;2277;Hicks, Peterson and Ayala;2022-05-20;Concern;responsibility;45.0;total;Mercado de Fruta
263;253;2025-05-28;2277;Hicks, Peterson and Ayala;2022-05-20;Concern;responsibility;53.0;ago;Mercado de Fruta
19;653;2020-11-12;2628;Taylor Group;2023-12-11;Loss;east;;;Mercado de Legumes
125;109;2022-11-21;2831;Rice, Freeman and Brown;2024-12-11;Degree;one;115.0;reality;Mercado de Fruta
253;27;2022-07-24;232;Kelley Ltd;2023-12-20;Republican;trouble;;;Mercado de Flores
141;553;2023-12-27;3414;Gordon LLC;2022-04-11;Pick;member;;;Mercado de Fruta
309;667;2024-08-01;4699;Maldonado-Macias;2021-03-27;Best;phone;;;Mercado de Fruta
499;396;2020-11-18;780;Jacobs, Johnson and Clark;2022-01-05;Drug;let;9.0;piece;Mercado de Flores
499;396;2020-11-18;780;Jacobs, Johnson and Clark;2022-01-05;Drug;let;43.0;here;Mercado de Flores
20;469;2021-07-01;4343;Wilkerson PLC;2021-05-09;Throughout;north;116.0;explain;Mercado de Fruta
443;767;2023-04-20;1465;Avila Group;2026-01-21;Source;keep;7.0;might;Mercado de Legumes
443;767;2023-04-20;1465;Avila Group;2026-01-21;Source;keep;75.0;grow;Mercado de Legumes
229;489;2022-10-11;1967;Johnson, Sanders and Lam;2021-09-13;Culture;artist;;;Mercado de Flores
101;406;2021-03-06;3493;Dominguez, Fry and Hill;2021-08-11;Go;ability;;;Mercado de Fruta
62;342;2021-10-16;721;Dean Group;2023-04-26;May;good;;;Mercado de Flores
238;238;2021-12-20;3599;Whitney, Kim and Moore;2025-02-23;Draw;let;;;Mercado de Fruta
135;552;2023-03-12;413;Williams-Smith;2021-11-26;Choose;natural;;;Mercado de Flores
90;125;2024-02-18;1627;Mitchell-Fisher;2024-12-19;Risk;level;109.0;term;Mercado de Legumes
199;394;2023-12-14;1825;Hanson-Fleming;2025-09-15;Information;analysis;;;Mercado de Fruta
306;759;2022-03-02;101;Jenkins LLC;2022-02-24;Own;recognize;;;Mercado de Flores
353;393;2021-02-07;2057;Jones-Rollins;2024-02-10;Tell;eat;;;Mercado de Flores
452;903;2021-09-18;3798;Sims LLC;2025-12-16;Social;light;;;Mercado de Flores
226;710;2024-06-15;4187;Diaz, Hunt and Jackson;2022-02-06;Name;ball;29.0;ever;Mercado de Legumes
226;710;2024-06-15;4187;Diaz, Hunt and Jackson;2022-02-06;Name;ball;78.0;sit;Mercado de Legumes
226;710;2024-06-15;4187;Diaz, Hunt and Jackson;2022-02-06;Name;ball;89.0;member;Mercado de Legumes
184;527;2024-06-09;185;Moore, Lopez and Santos;2021-12-10;Money;experience;;;Mercado de Legumes
480;949;2023-07-29;227;Jones-Chavez;2022-10-24;Watch;usually;99.0;then;Mercado de Fruta
480;949;2023-07-29;227;Jones-Chavez;2022-10-24;Watch;usually;131.0;religious;Mercado de Fruta
215;726;2025-11-13;1528;Jimenez-Gates;2022-10-05;Occur;rest;;;Mercado de Flores
444;388;2022-06-08;2261;Mack-Castillo;2024-04-27;International;effect;;;Mercado de Fruta
386;78;2023-08-21;2728;Hayden-Ellis;2026-01-01;Generation;there;;;Mercado de Flores
71;757;2024-03-27;426;Krueger, Trujillo and Gonzalez;2022-01-15;Theory;make;;;Mercado de Fruta
128;133;2021-12-03;2421;Butler-Washington;2021-05-01;Ten;international;;;Mercado de Fruta
136;960;2023-09-08;2826;Knight Group;2025-03-11;Seem;west;;;Mercado de Flores
239;814;2023-05-29;3151;Garcia LLC;2025-07-11;Natural;foot;;;Mercado de Fruta
84;960;2021-11-16;1903;Daniels LLC;2023-11-15;Seem;west;;;Mercado de Flores
442;148;2023-09-19;3044;Savage Ltd;2025-04-01;Continue;by;;;Mercado de Fruta
346;325;2022-06-01;1533;Paul, Stewart and Pierce;2024-08-13;Politics;simple;44.0;house;Mercado de Fruta
415;393;2022-11-15;2820;Anderson, Yoder and Taylor;2021-08-26;Tell;eat;60.0;thing;Mercado de Flores
341;137;2021-01-07;4929;Alvarez, Dunn and Browning;2023-04-02;Modern;people;;;Mercado de Legumes
287;490;2020-07-28;4262;Bailey, Bush and Hernandez;2024-12-15;Bar;former;148.0;room;Mercado de Fruta
447;836;2020-03-14;4032;Palmer, Hall and Mcintosh;2023-12-21;Writer;tell;;;Mercado de Legumes
407;942;2022-05-14;3713;Ford, Spencer and Copeland;2021-10-25;Bill;reason;;;Mercado de Flores
465;719;2023-10-29;1423;Smith-King;2025-09-06;Contain;memory;;;Mercado de Legumes
23;53;2025-08-19;2762;Price-Scott;2023-05-17;Special;be;;;Mercado de Legumes
86;441;2021-05-25;4480;Frederick, Kelly and Willis;2023-11-24;Serious;above;;;Mercado de Flores
149;968;2021-04-03;3223;Sawyer LLC;2026-01-27;Responsibility;read;;;Mercado de Legumes
371;40;2022-06-27;2080;Wells, Jenkins and Martin;2025-08-30;Realize;table;;;Mercado de Fruta
82;594;2022-01-21;4364;Perez PLC;2022-08-24;Sure;fight;;;Mercado de Flores
400;719;2020-01-06;480;Davis Group;2024-10-27;Contain;memory;13.0;coach;Mercado de Legumes
313;491;2025-06-13;3362;Stout-Rodgers;2022-09-19;Point;place;92.0;why;Mercado de Legumes
178;987;2020-04-16;3424;Hernandez, Lewis and Shields;2025-07-25;Bit;success;97.0;pay;Mercado de Flores
187;349;2024-01-16;3997;Hanson, White and Jackson;2024-06-25;Hour;think;;;Mercado de Fruta
454;502;2024-08-14;1979;Gonzales-Gonzales;2022-11-22;Life;knowledge;;;Mercado de Fruta
342;773;2020-11-24;1229;Hernandez-King;2022-04-10;Personal;sea;;;Mercado de Legumes
285;693;2024-10-21;476;English-Williams;2023-09-29;Entire;personal;;;Mercado de Flores
268;115;2025-09-27;4002;Taylor Inc;2022-03-26;Current;describe;;;Mercado de Fruta
332;578;2023-09-02;2626;Dixon and Sons;2022-12-29;Sister;party;;;Mercado de Legumes
137;960;2025-06-15;4063;Gray, Kim and Doyle;2023-09-10;Seem;west;;;Mercado de Flores
235;286;2020-12-26;2705;Walker-Garcia;2025-06-30;Campaign;mind;166.0;suffer;Mercado de Fruta
363;392;2025-03-31;1780;Adams Group;2023-01-02;Democrat;everyone;27.0;college;Mercado de Legumes
363;392;2025-03-31;1780;Adams Group;2023-01-02;Democrat;everyone;170.0;clearly;Mercado de Legumes
164;103;2022-03-24;1331;Acevedo-Potts;2021-06-29;Sound;window;;;Mercado de Fruta
202;966;2021-12-27;2015;Thomas-Sanders;2025-02-12;Still;offer;;;Mercado de Flores
410;787;2025-04-28;3251;Clark Ltd;2021-04-02;Thank;guess;;;Mercado de Fruta
120;979;2024-11-13;3172;Mcdaniel-Garza;2022-08-16;Any;system;;;Mercado de Fruta
165;980;2022-04-29;1698;Williams, Griffith and Craig;2025-01-08;If;meet;39.0;away;Mercado de Legumes
248;990;2021-05-09;2251;Reese, Flores and Wright;2025-04-24;Condition;region;;;Mercado de Flores
24;845;2023-10-13;3774;Yates Ltd;2021-10-02;Challenge;performance;64.0;away;Mercado de Legumes
286;957;2025-11-30;3474;James PLC;2024-11-09;Glass;especially;;;Mercado de Flores
402;321;2021-08-15;2110;Miller-Wagner;2023-04-08;Financial;detail;;;Mercado de Flores
216;159;2022-10-04;422;Kirk LLC;2025-02-16;Newspaper;herself;74.0;employee;Mercado de Flores
244;437;2023-05-05;1162;Perez Ltd;2024-11-05;Care;score;;;Mercado de Legumes
161;578;2022-11-23;2028;Mays-Harmon;2022-10-23;Sister;party;;;Mercado de Legumes
478;616;2025-03-26;3692;Vaughan, Tucker and Jackson;2023-05-14;Side;drive;;;Mercado de Fruta
242;855;2023-05-20;1296;Bishop, Acosta and Obrien;2022-08-25;Matter;marriage;;;Mercado de Flores
401;783;2022-05-30;169;Bell, Nelson and Walker;2026-01-20;Certain;office;;;Mercado de Flores
105;734;2021-11-17;1055;Mccall and Sons;2022-01-20;Win;prevent;5.0;meet;Mercado de Legumes
105;734;2021-11-17;1055;Mccall and Sons;2022-01-20;Win;prevent;187.0;coach;Mercado de Legumes
339;706;2023-03-20;4884;Hill, Dalton and Bolton;2021-10-09;Yourself;high;77.0;property;Mercado de Fruta
262;237;2021-08-01;1694;Williams and Sons;2023-12-20;Street;check;;;Mercado de Flores
224;526;2023-05-21;820;Coleman-Green;2021-04-06;Other;memory;137.0;mission;Mercado de Fruta
297;479;2023-03-01;3375;Martin-Stuart;2023-04-09;Floor;organization;;;Mercado de Legumes
18;486;2023-08-02;2159;Ford-Garrett;2025-06-05;Player;plant;;;Mercado de Flores
442;552;2024-10-20;4816;Savage Ltd;2025-04-01;Choose;natural;;;Mercado de Flores
163;950;2024-03-04;4019;Rogers and Sons;2024-04-13;Entire;level;;;Mercado de Legumes
363;492;2025-06-03;2573;Adams Group;2023-01-02;Against;hold;27.0;college;Mercado de Flores
363;492;2025-06-03;2573;Adams Group;2023-01-02;Against;hold;170.0;clearly;Mercado de Flores
68;287;2023-01-30;3261;Howard-Olson;2023-03-02;Find;discussion;;;Mercado de Legumes
394;795;2025-02-03;2088;Mcgee-Ramirez;2024-11-29;Hotel;standard;;;Mercado de Flores
497;257;2024-09-10;3143;Bowers-Townsend;2022-08-31;If;participant;;;Mercado de Legumes
355;874;2020-03-25;1903;Snyder-Kane;2024-09-28;Win;enjoy;;;Mercado de Fruta
23;172;2024-03-18;1272;Price-Scott;2023-05-17;Early;pretty;;;Mercado de Fruta
333;106;2022-06-10;930;Robinson, Riddle and Reese;2024-10-16;Happen;blood;;;Mercado de Fruta
414;558;2023-11-19;4473;Nguyen-Becker;2023-04-12;Suddenly;analysis;;;Mercado de Flores
178;649;2020-02-01;3952;Hernandez, Lewis and Shields;2025-07-25;Arm;memory;97.0;pay;Mercado de Fruta
313;713;2023-07-18;3575;Stout-Rodgers;2022-09-19;Send;thought;92.0;why;Mercado de Legumes
33;563;2025-11-20;3659;Sims, Meza and Haynes;2021-09-04;Door;pay;;;Mercado de Legumes
33;354;2020-08-29;4122;Sims, Meza and Haynes;2021-09-04;Another;collection;;;Mercado de Flores
333;389;2023-12-17;2863;Robinson, Riddle and Reese;2024-10-16;Town;tend;;;Mercado de Legumes
467;18;2021-09-16;3802;Wilson PLC;2021-12-24;Large;skill;;;Mercado de Flores
169;162;2024-09-20;1554;Hall Inc;2025-03-03;Enjoy;per;;;Mercado de Flores
287;390;2026-01-20;4175;Bailey, Bush and Hernandez;2024-12-15;Meeting;language;148.0;room;Mercado de Flores
173;517;2023-04-23;2552;Roberts, Nichols and Simon;2023-07-04;Which;ago;;;Mercado de Fruta
113;705;2020-12-22;4146;Beasley and Sons;2022-12-28;Size;whole;;;Mercado de Flores
180;658;2022-05-20;4839;Tran-Huynh;2021-10-01;Able;last;3.0;teach;Mercado de Fruta
392;172;2023-05-06;708;Nelson-Donaldson;2024-05-14;Early;pretty;107.0;sense;Mercado de Fruta
148;370;2022-11-06;2864;Hicks, Smith and Watson;2026-01-22;Nice;adult;18.0;turn;Mercado de Fruta
142;563;2024-02-04;607;Guzman Inc;2024-04-08;Door;pay;2.0;beyond;Mercado de Legumes
139;983;2020-03-05;4754;Ramirez, Powell and Chen;2025-10-04;Realize;doctor;81.0;majority;Mercado de Legumes
476;445;2022-06-10;4557;Johnson-Curtis;2021-06-10;Like;parent;36.0;dream;Mercado de Fruta
213;620;2021-03-12;175;Gonzalez-George;2021-03-23;Simply;without;11.0;off;Mercado de Legumes
110;599;2024-12-08;4053;Price Inc;2025-10-27;Friend;along;121.0;what;Mercado de Legumes
476;807;2020-07-01;379;Johnson-Curtis;2021-06-10;To;nice;36.0;dream;Mercado de Flores
159;31;2025-12-23;3902;Johnson, Long and Benson;2022-06-05;Security;marriage;;;Mercado de Fruta
346;220;2024-08-19;703;Paul, Stewart and Pierce;2024-08-13;Plan;case;44.0;house;Mercado de Fruta
425;396;2025-12-05;554;Sims PLC;2023-09-28;Drug;let;58.0;different;Mercado de Flores
425;396;2025-12-05;554;Sims PLC;2023-09-28;Drug;let;193.0;exactly;Mercado de Flores
425;396;2025-12-05;554;Sims PLC;2023-09-28;Drug;let;196.0;personal;Mercado de Flores
21;65;2022-10-16;1425;Williams, Martinez and Gentry;2021-03-07;Unit;day;;;Mercado de Legumes
266;739;2020-03-24;4452;Carney-Gomez;2023-01-17;Somebody;Mrs;91.0;serious;Mercado de Fruta
8;230;2022-04-01;237;Garcia-Lawson;2024-11-18;Theory;study;;;Mercado de Legumes
127;246;2021-06-25;2992;Hill PLC;2025-05-30;Somebody;thought;73.0;Congress;Mercado de Flores
43;472;2021-04-01;772;Hubbard-Morgan;2026-01-13;Different;deep;120.0;once;Mercado de Fruta
110;357;2021-06-09;145;Price Inc;2025-10-27;One;his;121.0;what;Mercado de Flores
361;156;2021-01-12;300;Martinez Ltd;2023-11-22;Only;soon;80.0;by;Mercado de Flores
152;63;2023-11-30;3663;Schultz-Glass;2023-06-16;Paper;street;118.0;western;Mercado de Flores
460;71;2024-06-07;3448;Davenport-Cook;2021-03-09;Hundred;rather;;;Mercado de Legumes
321;247;2024-10-17;1146;Frost-Wolfe;2023-12-28;Nice;although;;;Mercado de Fruta
55;755;2023-07-27;762;Hill, Allen and Rodriguez;2022-07-31;World;whose;114.0;ability;Mercado de Legumes
104;281;2024-07-12;1285;Mosley, Petty and Davis;2026-01-02;Voice;democratic;;;Mercado de Legumes
23;502;2025-11-11;3297;Price-Scott;2023-05-17;Life;knowledge;;;Mercado de Fruta
432;418;2020-07-29;1571;Wright Group;2021-03-18;May;tend;;;Mercado de Fruta
242;966;2024-05-07;2755;Bishop, Acosta and Obrien;2022-08-25;Still;offer;;;Mercado de Flores
402;553;2024-11-09;3844;Miller-Wagner;2023-04-08;Pick;member;;;Mercado de Fruta
188;906;2024-06-28;3886;Davis, Cortez and Young;2022-03-06;Expect;else;133.0;assume;Mercado de Flores
188;906;2024-06-28;3886;Davis, Cortez and Young;2022-03-06;Expect;else;135.0;support;Mercado de Flores
153;682;2024-10-16;3906;Wilson, Spears and Mitchell;2025-04-21;Wrong;organization;79.0;image;Mercado de Fruta
232;89;2020-05-17;3583;Stephenson Group;2025-12-12;A;continue;;;Mercado de Legumes
90;174;2025-02-20;761;Mitchell-Fisher;2024-12-19;Culture;back;109.0;term;Mercado de Flores
467;111;2020-05-20;901;Wilson PLC;2021-12-24;Season;behind;;;Mercado de Flores
65;498;2024-09-19;3642;Serrano-Hoover;2024-05-14;Boy;though;144.0;total;Mercado de Flores
96;411;2020-06-09;2951;Sosa, Newton and Anderson;2022-05-18;Establish;author;;;Mercado de Flores
306;195;2020-09-15;1496;Jenkins LLC;2022-02-24;Line;charge;;;Mercado de Flores
291;115;2025-06-15;2050;Hernandez LLC;2025-09-01;Current;describe;;;Mercado de Fruta
339;17;2021-02-20;4395;Hill, Dalton and Bolton;2021-10-09;Rise;out;77.0;property;Mercado de Legumes
166;3;2024-11-18;4694;Savage-Martin;2025-07-07;Development;approach;;;Mercado de Flores
159;792;2023-03-28;2631;Johnson, Long and Benson;2022-06-05;Eight;leg;;;Mercado de Flores
433;900;2023-06-02;4894;Ballard-Orozco;2024-02-08;Something;message;136.0;of;Mercado de Flores
39;244;2026-01-13;2962;Yu-Ramirez;2025-09-02;School;write;21.0;party;Mercado de Fruta
268;181;2021-10-14;4473;Taylor Inc;2022-03-26;She;our;;;Mercado de Fruta
494;835;2025-02-19;1150;Rasmussen Group;2023-04-05;Worker;near;;;Mercado de Fruta
308;261;2024-03-15;3839;Jones, Harrington and Herrera;2024-03-21;Report;matter;;;Mercado de Flores
287;698;2023-04-29;1708;Bailey, Bush and Hernandez;2024-12-15;Age;him;148.0;room;Mercado de Legumes
147;829;2024-06-26;3895;Hess-Dickson;2022-09-18;Fall;outside;119.0;force;Mercado de Fruta
95;400;2022-10-25;207;Woods and Sons;2022-04-09;Season;whatever;32.0;follow;Mercado de Fruta
494;142;2022-05-05;2464;Rasmussen Group;2023-04-05;Different;position;;;Mercado de Fruta
119;725;2021-05-30;2502;Shelton, Odonnell and Williams;2022-11-17;Since;reduce;;;Mercado de Legumes
283;526;2023-11-23;2049;Nguyen-Patterson;2023-01-09;Other;memory;;;Mercado de Fruta
100;472;2022-01-17;1664;Brown PLC;2025-07-17;Different;deep;;;Mercado de Fruta
47;394;2020-08-09;2625;Benjamin-Reed;2024-09-25;Information;analysis;;;Mercado de Fruta
449;2;2025-01-20;1057;Price-Mckay;2023-01-29;Not;interesting;;;Mercado de Legumes
12;525;2023-10-22;1032;Bradley LLC;2024-08-05;Writer;way;;;Mercado de Flores
498;182;2020-04-17;714;Walker-Kirk;2024-03-19;Management;pattern;;;Mercado de Legumes
278;480;2020-01-15;2110;Morrow-Compton;2025-06-19;Actually;various;90.0;star;Mercado de Flores
353;978;2024-03-31;4727;Jones-Rollins;2024-02-10;Western;artist;;;Mercado de Flores
228;719;2020-04-11;254;Butler PLC;2021-05-21;Contain;memory;;;Mercado de Legumes
44;24;2025-02-15;2134;Johnson, Hooper and Norton;2022-03-04;Adult;alone;;;Mercado de Flores
452;854;2025-07-31;1937;Sims LLC;2025-12-16;Somebody;once;;;Mercado de Legumes
50;615;2021-06-15;2090;Maldonado and Sons;2021-06-01;Speech;training;;;Mercado de Flores
153;467;2020-09-01;100;Wilson, Spears and Mitchell;2025-04-21;Focus;democratic;79.0;image;Mercado de Legumes
164;502;2021-11-25;2223;Acevedo-Potts;2021-06-29;Life;knowledge;;;Mercado de Fruta
232;692;2022-01-02;2020;Stephenson Group;2025-12-12;Fact;finally;;;Mercado de Legumes
331;485;2023-01-21;3205;Lawrence Inc;2023-06-02;However;debate;149.0;service;Mercado de Legumes
309;426;2026-01-20;3706;Maldonado-Macias;2021-03-27;Fly;commercial;;;Mercado de Flores
128;182;2021-10-28;2934;Butler-Washington;2021-05-01;Management;pattern;;;Mercado de Legumes
325;56;2020-04-25;3787;Barrett Group;2022-12-07;Forward;note;;;Mercado de Legumes
499;170;2020-07-25;4530;Jacobs, Johnson and Clark;2022-01-05;Argue;reality;9.0;piece;Mercado de Legumes
499;170;2020-07-25;4530;Jacobs, Johnson and Clark;2022-01-05;Argue;reality;43.0;here;Mercado de Legumes
446;959;2024-08-16;1261;Duffy-Molina;2022-11-01;Already;attack;93.0;paper;Mercado de Legumes
358;971;2021-12-27;1267;Mccormick and Sons;2023-11-06;Education;play;24.0;during;Mercado de Legumes
358;971;2021-12-27;1267;Mccormick and Sons;2023-11-06;Education;play;138.0;democratic;Mercado de Legumes
289;280;2021-12-08;1389;Spencer-Carter;2026-01-20;Stock;civil;;;Mercado de Fruta
477;857;2021-08-25;2882;Jenkins-Butler;2023-02-09;Painting;so;;;Mercado de Legumes
19;460;2025-02-08;734;Taylor Group;2023-12-11;Across;others;;;Mercado de Fruta
56;68;2025-02-16;1824;Wheeler-Blackburn;2025-06-13;Article;they;1.0;move;Mercado de Legumes
56;68;2025-02-16;1824;Wheeler-Blackburn;2025-06-13;Article;they;132.0;sort;Mercado de Legumes
192;440;2023-11-15;3002;Bowman Ltd;2023-10-30;Each;later;;;Mercado de Legumes
348;572;2024-04-25;4611;Lyons-Mccoy;2021-09-26;Player;million;76.0;involve;Mercado de Legumes
421;323;2025-01-20;252;Martin LLC;2023-10-20;Area;record;;;Mercado de Legumes
238;728;2024-12-10;3149;Whitney, Kim and Moore;2025-02-23;Thousand;difference;;;Mercado de Legumes
201;93;2021-08-28;3843;Swanson Group;2022-06-11;Nearly;whom;195.0;state;Mercado de Flores
464;852;2023-08-17;1697;Morris Ltd;2021-10-01;Off;another;;;Mercado de Flores
409;800;2022-06-24;1634;Long Ltd;2024-03-21;Account;whom;;;Mercado de Legumes
439;542;2023-10-01;4367;Lopez, Jimenez and Miller;2024-03-06;School;itself;;;Mercado de Legumes
214;14;2020-05-15;1426;Weaver LLC;2023-05-04;Image;leg;;;Mercado de Legumes
497;324;2020-10-21;3738;Bowers-Townsend;2022-08-31;Reach;upon;;;Mercado de Flores
329;341;2020-08-18;652;Miller LLC;2023-07-20;Director;always;35.0;mean;Mercado de Legumes
14;207;2023-10-18;3289;Harrison-Moore;2024-09-28;Pass;ask;;;Mercado de Flores
304;985;2021-05-03;4918;Welch Ltd;2022-10-24;Industry;do;190.0;give;Mercado de Fruta
364;443;2024-08-09;951;Boyd-Sexton;2024-06-11;Several;hand;;;Mercado de Legumes
116;843;2022-02-17;2531;Williams, Anderson and Lopez;2025-02-13;Woman;century;28.0;difference;Mercado de Flores
375;251;2021-07-07;4034;Dixon-Williams;2021-07-20;Create;media;;;Mercado de Legumes
201;634;2020-03-18;3146;Swanson Group;2022-06-11;Feeling;near;195.0;state;Mercado de Fruta
284;386;2025-07-05;2580;Wilson, Nixon and Sanchez;2022-10-14;Must;usually;;;Mercado de Legumes
45;924;2022-02-16;2170;Carney-Walker;2023-06-05;Know;something;;;Mercado de Flores
119;651;2024-09-28;478;Shelton, Odonnell and Williams;2022-11-17;Street;recently;;;Mercado de Flores
262;101;2024-05-25;145;Williams and Sons;2023-12-20;Include;happen;;;Mercado de Legumes
297;631;2021-03-22;1931;Martin-Stuart;2023-04-09;Product;audience;;;Mercado de Fruta
364;834;2020-07-12;1239;Boyd-Sexton;2024-06-11;Interesting;unit;;;Mercado de Flores
272;434;2025-08-19;3069;Barrett PLC;2022-06-07;Energy;marriage;;;Mercado de Legumes
325;62;2021-05-07;3755;Barrett Group;2022-12-07;Present;girl;;;Mercado de Legumes
205;3;2024-04-21;1932;Turner-Cook;2023-12-03;Development;approach;;;Mercado de Flores
194;311;2023-07-12;446;Bowen and Sons;2022-07-29;Today;organization;;;Mercado de Legumes
287;346;2023-10-30;4182;Bailey, Bush and Hernandez;2024-12-15;Wrong;task;148.0;room;Mercado de Fruta
487;409;2021-01-18;3983;Martin, Mosley and York;2022-04-29;Baby;model;;;Mercado de Fruta
293;100;2021-06-16;3992;Tyler LLC;2025-11-18;Stuff;physical;;;Mercado de Fruta
20;472;2022-10-09;1395;Wilkerson PLC;2021-05-09;Different;deep;116.0;explain;Mercado de Fruta
266;796;2021-11-17;2607;Carney-Gomez;2023-01-17;Prevent;evidence;91.0;serious;Mercado de Fruta
470;652;2022-06-07;289;Ray, Hall and Graves;2024-05-10;Thought;provide;;;Mercado de Fruta
411;138;2023-08-28;2342;Howard-Gomez;2021-12-18;Ten;role;62.0;care;Mercado de Flores
123;622;2021-11-12;1652;Rivas LLC;2024-11-01;Reflect;position;54.0;million;Mercado de Fruta
123;622;2021-11-12;1652;Rivas LLC;2024-11-01;Reflect;position;108.0;office;Mercado de Fruta
284;432;2025-07-10;2800;Wilson, Nixon and Sanchez;2022-10-14;Soldier;decade;;;Mercado de Flores
180;6;2022-12-04;3966;Tran-Huynh;2021-10-01;Response;shoulder;3.0;teach;Mercado de Flores
445;197;2022-10-13;4883;Rodriguez LLC;2023-11-14;Address;offer;;;Mercado de Legumes
444;883;2022-07-26;758;Mack-Castillo;2024-04-27;Five;future;;;Mercado de Fruta
394;848;2023-04-12;3497;Mcgee-Ramirez;2024-11-29;Focus;very;;;Mercado de Legumes
455;292;2020-07-13;4156;Giles, Lewis and Sampson;2021-08-24;Wide;event;;;Mercado de Fruta
223;367;2020-12-17;3778;Wilcox, Johnson and Dunlap;2025-04-12;Street;outside;17.0;character;Mercado de Fruta
63;354;2023-04-16;3621;Castro, Sherman and Flores;2025-12-01;Another;collection;;;Mercado de Flores
334;35;2023-03-15;4829;Hernandez-Mason;2024-04-05;Shake;most;140.0;ok;Mercado de Legumes
274;436;2023-12-07;1654;Sosa Group;2026-01-19;Today;impact;;;Mercado de Fruta
276;694;2022-05-10;4546;Spencer PLC;2025-06-17;Again;nature;;;Mercado de Fruta
358;40;2021-03-26;3785;Mccormick and Sons;2023-11-06;Realize;table;24.0;during;Mercado de Fruta
358;40;2021-03-26;3785;Mccormick and Sons;2023-11-06;Realize;table;138.0;democratic;Mercado de Fruta
17;630;2020-12-11;4598;Roberts LLC;2023-12-21;Give;generation;185.0;truth;Mercado de Flores
315;24;2024-06-20;2943;Garcia, Campbell and Powell;2023-02-17;Adult;alone;;;Mercado de Flores
486;24;2023-08-06;2793;Stewart Inc;2024-10-25;Adult;alone;180.0;party;Mercado de Flores
112;669;2023-04-22;4857;Colon, King and Evans;2022-10-21;Represent;election;;;Mercado de Flores
120;810;2025-02-11;1022;Mcdaniel-Garza;2022-08-16;Music;expect;;;Mercado de Flores
441;415;2025-12-29;4083;Mclaughlin, Hernandez and Fitzpatrick;2025-05-27;Recent;over;;;Mercado de Fruta
330;672;2024-08-27;1234;Robinson LLC;2022-07-27;Total;hold;;;Mercado de Flores
349;604;2023-09-25;4353;Wise-Perry;2021-04-04;Small;which;;;Mercado de Fruta
124;379;2025-03-28;3342;Baker Inc;2021-05-29;Somebody;born;72.0;language;Mercado de Fruta
375;231;2026-01-06;3935;Dixon-Williams;2021-07-20;Memory;wide;;;Mercado de Flores
149;521;2025-01-05;3357;Sawyer LLC;2026-01-27;Carry;several;;;Mercado de Legumes
438;234;2020-10-14;1851;Reed, Vega and Ho;2022-04-05;Edge;woman;42.0;seem;Mercado de Flores
500;768;2023-11-05;2841;Johnson-Anderson;2024-01-02;Drive;audience;;;Mercado de Flores
287;238;2020-08-23;4558;Bailey, Bush and Hernandez;2024-12-15;Draw;let;148.0;room;Mercado de Fruta
366;469;2021-05-24;1961;Martinez-West;2024-04-10;Throughout;north;125.0;add;Mercado de Fruta
176;302;2022-03-31;4421;Schaefer-Brooks;2021-04-09;Poor;responsibility;;;Mercado de Legumes
100;778;2020-09-13;1848;Brown PLC;2025-07-17;Stuff;despite;;;Mercado de Fruta
325;622;2024-10-30;4098;Barrett Group;2022-12-07;Reflect;position;;;Mercado de Fruta
410;637;2024-11-15;2117;Clark Ltd;2021-04-02;Well;determine;;;Mercado de Fruta
217;633;2023-10-18;3042;Moore, Guzman and Moore;2022-12-25;Action;its;;;Mercado de Flores
470;258;2025-11-23;1142;Ray, Hall and Graves;2024-05-10;Amount;lawyer;;;Mercado de Flores
440;722;2025-04-26;1971;Johnson, Smith and Reed;2024-11-14;Executive;training;159.0;talk;Mercado de Legumes
317;46;2024-10-06;4452;Snyder and Sons;2021-07-03;Sport;identify;;;Mercado de Fruta
377;792;2024-08-04;314;Humphrey-Hancock;2023-12-16;Eight;leg;;;Mercado de Flores
479;58;2021-12-23;2842;Reynolds, Christian and Lopez;2021-07-19;Animal;occur;;;Mercado de Fruta
41;282;2024-04-09;719;Stephenson-Lee;2025-10-15;Notice;peace;;;Mercado de Flores
66;362;2022-12-18;4399;Lara, Baker and Young;2025-09-16;Arm;present;182.0;current;Mercado de Legumes
148;413;2020-09-29;4658;Hicks, Smith and Watson;2026-01-22;Really;traditional;18.0;turn;Mercado de Legumes
204;599;2025-12-05;875;Flynn-Knight;2023-08-04;Friend;along;;;Mercado de Legumes
485;361;2024-10-14;731;Allen and Sons;2023-06-18;Growth;pull;;;Mercado de Fruta
150;854;2021-09-17;2559;Zhang, Arnold and Richmond;2021-11-15;Somebody;once;;;Mercado de Legumes
402;265;2024-10-28;1141;Miller-Wagner;2023-04-08;Town;play;;;Mercado de Fruta
98;367;2021-12-22;4622;Riley, Dunn and Mccarty;2024-07-30;Street;outside;;;Mercado de Fruta
357;404;2023-01-10;3140;Curry, Luna and White;2023-03-17;He;read;;;Mercado de Legumes
37;799;2025-04-27;1377;Meyer-Kim;2022-04-17;List;perform;40.0;do;Mercado de Fruta
17;911;2020-05-12;1140;Roberts LLC;2023-12-21;Form;any;185.0;truth;Mercado de Legumes
318;145;2024-01-06;3569;Gutierrez, Cisneros and Phillips;2021-07-28;Deal;all;;;Mercado de Fruta
211;890;2025-09-23;931;Robinson LLC;2022-02-07;Expect;thousand;153.0;thus;Mercado de Legumes
365;539;2025-07-11;2757;Cantu, Palmer and Thomas;2025-01-03;Whom;what;;;Mercado de Legumes
249;770;2022-12-20;622;Dunlap, Cabrera and Thompson;2021-04-23;Quite;end;;;Mercado de Legumes
225;861;2020-01-04;3570;Bradley-Phillips;2021-10-31;House;third;;;Mercado de Flores
388;366;2022-06-26;583;Gutierrez-Wright;2025-12-14;Above;manage;;;Mercado de Flores
224;282;2022-03-29;1518;Coleman-Green;2021-04-06;Notice;peace;137.0;mission;Mercado de Flores
203;123;2021-07-25;926;Roberts LLC;2024-09-29;Morning;box;;;Mercado de Flores
215;712;2020-01-03;4110;Jimenez-Gates;2022-10-05;Industry;purpose;;;Mercado de Fruta
37;810;2023-05-31;3981;Meyer-Kim;2022-04-17;Music;expect;40.0;do;Mercado de Flores
406;357;2024-03-23;4585;Rodriguez-Spencer;2022-05-20;One;his;;;Mercado de Flores
299;346;2021-04-14;1445;Booker PLC;2025-08-17;Wrong;task;;;Mercado de Fruta
88;439;2020-01-01;1768;Brewer Ltd;2023-01-19;Weight;clear;;;Mercado de Fruta
7;774;2023-08-03;4871;Davis, Armstrong and Brown;2023-02-05;Miss;chair;;;Mercado de Flores
168;995;2021-10-12;1709;Martinez and Sons;2023-10-25;Skin;hundred;4.0;along;Mercado de Legumes
312;816;2023-11-10;1956;Roberts, Sanchez and Cook;2021-10-18;Interest;standard;;;Mercado de Flores
277;875;2025-04-24;3839;Bennett Group;2021-03-31;Bit;may;;;Mercado de Legumes
245;235;2023-07-14;2051;Guzman-Cole;2024-11-20;Deal;go;56.0;design;Mercado de Fruta
336;24;2021-06-01;1719;Michael and Sons;2022-10-12;Adult;alone;;;Mercado de Flores
280;359;2026-01-21;2463;Fitzgerald, Good and Curtis;2021-09-14;Market;sister;68.0;glass;Mercado de Legumes
280;359;2026-01-21;2463;Fitzgerald, Good and Curtis;2021-09-14;Market;sister;186.0;ball;Mercado de Legumes
422;290;2026-01-15;766;Wright, Dickerson and Mcdonald;2023-02-13;Education;share;162.0;management;Mercado de Legumes
43;801;2024-06-02;2501;Hubbard-Morgan;2026-01-13;Special;the;120.0;once;Mercado de Flores
328;876;2023-07-01;2390;Lee, Figueroa and Silva;2023-01-06;End;table;;;Mercado de Flores
29;220;2023-04-21;2904;Mills Group;2024-12-01;Plan;case;37.0;sister;Mercado de Fruta
29;220;2023-04-21;2904;Mills Group;2024-12-01;Plan;case;174.0;might;Mercado de Fruta
268;401;2021-12-06;2021;Taylor Inc;2022-03-26;Admit;politics;;;Mercado de Legumes
282;447;2023-07-07;1864;Wilson LLC;2025-01-17;Front;population;130.0;billion;Mercado de Flores
282;447;2023-07-07;1864;Wilson LLC;2025-01-17;Front;population;167.0;wonder;Mercado de Flores
446;695;2025-09-01;1006;Duffy-Molina;2022-11-01;Local;weight;93.0;paper;Mercado de Legumes
395;785;2025-11-10;3770;Santana-Ray;2022-09-09;Four;his;;;Mercado de Legumes
450;731;2024-09-03;2752;Calderon, May and Davis;2023-01-09;By;finally;171.0;wait;Mercado de Legumes
15;795;2022-06-18;2929;Jackson, Miller and Chang;2024-05-13;Hotel;standard;;;Mercado de Flores
229;757;2022-03-14;1825;Johnson, Sanders and Lam;2021-09-13;Theory;make;;;Mercado de Fruta
349;163;2022-12-16;4936;Wise-Perry;2021-04-04;Them;adult;;;Mercado de Fruta
249;991;2020-04-24;4815;Dunlap, Cabrera and Thompson;2021-04-23;Meeting;trial;;;Mercado de Fruta
16;630;2024-05-30;1218;Barber, Dominguez and Smith;2024-03-10;Give;generation;122.0;any;Mercado de Flores
16;630;2024-05-30;1218;Barber, Dominguez and Smith;2024-03-10;Give;generation;160.0;meet;Mercado de Flores
16;630;2024-05-30;1218;Barber, Dominguez and Smith;2024-03-10;Give;generation;192.0;single;Mercado de Flores
395;7;2022-10-18;1710;Santana-Ray;2022-09-09;Civil;career;;;Mercado de Fruta
72;840;2024-07-17;1355;Crane-Torres;2022-06-18;Population;bill;86.0;school;Mercado de Flores
490;315;2023-04-07;683;Pruitt-Young;2021-04-13;Attorney;financial;;;Mercado de Flores
462;522;2022-01-06;2682;Hansen-Lewis;2024-07-07;Which;whatever;;;Mercado de Flores
236;171;2025-08-04;1876;Butler, Williams and Hoffman;2023-04-13;Style;bill;;;Mercado de Flores
48;435;2021-05-05;3369;Munoz Ltd;2021-03-17;Already;run;;;Mercado de Flores
374;668;2023-07-24;2299;Park-Curry;2021-09-16;Assume;argue;;;Mercado de Legumes
258;427;2020-10-06;2369;Sims, Miller and Chavez;2021-06-01;Task;education;;;Mercado de Fruta
159;244;2022-07-14;3296;Johnson, Long and Benson;2022-06-05;School;write;;;Mercado de Fruta
282;782;2022-05-11;2717;Wilson LLC;2025-01-17;Media;or;130.0;billion;Mercado de Legumes
282;782;2022-05-11;2717;Wilson LLC;2025-01-17;Media;or;167.0;wonder;Mercado de Legumes
179;604;2024-10-24;3874;Bowman, Boyer and Smith;2025-03-16;Small;which;;;Mercado de Fruta
203;865;2024-09-20;2367;Roberts LLC;2024-09-29;Reveal;human;;;Mercado de Fruta
145;976;2021-12-17;2104;Weaver Ltd;2021-10-16;Network;almost;;;Mercado de Fruta
119;962;2022-11-01;2332;Shelton, Odonnell and Williams;2022-11-17;Reflect;write;;;Mercado de Legumes
499;167;2021-04-30;1286;Jacobs, Johnson and Clark;2022-01-05;Final;message;9.0;piece;Mercado de Legumes
499;167;2021-04-30;1286;Jacobs, Johnson and Clark;2022-01-05;Final;message;43.0;here;Mercado de Legumes
161;465;2024-04-01;2776;Mays-Harmon;2022-10-23;Perform;gun;;;Mercado de Flores
333;978;2022-10-29;1932;Robinson, Riddle and Reese;2024-10-16;Western;artist;;;Mercado de Flores
55;501;2023-11-24;2163;Hill, Allen and Rodriguez;2022-07-31;Offer;after;114.0;ability;Mercado de Flores
100;11;2025-06-24;3215;Brown PLC;2025-07-17;Cover;real;;;Mercado de Legumes
334;730;2024-12-11;3849;Hernandez-Mason;2024-04-05;Cut;safe;140.0;ok;Mercado de Fruta
156;538;2025-10-05;1682;Wilkinson, George and Turner;2024-05-22;Team;word;;;Mercado de Fruta
491;810;2025-03-22;284;Smith LLC;2025-01-19;Music;expect;156.0;hair;Mercado de Flores
491;810;2025-03-22;284;Smith LLC;2025-01-19;Music;expect;172.0;moment;Mercado de Flores
426;484;2022-04-30;3481;Johnson-Williams;2021-10-18;Want;down;82.0;marriage;Mercado de Fruta
410;591;2021-05-19;4916;Clark Ltd;2021-04-02;Article;interest;;;Mercado de Flores
415;517;2024-07-01;4227;Anderson, Yoder and Taylor;2021-08-26;Which;ago;60.0;thing;Mercado de Fruta
461;780;2022-06-13;4130;Smith-Stanley;2021-06-23;Charge;beyond;;;Mercado de Flores
171;786;2025-09-29;3490;Holt Ltd;2021-04-28;Season;base;57.0;seek;Mercado de Flores
248;196;2021-07-06;702;Reese, Flores and Wright;2025-04-24;Soldier;whatever;;;Mercado de Fruta
386;80;2020-12-03;280;Hayden-Ellis;2026-01-01;Focus;price;;;Mercado de Legumes
374;611;2021-11-22;1974;Park-Curry;2021-09-16;Career;rate;;;Mercado de Legumes
90;534;2022-08-03;1947;Mitchell-Fisher;2024-12-19;Baby;machine;109.0;term;Mercado de Flores
75;371;2020-01-14;4051;Conley LLC;2025-11-10;Price;material;;;Mercado de Legumes
88;10;2022-10-13;466;Brewer Ltd;2023-01-19;News;treat;;;Mercado de Fruta
168;965;2021-10-10;4096;Martinez and Sons;2023-10-25;Crime;simple;4.0;along;Mercado de Legumes
365;108;2024-02-15;777;Cantu, Palmer and Thomas;2025-01-03;Affect;amount;;;Mercado de Flores
202;83;2023-07-29;740;Thomas-Sanders;2025-02-12;Husband;sit;;;Mercado de Legumes
32;402;2021-01-04;4908;Arnold, Hernandez and Hines;2022-10-16;International;and;51.0;sense;Mercado de Flores
417;867;2020-10-08;1268;Wells Group;2026-01-14;Culture;turn;;;Mercado de Flores
477;669;2021-03-19;1468;Jenkins-Butler;2023-02-09;Represent;election;;;Mercado de Flores
191;742;2025-07-16;2118;Cross, Skinner and Hart;2022-12-01;Become;recognize;;;Mercado de Fruta
359;939;2022-06-03;1613;Thompson-Miller;2025-10-31;Herself;win;;;Mercado de Flores
44;485;2020-03-16;2887;Johnson, Hooper and Norton;2022-03-04;However;debate;;;Mercado de Legumes
430;847;2024-07-09;2347;Guerrero-Hernandez;2024-02-11;Physical;else;146.0;amount;Mercado de Fruta
62;782;2025-10-29;418;Dean Group;2023-04-26;Media;or;;;Mercado de Legumes
115;972;2020-12-05;921;Johnson, Brennan and Wright;2025-01-01;Necessary;member;183.0;feeling;Mercado de Flores
380;164;2022-10-03;2631;Hill, Brown and Clark;2023-05-13;Almost;describe;;;Mercado de Legumes
49;39;2020-09-09;1954;Black and Sons;2021-10-18;Hand;financial;;;Mercado de Flores
27;431;2023-09-21;4396;Mosley-Kim;2023-04-06;A;agent;;;Mercado de Legumes
78;588;2021-02-23;1272;Douglas and Sons;2025-06-07;Wear;region;;;Mercado de Flores
313;833;2021-01-06;605;Stout-Rodgers;2022-09-19;Each;even;92.0;why;Mercado de Legumes
28;169;2022-07-25;406;Hancock, Walker and Miller;2022-11-08;Light;scene;;;Mercado de Fruta
328;168;2022-02-26;3117;Lee, Figueroa and Silva;2023-01-06;Address;product;;;Mercado de Flores
492;394;2020-10-27;4724;Lyons, Gomez and Oconnor;2021-04-27;Information;analysis;;;Mercado de Fruta
124;993;2021-05-21;4167;Baker Inc;2021-05-29;Coach;report;72.0;language;Mercado de Flores
138;795;2023-12-02;1347;Lee-Keller;2023-10-06;Hotel;standard;117.0;staff;Mercado de Flores
284;384;2020-04-17;3033;Wilson, Nixon and Sanchez;2022-10-14;Sort;physical;;;Mercado de Flores
476;591;2021-12-04;283;Johnson-Curtis;2021-06-10;Article;interest;36.0;dream;Mercado de Flores
123;904;2025-12-22;3941;Rivas LLC;2024-11-01;Evening;cell;54.0;million;Mercado de Fruta
123;904;2025-12-22;3941;Rivas LLC;2024-11-01;Evening;cell;108.0;office;Mercado de Fruta
46;353;2022-07-14;114;Jones-Atkinson;2022-09-28;See;cover;;;Mercado de Legumes
212;148;2023-09-18;4280;Mckenzie Ltd;2023-12-02;Continue;by;;;Mercado de Fruta
358;292;2024-07-03;234;Mccormick and Sons;2023-11-06;Wide;event;24.0;during;Mercado de Fruta
358;292;2024-07-03;234;Mccormick and Sons;2023-11-06;Wide;event;138.0;democratic;Mercado de Fruta
183;478;2021-01-14;1650;Velez, Price and Cortez;2022-02-23;Able;through;;;Mercado de Fruta
114;667;2025-08-04;182;Powers, Friedman and Atkinson;2025-12-03;Best;phone;;;Mercado de Fruta
373;511;2021-03-11;4795;Martinez, Taylor and Howard;2025-04-04;Huge;partner;;;Mercado de Fruta
218;859;2021-09-05;3886;Olson Inc;2026-01-06;Room;PM;;;Mercado de Fruta
199;248;2025-05-16;3930;Hanson-Fleming;2025-09-15;Report;many;;;Mercado de Legumes
298;538;2021-05-28;2849;Benson-Travis;2022-07-13;Team;word;34.0;will;Mercado de Fruta
247;345;2021-02-13;1025;Rivera Group;2021-12-30;Light;owner;197.0;possible;Mercado de Flores
458;3;2020-01-23;1982;Long, Walker and Allison;2025-03-29;Development;approach;;;Mercado de Flores
105;438;2024-07-27;4971;Mccall and Sons;2022-01-20;Attack;have;5.0;meet;Mercado de Flores
105;438;2024-07-27;4971;Mccall and Sons;2022-01-20;Attack;have;187.0;coach;Mercado de Flores
239;232;2023-05-22;423;Garcia LLC;2025-07-11;Parent;cut;;;Mercado de Fruta
38;703;2024-03-10;1199;Moore LLC;2022-08-15;Her;better;;;Mercado de Fruta
500;444;2022-06-26;279;Johnson-Anderson;2024-01-02;Really;specific;;;Mercado de Flores
370;204;2023-10-10;2962;Welch Ltd;2021-10-25;Father;lawyer;;;Mercado de Flores
436;432;2022-07-05;2438;Henry, Krueger and Freeman;2021-09-19;Soldier;decade;;;Mercado de Flores
86;232;2024-11-06;4922;Frederick, Kelly and Willis;2023-11-24;Parent;cut;;;Mercado de Fruta
89;204;2020-11-29;762;Johns, Wolf and Osborne;2023-07-02;Father;lawyer;;;Mercado de Flores
452;498;2024-08-29;3427;Sims LLC;2025-12-16;Boy;though;;;Mercado de Flores
166;956;2023-10-31;4356;Savage-Martin;2025-07-07;Community;almost;;;Mercado de Legumes
146;241;2024-09-14;1689;Christian, Lee and Stewart;2024-07-08;True;summer;126.0;enter;Mercado de Fruta
414;158;2024-10-22;2607;Nguyen-Becker;2023-04-12;Two;health;;;Mercado de Legumes
498;37;2024-06-01;4140;Walker-Kirk;2024-03-19;My;various;;;Mercado de Fruta
42;514;2021-11-17;3747;Goodwin-Murphy;2023-05-27;Head;wife;;;Mercado de Fruta
438;658;2024-03-08;2237;Reed, Vega and Ho;2022-04-05;Able;last;42.0;seem;Mercado de Fruta
373;405;2021-02-05;1077;Martinez, Taylor and Howard;2025-04-04;Structure;wide;;;Mercado de Flores
109;187;2025-12-16;3779;Sanchez-Atkinson;2024-07-27;Cost;finally;;;Mercado de Fruta
148;827;2020-08-13;3105;Hicks, Smith and Watson;2026-01-22;Million;air;18.0;turn;Mercado de Legumes
216;543;2021-04-20;3933;Kirk LLC;2025-02-16;Pick;already;74.0;employee;Mercado de Flores
150;476;2025-03-05;3305;Zhang, Arnold and Richmond;2021-11-15;Money;project;;;Mercado de Legumes
285;25;2023-10-21;169;English-Williams;2023-09-29;The;magazine;;;Mercado de Fruta
59;730;2023-05-24;3022;Sullivan, Johnston and Rosales;2024-12-03;Cut;safe;;;Mercado de Fruta
315;518;2024-01-14;3166;Garcia, Campbell and Powell;2023-02-17;True;effort;;;Mercado de Legumes
256;307;2025-04-07;975;Martinez and Sons;2022-09-09;Traditional;appear;6.0;bar;Mercado de Fruta
230;283;2023-11-05;2189;Shelton Inc;2023-04-03;Commercial;seat;169.0;hot;Mercado de Fruta
440;281;2021-06-02;301;Johnson, Smith and Reed;2024-11-14;Voice;democratic;159.0;talk;Mercado de Legumes
468;266;2024-12-25;1760;Crawford, Barnes and Aguilar;2021-04-19;Speak;fill;;;Mercado de Legumes
276;691;2021-06-27;1585;Spencer PLC;2025-06-17;Outside;card;;;Mercado de Fruta
364;61;2022-12-28;4630;Boyd-Sexton;2024-06-11;Everybody;stay;;;Mercado de Fruta
414;263;2025-11-04;3123;Nguyen-Becker;2023-04-12;Wrong;image;;;Mercado de Legumes
354;996;2025-04-02;725;Martinez, Sanchez and Smith;2023-08-21;List;education;;;Mercado de Flores
143;502;2021-06-04;4754;Flores and Sons;2024-12-02;Life;knowledge;;;Mercado de Fruta
18;220;2022-01-30;2014;Ford-Garrett;2025-06-05;Plan;case;;;Mercado de Fruta
152;952;2021-09-09;4404;Schultz-Glass;2023-06-16;Religious;positive;118.0;western;Mercado de Fruta
21;9;2020-04-06;2108;Williams, Martinez and Gentry;2021-03-07;Dinner;thing;;;Mercado de Flores
236;114;2023-10-21;1237;Butler, Williams and Hoffman;2023-04-13;Plant;much;;;Mercado de Flores
409;532;2024-07-14;4393;Long Ltd;2024-03-21;Million;fall;;;Mercado de Fruta
55;669;2022-04-05;793;Hill, Allen and Rodriguez;2022-07-31;Represent;election;114.0;ability;Mercado de Flores
243;120;2022-06-14;1502;Jensen, Flores and Barnes;2021-07-05;Several;blue;;;Mercado de Flores
105;146;2020-03-28;4599;Mccall and Sons;2022-01-20;Direction;skin;5.0;meet;Mercado de Legumes
105;146;2020-03-28;4599;Mccall and Sons;2022-01-20;Direction;skin;187.0;coach;Mercado de Legumes
33;835;2022-08-29;1899;Sims, Meza and Haynes;2021-09-04;Worker;near;;;Mercado de Fruta
123;944;2021-02-17;4560;Rivas LLC;2024-11-01;Stay;detail;54.0;million;Mercado de Legumes
123;944;2021-02-17;4560;Rivas LLC;2024-11-01;Stay;detail;108.0;office;Mercado de Legumes
319;702;2022-05-09;1079;Lee-White;2022-01-14;Cell;first;;;Mercado de Flores
175;875;2022-07-20;123;Alvarado, Cobb and Dillon;2023-09-19;Bit;may;85.0;over;Mercado de Legumes
322;865;2022-11-18;238;Elliott Group;2024-07-27;Reveal;human;;;Mercado de Fruta
32;987;2025-06-28;1896;Arnold, Hernandez and Hines;2022-10-16;Bit;success;51.0;sense;Mercado de Flores
185;220;2024-01-01;789;Jennings PLC;2024-02-10;Plan;case;;;Mercado de Fruta
408;569;2023-04-23;3172;Wright-Jones;2022-01-26;Process;body;;;Mercado de Legumes
343;668;2024-05-05;2214;Stone, Romero and Walton;2022-02-19;Assume;argue;;;Mercado de Legumes
142;650;2020-07-10;1922;Guzman Inc;2024-04-08;Wait;single;2.0;beyond;Mercado de Legumes
421;270;2020-04-18;3211;Martin LLC;2023-10-20;Article;political;;;Mercado de Flores
149;564;2020-06-19;3912;Sawyer LLC;2026-01-27;Firm;majority;;;Mercado de Flores
228;69;2022-09-03;4644;Butler PLC;2021-05-21;True;stay;;;Mercado de Flores
250;144;2020-09-12;4316;Williams LLC;2024-05-24;Low;recently;;;Mercado de Flores
21;177;2022-12-21;188;Williams, Martinez and Gentry;2021-03-07;Sister;able;;;Mercado de Flores
498;191;2021-01-27;3314;Walker-Kirk;2024-03-19;Before;middle;;;Mercado de Legumes
92;966;2025-07-31;104;Perez-Robinson;2024-12-31;Still;offer;;;Mercado de Flores
235;614;2022-04-10;4442;Walker-Garcia;2025-06-30;Something;natural;166.0;suffer;Mercado de Legumes
325;958;2023-07-17;898;Barrett Group;2022-12-07;Property;store;;;Mercado de Fruta
265;462;2025-06-12;279;Baker-Wheeler;2021-11-02;Daughter;compare;;;Mercado de Flores
351;477;2025-04-18;1343;Curtis Inc;2024-10-01;Pay;sport;101.0;both;Mercado de Flores
89;546;2025-08-27;4073;Johns, Wolf and Osborne;2023-07-02;Cover;control;;;Mercado de Flores
174;159;2025-03-12;4997;Pope, Perez and Mcdonald;2024-06-19;Newspaper;herself;;;Mercado de Flores
251;453;2025-04-26;1949;Fernandez Inc;2021-07-16;Require;situation;59.0;western;Mercado de Flores
192;805;2023-05-04;2885;Bowman Ltd;2023-10-30;Six;entire;;;Mercado de Fruta
210;491;2025-07-24;953;Clark Ltd;2024-07-20;Point;place;19.0;perhaps;Mercado de Legumes
68;944;2023-04-28;2694;Howard-Olson;2023-03-02;Stay;detail;;;Mercado de Legumes
359;847;2025-12-28;453;Thompson-Miller;2025-10-31;Physical;else;;;Mercado de Fruta
230;614;2020-12-08;342;Shelton Inc;2023-04-03;Something;natural;169.0;hot;Mercado de Legumes
464;334;2023-12-06;220;Morris Ltd;2021-10-01;Tree;certain;;;Mercado de Fruta
365;113;2022-05-26;123;Cantu, Palmer and Thomas;2025-01-03;Itself;issue;;;Mercado de Legumes
474;765;2026-01-30;3877;Alvarez, Lee and Lopez;2021-04-28;Nor;can;127.0;through;Mercado de Flores
474;765;2026-01-30;3877;Alvarez, Lee and Lopez;2021-04-28;Nor;can;163.0;party;Mercado de Flores
406;358;2025-11-22;1817;Rodriguez-Spencer;2022-05-20;Suggest;too;;;Mercado de Fruta
394;848;2020-02-19;1869;Mcgee-Ramirez;2024-11-29;Focus;very;;;Mercado de Legumes
184;627;2020-08-12;660;Moore, Lopez and Santos;2021-12-10;Effort;effect;;;Mercado de Flores
97;685;2022-04-02;1261;Munoz-Lawson;2024-07-29;Ask;good;20.0;stay;Mercado de Fruta
97;685;2022-04-02;1261;Munoz-Lawson;2024-07-29;Ask;good;23.0;total;Mercado de Fruta
97;685;2022-04-02;1261;Munoz-Lawson;2024-07-29;Ask;good;26.0;identify;Mercado de Fruta
97;685;2022-04-02;1261;Munoz-Lawson;2024-07-29;Ask;good;150.0;join;Mercado de Fruta
97;685;2022-04-02;1261;Munoz-Lawson;2024-07-29;Ask;good;181.0;grow;Mercado de Fruta
27;943;2025-12-12;3577;Mosley-Kim;2023-04-06;Set;physical;;;Mercado de Fruta
390;739;2020-07-19;527;Lawrence, Gardner and Harris;2023-03-17;Somebody;Mrs;;;Mercado de Fruta
266;210;2025-05-08;1041;Carney-Gomez;2023-01-17;Low;feel;91.0;serious;Mercado de Flores
269;87;2021-03-14;3658;Garcia, Velasquez and James;2024-10-15;Early;my;;;Mercado de Flores
453;568;2024-03-18;533;Tran PLC;2023-10-18;Wonder;bag;88.0;inside;Mercado de Fruta
134;939;2022-04-26;4184;Riddle-Jones;2023-07-15;Herself;win;;;Mercado de Flores
281;90;2021-07-18;4317;Carlson-Landry;2025-12-17;Possible;sit;178.0;form;Mercado de Flores
211;972;2022-11-07;2350;Robinson LLC;2022-02-07;Necessary;member;153.0;thus;Mercado de Flores
72;831;2021-09-09;3906;Crane-Torres;2022-06-18;Yard;everyone;86.0;school;Mercado de Flores
72;841;2020-10-06;4905;Crane-Torres;2022-06-18;Relationship;site;86.0;school;Mercado de Fruta
169;487;2023-11-08;4075;Hall Inc;2025-03-03;Court;address;;;Mercado de Fruta
451;560;2024-03-23;1300;Clay, Rivera and Taylor;2025-12-13;Poor;those;;;Mercado de Legumes
449;790;2020-12-01;321;Price-Mckay;2023-01-29;Several;politics;;;Mercado de Fruta
51;417;2022-01-08;4070;Mueller-Herrera;2022-08-02;Agreement;girl;;;Mercado de Flores
450;335;2022-01-08;2197;Calderon, May and Davis;2023-01-09;Girl;serious;171.0;wait;Mercado de Legumes
138;754;2023-07-24;2137;Lee-Keller;2023-10-06;Professor;despite;117.0;staff;Mercado de Fruta
231;461;2025-04-24;2654;Griffin PLC;2021-03-20;Director;war;;;Mercado de Legumes
94;746;2022-06-18;3561;Boyd, Mcdaniel and Marsh;2022-05-03;Source;rather;16.0;thing;Mercado de Legumes
258;749;2021-01-03;3385;Sims, Miller and Chavez;2021-06-01;Practice;worker;;;Mercado de Legumes
12;215;2025-04-11;2395;Bradley LLC;2024-08-05;Whom;wear;;;Mercado de Legumes
289;341;2021-12-30;1375;Spencer-Carter;2026-01-20;Director;always;;;Mercado de Legumes
128;473;2020-08-24;2274;Butler-Washington;2021-05-01;Chair;choose;;;Mercado de Legumes
382;333;2026-01-12;2082;Buchanan-Marquez;2023-03-31;To;watch;;;Mercado de Flores
391;27;2024-12-07;3167;Travis PLC;2023-06-04;Republican;trouble;;;Mercado de Flores
473;642;2023-10-05;1622;Brock PLC;2024-01-10;Money;section;;;Mercado de Flores
31;770;2025-12-01;2792;Ball-Phillips;2025-10-21;Quite;end;;;Mercado de Legumes
147;470;2025-01-22;4776;Hess-Dickson;2022-09-18;Into;his;119.0;force;Mercado de Legumes
399;37;2025-08-24;4070;Scott Group;2021-11-11;My;various;84.0;page;Mercado de Fruta
95;60;2024-04-15;2386;Woods and Sons;2022-04-09;Accept;low;32.0;follow;Mercado de Flores
30;48;2020-10-06;706;Vargas, Santiago and Mcdonald;2024-10-25;Man;serious;;;Mercado de Flores
409;446;2023-12-03;4822;Long Ltd;2024-03-21;Painting;take;;;Mercado de Legumes
413;909;2023-01-14;4588;Shelton Inc;2024-03-19;Establish;almost;;;Mercado de Flores
116;177;2025-11-12;290;Williams, Anderson and Lopez;2025-02-13;Sister;able;28.0;difference;Mercado de Flores
306;157;2022-07-29;3852;Jenkins LLC;2022-02-24;Site;next;;;Mercado de Fruta
424;980;2020-07-13;1934;Lopez-Palmer;2024-08-05;If;meet;;;Mercado de Legumes
82;39;2021-06-11;2296;Perez PLC;2022-08-24;Hand;financial;;;Mercado de Flores
67;790;2020-04-23;512;Jones, Wolf and Smith;2022-08-07;Several;politics;;;Mercado de Fruta
128;730;2025-02-06;4141;Butler-Washington;2021-05-01;Cut;safe;;;Mercado de Fruta
439;429;2023-05-27;4029;Lopez, Jimenez and Miller;2024-03-06;Must;future;;;Mercado de Flores
89;516;2024-11-17;4601;Johns, Wolf and Osborne;2023-07-02;Majority;participant;;;Mercado de Flores
23;729;2021-01-11;1226;Price-Scott;2023-05-17;Age;near;;;Mercado de Flores
498;879;2025-11-25;846;Walker-Kirk;2024-03-19;Manager;ok;;;Mercado de Flores
81;353;2023-11-06;4301;Norton, Mccoy and Torres;2021-07-03;See;cover;;;Mercado de Legumes
222;29;2023-08-23;995;Fisher, Dawson and Saunders;2021-12-24;Different;agency;;;Mercado de Legumes
472;928;2025-12-04;1430;Camacho Inc;2022-03-16;These;reveal;;;Mercado de Fruta
118;386;2021-04-13;775;Powell-Foster;2025-08-02;Must;usually;;;Mercado de Legumes
195;794;2022-02-17;3433;Ross-Davidson;2022-08-27;Institution;glass;;;Mercado de Legumes
221;409;2023-02-27;4280;Gardner Group;2024-11-05;Baby;model;41.0;big;Mercado de Fruta
227;46;2024-10-26;3093;Mitchell, Hernandez and Smith;2023-04-11;Sport;identify;;;Mercado de Fruta
430;76;2022-06-30;4844;Guerrero-Hernandez;2024-02-11;Black;across;146.0;amount;Mercado de Fruta
83;212;2021-11-03;4245;Graham LLC;2022-11-25;Evidence;night;154.0;tree;Mercado de Legumes
137;112;2023-08-12;1767;Gray, Kim and Doyle;2023-09-10;Happen;human;;;Mercado de Fruta
128;325;2022-07-30;1794;Butler-Washington;2021-05-01;Politics;simple;;;Mercado de Fruta
71;994;2020-05-25;4063;Krueger, Trujillo and Gonzalez;2022-01-15;Claim;product;;;Mercado de Fruta
495;436;2022-12-10;293;Miller, Cherry and Torres;2025-12-22;Today;impact;;;Mercado de Fruta
159;655;2021-05-18;2327;Johnson, Long and Benson;2022-06-05;Water;truth;;;Mercado de Fruta
20;440;2020-12-11;2375;Wilkerson PLC;2021-05-09;Each;later;116.0;explain;Mercado de Legumes
276;411;2020-08-03;1283;Spencer PLC;2025-06-17;Establish;author;;;Mercado de Flores
258;129;2024-03-25;2026;Sims, Miller and Chavez;2021-06-01;Way;but;;;Mercado de Flores
48;732;2020-07-17;3150;Munoz Ltd;2021-03-17;Test;type;;;Mercado de Flores
161;934;2025-01-17;507;Mays-Harmon;2022-10-23;Toward;act;;;Mercado de Fruta
267;186;2024-08-24;1832;Wagner Inc;2022-03-29;Personal;within;;;Mercado de Flores
112;621;2021-09-26;4428;Colon, King and Evans;2022-10-21;Former;second;;;Mercado de Flores
160;791;2020-03-29;4040;Marshall and Sons;2024-12-11;Project;become;63.0;sit;Mercado de Legumes
240;179;2025-01-24;4367;Cannon-Newman;2024-02-03;Level;drop;31.0;coach;Mercado de Legumes
424;209;2021-08-21;4258;Lopez-Palmer;2024-08-05;Stock;customer;;;Mercado de Legumes
159;729;2021-04-29;311;Johnson, Long and Benson;2022-06-05;Age;near;;;Mercado de Flores
223;381;2023-08-29;2566;Wilcox, Johnson and Dunlap;2025-04-12;Wife;data;17.0;character;Mercado de Flores
43;198;2021-04-08;2577;Hubbard-Morgan;2026-01-13;Personal;religious;120.0;once;Mercado de Flores
490;223;2021-04-27;4293;Pruitt-Young;2021-04-13;Recognize;because;;;Mercado de Fruta
361;893;2022-09-10;2413;Martinez Ltd;2023-11-22;Different;soon;80.0;by;Mercado de Legumes
164;763;2024-05-10;2443;Acevedo-Potts;2021-06-29;Front;former;;;Mercado de Fruta
291;813;2024-07-16;2881;Hernandez LLC;2025-09-01;Floor;national;;;Mercado de Flores
26;589;2025-03-07;2605;Barron, Dodson and Baker;2024-07-08;Environmental;strategy;;;Mercado de Fruta
456;324;2020-08-27;2815;Price, Franklin and Duarte;2025-01-08;Reach;upon;;;Mercado de Flores
140;849;2023-07-26;2201;Woodard PLC;2021-04-23;Security;well;;;Mercado de Flores
25;479;2020-11-20;735;Scott, Daugherty and Grant;2021-05-04;Floor;organization;155.0;generation;Mercado de Legumes
192;262;2025-10-18;3027;Bowman Ltd;2023-10-30;Recognize;whom;;;Mercado de Fruta
152;579;2025-11-29;1782;Schultz-Glass;2023-06-16;Happen;hotel;118.0;western;Mercado de Flores
443;938;2025-12-17;2049;Avila Group;2026-01-21;Within;a;7.0;might;Mercado de Legumes
443;938;2025-12-17;2049;Avila Group;2026-01-21;Within;a;75.0;grow;Mercado de Legumes
489;270;2024-06-18;3992;Lee, Guerrero and Alexander;2026-01-14;Article;political;;;Mercado de Flores
342;239;2023-03-28;4293;Hernandez-King;2022-04-10;Difference;stand;;;Mercado de Legumes
445;369;2022-10-14;3910;Rodriguez LLC;2023-11-14;Oil;likely;;;Mercado de Flores
170;177;2022-03-12;2365;Collins-Campos;2025-06-15;Sister;able;;;Mercado de Flores
211;570;2021-10-31;3407;Robinson LLC;2022-02-07;Though;week;153.0;thus;Mercado de Flores
347;622;2023-05-11;827;Becker, Flynn and Silva;2023-12-04;Reflect;position;;;Mercado de Fruta
294;952;2022-11-15;1601;Jones, Leon and Edwards;2024-02-02;Religious;positive;98.0;human;Mercado de Fruta
275;278;2025-02-04;641;Cox, Wright and Price;2023-10-30;Action;wish;;;Mercado de Legumes
415;309;2020-04-10;3337;Anderson, Yoder and Taylor;2021-08-26;Social;shake;60.0;thing;Mercado de Flores
477;748;2023-12-24;1262;Jenkins-Butler;2023-02-09;But;until;;;Mercado de Fruta
83;348;2024-02-06;4382;Graham LLC;2022-11-25;End;maintain;154.0;tree;Mercado de Flores
233;889;2023-03-31;394;Hernandez-Hart;2021-08-13;Executive;level;177.0;media;Mercado de Fruta
214;429;2022-11-17;3998;Weaver LLC;2023-05-04;Must;future;;;Mercado de Flores
408;771;2024-11-25;2422;Wright-Jones;2022-01-26;Stuff;mother;;;Mercado de Flores
305;34;2025-02-17;3963;Johnson-Hunter;2023-04-03;Party;speak;;;Mercado de Fruta
131;427;2020-05-23;2471;Schroeder, Moss and Rivas;2021-05-15;Task;education;;;Mercado de Fruta
500;505;2023-01-20;2701;Johnson-Anderson;2024-01-02;Become;imagine;;;Mercado de Fruta
228;528;2025-11-03;309;Butler PLC;2021-05-21;Some;must;;;Mercado de Flores
284;342;2020-10-13;103;Wilson, Nixon and Sanchez;2022-10-14;May;good;;;Mercado de Flores
186;988;2021-03-14;1205;Glass LLC;2021-02-27;Near;foreign;;;Mercado de Fruta
135;212;2025-10-01;365;Williams-Smith;2021-11-26;Evidence;night;;;Mercado de Legumes
315;269;2020-10-20;2506;Garcia, Campbell and Powell;2023-02-17;Rock;figure;;;Mercado de Legumes
162;503;2022-12-06;4690;Jacobs-Watson;2025-05-15;Product;society;;;Mercado de Legumes
23;337;2021-08-07;1273;Price-Scott;2023-05-17;Article;raise;;;Mercado de Fruta
402;610;2023-07-18;2848;Miller-Wagner;2023-04-08;To;bad;;;Mercado de Fruta
291;285;2024-03-02;4570;Hernandez LLC;2025-09-01;Commercial;evidence;;;Mercado de Flores
470;260;2025-09-25;2001;Ray, Hall and Graves;2024-05-10;Military;chance;;;Mercado de Legumes
484;34;2023-12-06;1524;Greene Inc;2024-11-23;Party;speak;124.0;follow;Mercado de Fruta
121;736;2026-01-01;3057;Ruiz, Miller and Giles;2023-10-05;Design;author;;;Mercado de Fruta
476;201;2024-08-26;4966;Johnson-Curtis;2021-06-10;Senior;many;36.0;dream;Mercado de Flores
259;961;2022-10-14;3464;Pham, Farmer and Marsh;2021-04-12;Although;politics;50.0;have;Mercado de Fruta
38;372;2025-05-24;1049;Moore LLC;2022-08-15;Now;fear;;;Mercado de Flores
214;987;2025-01-12;2599;Weaver LLC;2023-05-04;Bit;success;;;Mercado de Flores
40;938;2025-06-16;4180;Andrade, Mcclure and Alvarez;2025-08-03;Within;a;95.0;executive;Mercado de Legumes
435;949;2023-04-02;4792;Thompson-Kramer;2024-03-05;Watch;usually;;;Mercado de Fruta
423;430;2022-05-10;3144;Goodman-Hayes;2024-12-18;Piece;our;;;Mercado de Fruta
372;797;2021-02-11;2073;Nichols, Moore and Meadows;2024-11-05;Another;live;;;Mercado de Legumes
120;73;2021-09-09;3885;Mcdaniel-Garza;2022-08-16;Organization;relationship;;;Mercado de Fruta
129;503;2020-07-23;652;Gonzalez LLC;2025-09-05;Product;society;30.0;difficult;Mercado de Legumes
129;503;2020-07-23;652;Gonzalez LLC;2025-09-05;Product;society;191.0;a;Mercado de Legumes
463;163;2023-02-12;1444;Sullivan-Hernandez;2021-08-01;Them;adult;;;Mercado de Fruta
147;11;2022-08-05;3919;Hess-Dickson;2022-09-18;Cover;real;119.0;force;Mercado de Legumes
300;378;2020-05-01;1764;Saunders-Marshall;2022-10-25;Under;kitchen;;;Mercado de Flores
371;846;2023-12-21;438;Wells, Jenkins and Martin;2025-08-30;Wind;training;;;Mercado de Flores
7;205;2020-07-21;4608;Davis, Armstrong and Brown;2023-02-05;Need;from;;;Mercado de Fruta
176;254;2022-01-28;991;Schaefer-Brooks;2021-04-09;They;pay;;;Mercado de Legumes
97;513;2022-12-11;4828;Munoz-Lawson;2024-07-29;Determine;ready;20.0;stay;Mercado de Flores
97;513;2022-12-11;4828;Munoz-Lawson;2024-07-29;Determine;ready;23.0;total;Mercado de Flores
97;513;2022-12-11;4828;Munoz-Lawson;2024-07-29;Determine;ready;26.0;identify;Mercado de Flores
97;513;2022-12-11;4828;Munoz-Lawson;2024-07-29;Determine;ready;150.0;join;Mercado de Flores
97;513;2022-12-11;4828;Munoz-Lawson;2024-07-29;Determine;ready;181.0;grow;Mercado de Flores
404;831;2026-02-08;2288;Jordan, Kim and Bowman;2024-02-28;Yard;everyone;;;Mercado de Flores
227;838;2021-10-31;1820;Mitchell, Hernandez and Smith;2023-04-11;Phone;interview;;;Mercado de Fruta
495;624;2022-08-20;3324;Miller, Cherry and Torres;2025-12-22;Arm;establish;;;Mercado de Flores
449;51;2022-08-24;3500;Price-Mckay;2023-01-29;Attack;already;;;Mercado de Flores
482;654;2020-11-07;2617;Stout Inc;2023-05-30;Everyone;sound;;;Mercado de Flores
130;659;2024-08-03;3894;Chase PLC;2024-06-12;Natural;friend;;;Mercado de Legumes
409;651;2024-08-18;3061;Long Ltd;2024-03-21;Street;recently;;;Mercado de Flores
145;714;2020-06-14;473;Weaver Ltd;2021-10-16;Range;late;;;Mercado de Flores
414;540;2025-01-12;1631;Nguyen-Becker;2023-04-12;Financial;budget;;;Mercado de Flores
55;617;2025-07-27;3918;Hill, Allen and Rodriguez;2022-07-31;Ok;thought;114.0;ability;Mercado de Legumes
53;230;2020-06-17;544;West-Brewer;2021-11-26;Theory;study;188.0;both;Mercado de Legumes
119;963;2022-03-25;3664;Shelton, Odonnell and Williams;2022-11-17;End;order;;;Mercado de Flores
300;347;2025-02-02;4332;Saunders-Marshall;2022-10-25;Speak;far;;;Mercado de Legumes
451;205;2020-08-03;2291;Clay, Rivera and Taylor;2025-12-13;Need;from;;;Mercado de Fruta
425;482;2025-07-31;3320;Sims PLC;2023-09-28;Manager;behavior;58.0;different;Mercado de Legumes
425;482;2025-07-31;3320;Sims PLC;2023-09-28;Manager;behavior;193.0;exactly;Mercado de Legumes
425;482;2025-07-31;3320;Sims PLC;2023-09-28;Manager;behavior;196.0;personal;Mercado de Legumes
30;882;2024-03-23;4055;Vargas, Santiago and Mcdonald;2024-10-25;Station;possible;;;Mercado de Flores
395;572;2020-02-19;3161;Santana-Ray;2022-09-09;Player;million;;;Mercado de Legumes
64;937;2020-02-23;323;Gonzalez, Vasquez and Powers;2024-07-20;Increase;piece;;;Mercado de Fruta
67;332;2022-10-26;3278;Jones, Wolf and Smith;2022-08-07;Show;wonder;;;Mercado de Legumes
70;64;2021-01-08;4241;Brown Inc;2024-12-20;Sell;care;139.0;mission;Mercado de Fruta
70;64;2021-01-08;4241;Brown Inc;2024-12-20;Sell;care;143.0;prevent;Mercado de Fruta
362;380;2024-03-14;3882;Mccullough-Mckinney;2024-11-08;Character;forward;94.0;all;Mercado de Legumes
362;380;2024-03-14;3882;Mccullough-Mckinney;2024-11-08;Character;forward;157.0;environment;Mercado de Legumes
298;338;2024-04-18;2193;Benson-Travis;2022-07-13;Executive;agent;34.0;will;Mercado de Legumes
317;124;2022-12-24;3479;Snyder and Sons;2021-07-03;Find;how;;;Mercado de Fruta
443;264;2026-01-24;352;Avila Group;2026-01-21;Blood;foot;7.0;might;Mercado de Flores
443;264;2026-01-24;352;Avila Group;2026-01-21;Blood;foot;75.0;grow;Mercado de Flores
281;224;2022-05-25;1910;Carlson-Landry;2025-12-17;Rather;source;178.0;form;Mercado de Legumes
172;97;2020-06-26;4290;Grant-Jordan;2024-08-24;Dog;all;;;Mercado de Fruta
295;419;2025-03-15;4171;Sandoval, Castillo and Golden;2025-02-04;Available;citizen;;;Mercado de Legumes
237;174;2023-06-02;1242;Holland-Mckay;2025-02-19;Culture;back;128.0;so;Mercado de Flores
438;677;2020-04-29;2608;Reed, Vega and Ho;2022-04-05;Report;study;42.0;seem;Mercado de Legumes
240;308;2022-05-26;839;Cannon-Newman;2024-02-03;May;rock;31.0;coach;Mercado de Legumes
127;634;2021-08-27;938;Hill PLC;2025-05-30;Feeling;near;73.0;Congress;Mercado de Fruta
323;201;2024-06-05;4036;Cummings and Sons;2022-10-22;Senior;many;;;Mercado de Flores
144;424;2025-07-20;1154;Mercado-Thomas;2024-04-11;Brother;interesting;103.0;need;Mercado de Fruta
281;323;2024-03-11;3876;Carlson-Landry;2025-12-17;Area;record;178.0;form;Mercado de Legumes
412;767;2020-08-28;4747;Young Ltd;2021-10-29;Source;keep;;;Mercado de Legumes
92;960;2025-05-15;4871;Perez-Robinson;2024-12-31;Seem;west;;;Mercado de Flores
57;510;2024-07-19;3129;Lee Inc;2025-11-23;Suffer;nature;;;Mercado de Flores
151;582;2020-04-23;1133;Duncan PLC;2023-08-10;Better;no;;;Mercado de Flores
357;595;2025-01-26;4224;Curry, Luna and White;2023-03-17;Especially;staff;;;Mercado de Fruta
183;560;2024-06-02;4825;Velez, Price and Cortez;2022-02-23;Poor;those;;;Mercado de Legumes
116;498;2024-05-26;2854;Williams, Anderson and Lopez;2025-02-13;Boy;though;28.0;difference;Mercado de Flores
274;315;2025-05-10;1746;Sosa Group;2026-01-19;Attorney;financial;;;Mercado de Flores
477;25;2024-05-27;1558;Jenkins-Butler;2023-02-09;The;magazine;;;Mercado de Fruta
51;601;2020-01-02;2785;Mueller-Herrera;2022-08-02;Item;president;;;Mercado de Fruta
451;29;2020-06-05;4664;Clay, Rivera and Taylor;2025-12-13;Different;agency;;;Mercado de Legumes
405;147;2023-01-27;4820;Valenzuela-Meyer;2024-09-09;Individual;court;;;Mercado de Flores
158;73;2025-11-19;1436;Moon Group;2024-08-28;Organization;relationship;;;Mercado de Fruta
430;263;2023-08-30;2380;Guerrero-Hernandez;2024-02-11;Wrong;image;146.0;amount;Mercado de Legumes
484;446;2022-10-10;1086;Greene Inc;2024-11-23;Painting;take;124.0;follow;Mercado de Legumes
41;139;2021-05-29;533;Stephenson-Lee;2025-10-15;Ok;finally;;;Mercado de Fruta
274;386;2021-09-16;4970;Sosa Group;2026-01-19;Must;usually;;;Mercado de Legumes
163;107;2023-01-15;4030;Rogers and Sons;2024-04-13;Modern;yes;;;Mercado de Legumes
61;538;2024-01-15;4420;Stewart, Hopkins and Williams;2021-12-31;Team;word;;;Mercado de Fruta
66;642;2023-08-25;972;Lara, Baker and Young;2025-09-16;Money;section;182.0;current;Mercado de Flores
273;31;2024-07-04;2640;Deleon, Conway and Sanchez;2024-12-11;Security;marriage;134.0;leg;Mercado de Fruta
25;491;2023-10-26;363;Scott, Daugherty and Grant;2021-05-04;Point;place;155.0;generation;Mercado de Legumes
354;940;2023-09-15;573;Martinez, Sanchez and Smith;2023-08-21;Whether;benefit;;;Mercado de Fruta
24;438;2024-01-29;1104;Yates Ltd;2021-10-02;Attack;have;64.0;away;Mercado de Flores
416;57;2021-11-13;4213;Richardson LLC;2022-12-31;Step;decide;;;Mercado de Flores
9;120;2020-08-02;485;Perez-Hurley;2022-02-11;Several;blue;;;Mercado de Flores
250;548;2024-08-24;2765;Williams LLC;2024-05-24;Drug;last;;;Mercado de Legumes
498;573;2021-03-31;1677;Walker-Kirk;2024-03-19;Speech;whether;;;Mercado de Flores
293;29;2022-05-28;2698;Tyler LLC;2025-11-18;Different;agency;;;Mercado de Legumes
304;2;2020-11-12;4896;Welch Ltd;2022-10-24;Not;interesting;190.0;give;Mercado de Legumes
432;281;2024-02-16;3325;Wright Group;2021-03-18;Voice;democratic;;;Mercado de Legumes
87;651;2023-02-05;345;Mason Inc;2025-07-04;Street;recently;;;Mercado de Flores
499;828;2024-10-12;1555;Jacobs, Johnson and Clark;2022-01-05;Training;finish;9.0;piece;Mercado de Flores
499;828;2024-10-12;1555;Jacobs, Johnson and Clark;2022-01-05;Training;finish;43.0;here;Mercado de Flores
383;487;2020-10-01;3115;Price-Pearson;2022-09-23;Court;address;;;Mercado de Fruta
29;865;2021-04-06;2960;Mills Group;2024-12-01;Reveal;human;37.0;sister;Mercado de Fruta
29;865;2021-04-06;2960;Mills Group;2024-12-01;Reveal;human;174.0;might;Mercado de Fruta
260;713;2025-12-10;1125;Smith, Carter and Blake;2021-07-29;Send;thought;;;Mercado de Legumes
35;72;2020-04-17;1592;Nolan, Jones and Gordon;2021-04-03;Eat;accept;61.0;record;Mercado de Flores
215;517;2024-05-20;4678;Jimenez-Gates;2022-10-05;Which;ago;;;Mercado de Fruta
112;755;2025-10-05;2395;Colon, King and Evans;2022-10-21;World;whose;;;Mercado de Legumes
293;637;2021-10-23;383;Tyler LLC;2025-11-18;Well;determine;;;Mercado de Fruta
317;291;2022-05-07;919;Snyder and Sons;2021-07-03;Check;wife;;;Mercado de Flores
394;503;2020-07-25;3006;Mcgee-Ramirez;2024-11-29;Product;society;;;Mercado de Legumes
276;494;2020-08-10;825;Spencer PLC;2025-06-17;And;suffer;;;Mercado de Legumes
106;624;2023-04-09;1025;Dodson Inc;2024-09-15;Arm;establish;;;Mercado de Flores
67;919;2022-05-01;2705;Jones, Wolf and Smith;2022-08-07;Change;soldier;;;Mercado de Fruta
246;824;2021-10-26;576;Wood-Fisher;2025-06-13;Teach;campaign;;;Mercado de Legumes
153;380;2021-03-11;1456;Wilson, Spears and Mitchell;2025-04-21;Character;forward;79.0;image;Mercado de Legumes
95;592;2025-05-09;4113;Woods and Sons;2022-04-09;Congress;difficult;32.0;follow;Mercado de Fruta
442;675;2025-04-11;3613;Savage Ltd;2025-04-01;Land;easy;;;Mercado de Flores
265;964;2021-03-22;3018;Baker-Wheeler;2021-11-02;Building;summer;;;Mercado de Fruta
136;617;2020-04-02;1674;Knight Group;2025-03-11;Ok;thought;;;Mercado de Legumes
346;73;2024-10-23;1874;Paul, Stewart and Pierce;2024-08-13;Organization;relationship;44.0;house;Mercado de Fruta
352;109;2025-03-26;1999;Brewer-Willis;2024-10-10;Degree;one;;;Mercado de Fruta
472;102;2024-12-01;2994;Camacho Inc;2022-03-16;We;office;;;Mercado de Flores
137;190;2026-01-21;1232;Gray, Kim and Doyle;2023-09-10;Ago;pass;;;Mercado de Fruta
157;946;2023-06-21;4408;West Group;2021-06-12;Ago;box;;;Mercado de Fruta
458;845;2020-07-23;1459;Long, Walker and Allison;2025-03-29;Challenge;performance;;;Mercado de Legumes
145;775;2024-03-17;4230;Weaver Ltd;2021-10-16;Same;coach;;;Mercado de Fruta
307;781;2022-04-09;3240;Cooper-Gates;2022-08-19;Job;green;;;Mercado de Fruta
86;756;2023-07-15;4583;Frederick, Kelly and Willis;2023-11-24;Short;blue;;;Mercado de Flores
32;79;2025-09-22;1912;Arnold, Hernandez and Hines;2022-10-16;Discuss;style;51.0;sense;Mercado de Fruta
435;67;2024-10-01;1664;Thompson-Kramer;2024-03-05;Money;inside;;;Mercado de Fruta
145;770;2021-04-26;4976;Weaver Ltd;2021-10-16;Quite;end;;;Mercado de Legumes
95;461;2024-08-18;4842;Woods and Sons;2022-04-09;Director;war;32.0;follow;Mercado de Legumes
179;19;2022-01-06;4003;Bowman, Boyer and Smith;2025-03-16;Social;message;;;Mercado de Fruta
296;456;2023-02-15;1141;Coleman-Reyes;2025-07-26;Kitchen;cultural;83.0;responsibility;Mercado de Flores
296;456;2023-02-15;1141;Coleman-Reyes;2025-07-26;Kitchen;cultural;145.0;somebody;Mercado de Flores
113;729;2020-03-05;1091;Beasley and Sons;2022-12-28;Age;near;;;Mercado de Flores
24;734;2021-08-24;4297;Yates Ltd;2021-10-02;Win;prevent;64.0;away;Mercado de Legumes
7;11;2020-10-02;3204;Davis, Armstrong and Brown;2023-02-05;Cover;real;;;Mercado de Legumes
17;231;2020-12-12;1588;Roberts LLC;2023-12-21;Memory;wide;185.0;truth;Mercado de Flores
426;280;2021-03-16;197;Johnson-Williams;2021-10-18;Stock;civil;82.0;marriage;Mercado de Fruta
127;371;2020-10-07;2227;Hill PLC;2025-05-30;Price;material;73.0;Congress;Mercado de Legumes
181;945;2021-10-02;1335;Jackson, Munoz and Guzman;2025-04-01;Peace;student;;;Mercado de Flores
28;381;2020-08-12;1616;Hancock, Walker and Miller;2022-11-08;Wife;data;;;Mercado de Flores
406;106;2021-10-04;3508;Rodriguez-Spencer;2022-05-20;Happen;blood;;;Mercado de Fruta
390;331;2021-07-29;183;Lawrence, Gardner and Harris;2023-03-17;Any;respond;;;Mercado de Fruta
304;654;2025-11-01;174;Welch Ltd;2022-10-24;Everyone;sound;190.0;give;Mercado de Flores
444;509;2020-07-09;587;Mack-Castillo;2024-04-27;Picture;finish;;;Mercado de Legumes
19;340;2020-02-10;171;Taylor Group;2023-12-11;During;national;;;Mercado de Fruta
257;925;2025-07-02;2485;Mclaughlin, Noble and Mccall;2023-07-02;According;store;;;Mercado de Fruta
402;988;2020-09-15;623;Miller-Wagner;2023-04-08;Near;foreign;;;Mercado de Fruta
459;657;2026-01-30;4930;Holland, Evans and Myers;2023-04-18;Area;reality;25.0;large;Mercado de Flores
338;225;2021-01-13;1944;Brown Ltd;2025-02-19;Rule;industry;;;Mercado de Flores
241;74;2023-06-19;1819;Bates-Rivera;2022-09-06;Then;no;;;Mercado de Legumes
376;331;2021-07-22;3156;Miller-Fields;2024-08-18;Any;respond;;;Mercado de Fruta
314;616;2021-04-13;278;Moody LLC;2024-10-26;Side;drive;;;Mercado de Fruta
66;341;2020-11-20;4390;Lara, Baker and Young;2025-09-16;Director;always;182.0;current;Mercado de Legumes
256;864;2024-03-18;4958;Martinez and Sons;2022-09-09;Region;personal;6.0;bar;Mercado de Flores
442;123;2020-02-11;3578;Savage Ltd;2025-04-01;Morning;box;;;Mercado de Flores
46;249;2022-09-20;1184;Jones-Atkinson;2022-09-28;Kind;organization;;;Mercado de Flores
470;36;2025-01-03;2654;Ray, Hall and Graves;2024-05-10;Identify;movie;;;Mercado de Flores
486;726;2020-03-03;1419;Stewart Inc;2024-10-25;Occur;rest;180.0;party;Mercado de Flores
375;604;2023-07-14;1439;Dixon-Williams;2021-07-20;Small;which;;;Mercado de Fruta
349;1000;2023-10-30;1890;Wise-Perry;2021-04-04;Century;center;;;Mercado de Fruta
323;743;2023-09-10;768;Cummings and Sons;2022-10-22;Professor;well;;;Mercado de Legumes
394;304;2025-11-22;1993;Mcgee-Ramirez;2024-11-29;Charge;this;;;Mercado de Fruta
320;767;2022-06-28;2063;Perez, Long and Spencer;2025-10-29;Source;keep;;;Mercado de Legumes
355;415;2021-11-18;3378;Snyder-Kane;2024-09-28;Recent;over;;;Mercado de Fruta
493;759;2020-12-25;770;Blake Group;2025-03-31;Own;recognize;110.0;truth;Mercado de Flores
249;629;2025-01-24;943;Dunlap, Cabrera and Thompson;2021-04-23;Defense;whom;;;Mercado de Legumes
364;695;2024-07-18;2443;Boyd-Sexton;2024-06-11;Local;weight;;;Mercado de Legumes
292;879;2020-07-29;3559;Johnson-Garcia;2022-04-20;Manager;ok;;;Mercado de Flores
133;292;2021-04-17;1616;Bullock Ltd;2022-03-23;Wide;event;71.0;side;Mercado de Fruta
180;158;2023-07-20;2169;Tran-Huynh;2021-10-01;Two;health;3.0;teach;Mercado de Legumes
118;841;2022-03-17;3562;Powell-Foster;2025-08-02;Relationship;site;;;Mercado de Fruta
391;392;2020-08-29;4045;Travis PLC;2023-06-04;Democrat;everyone;;;Mercado de Legumes
328;228;2020-03-14;3865;Lee, Figueroa and Silva;2023-01-06;Still;degree;;;Mercado de Flores
251;857;2021-07-03;838;Fernandez Inc;2021-07-16;Painting;so;59.0;western;Mercado de Legumes
143;23;2021-11-22;1520;Flores and Sons;2024-12-02;Most;light;;;Mercado de Legumes
436;905;2024-08-09;1191;Henry, Krueger and Freeman;2021-09-19;Economic;meet;;;Mercado de Legumes
249;343;2021-01-22;4400;Dunlap, Cabrera and Thompson;2021-04-23;Camera;theory;;;Mercado de Fruta
377;673;2022-04-04;4497;Humphrey-Hancock;2023-12-16;Night;continue;;;Mercado de Fruta
382;796;2025-02-08;2302;Buchanan-Marquez;2023-03-31;Prevent;evidence;;;Mercado de Fruta
316;399;2022-06-18;462;Rodriguez, Huff and Holland;2024-08-16;Professor;couple;;;Mercado de Flores
56;722;2020-06-29;1022;Wheeler-Blackburn;2025-06-13;Executive;training;1.0;move;Mercado de Legumes
56;722;2020-06-29;1022;Wheeler-Blackburn;2025-06-13;Executive;training;132.0;sort;Mercado de Legumes
181;529;2024-02-21;1691;Jackson, Munoz and Guzman;2025-04-01;Car;season;;;Mercado de Fruta
118;262;2021-09-01;1374;Powell-Foster;2025-08-02;Recognize;whom;;;Mercado de Fruta
76;630;2023-12-05;2141;Sparks Ltd;2022-05-22;Give;generation;;;Mercado de Flores
440;585;2024-12-12;4602;Johnson, Smith and Reed;2024-11-14;Top;middle;159.0;talk;Mercado de Flores
38;836;2022-03-08;618;Moore LLC;2022-08-15;Writer;tell;;;Mercado de Legumes
356;353;2023-09-04;2798;Cook, Boyer and Cox;2024-02-10;See;cover;;;Mercado de Legumes
49;491;2021-09-16;1872;Black and Sons;2021-10-18;Point;place;;;Mercado de Legumes
352;783;2023-05-12;1954;Brewer-Willis;2024-10-10;Certain;office;;;Mercado de Flores
145;694;2025-05-30;4928;Weaver Ltd;2021-10-16;Again;nature;;;Mercado de Fruta
135;115;2021-04-16;3455;Williams-Smith;2021-11-26;Current;describe;;;Mercado de Fruta
352;842;2020-12-20;805;Brewer-Willis;2024-10-10;Travel;occur;;;Mercado de Legumes
226;437;2021-06-24;3350;Diaz, Hunt and Jackson;2022-02-06;Care;score;29.0;ever;Mercado de Legumes
226;437;2021-06-24;3350;Diaz, Hunt and Jackson;2022-02-06;Care;score;78.0;sit;Mercado de Legumes
226;437;2021-06-24;3350;Diaz, Hunt and Jackson;2022-02-06;Care;score;89.0;member;Mercado de Legumes
163;249;2020-06-02;2160;Rogers and Sons;2024-04-13;Kind;organization;;;Mercado de Flores
6;399;2020-03-02;2426;Parker, Kelly and Golden;2022-01-20;Professor;couple;12.0;sign;Mercado de Flores
472;917;2022-04-08;3114;Camacho Inc;2022-03-16;Everyone;sense;;;Mercado de Legumes
420;908;2020-05-04;2749;Brooks Ltd;2021-05-23;Lawyer;outside;;;Mercado de Legumes
343;402;2022-04-21;728;Stone, Romero and Walton;2022-02-19;International;and;;;Mercado de Flores
63;472;2021-04-06;412;Castro, Sherman and Flores;2025-12-01;Different;deep;;;Mercado de Fruta
448;640;2020-07-25;4625;Jacobs Ltd;2024-09-13;Nature;send;;;Mercado de Fruta
74;663;2024-07-28;3644;Campbell Inc;2023-06-06;Financial;charge;;;Mercado de Flores
485;941;2024-05-16;3381;Allen and Sons;2023-06-18;Picture;lay;;;Mercado de Legumes
376;337;2024-02-20;2767;Miller-Fields;2024-08-18;Article;raise;;;Mercado de Fruta
222;625;2024-04-16;2788;Fisher, Dawson and Saunders;2021-12-24;Adult;special;;;Mercado de Fruta
273;983;2024-08-13;4940;Deleon, Conway and Sanchez;2024-12-11;Realize;doctor;134.0;leg;Mercado de Legumes
436;203;2021-01-02;1777;Henry, Krueger and Freeman;2021-09-19;Wind;stock;;;Mercado de Legumes
98;922;2025-05-17;4206;Riley, Dunn and Mccarty;2024-07-30;Daughter;remember;;;Mercado de Fruta
10;394;2021-05-17;3044;Woods, Taylor and Harrison;2024-07-08;Information;analysis;;;Mercado de Fruta
356;86;2025-09-04;232;Cook, Boyer and Cox;2024-02-10;Most;dog;;;Mercado de Legumes
30;456;2024-11-08;3312;Vargas, Santiago and Mcdonald;2024-10-25;Kitchen;cultural;;;Mercado de Flores
162;827;2024-10-19;2180;Jacobs-Watson;2025-05-15;Million;air;;;Mercado de Legumes
98;312;2024-06-14;2075;Riley, Dunn and Mccarty;2024-07-30;Major;according;;;Mercado de Flores
250;756;2022-06-16;4277;Williams LLC;2024-05-24;Short;blue;;;Mercado de Flores
328;615;2025-04-18;4705;Lee, Figueroa and Silva;2023-01-06;Speech;training;;;Mercado de Flores
446;552;2020-07-19;965;Duffy-Molina;2022-11-01;Choose;natural;93.0;paper;Mercado de Flores
221;559;2025-09-24;2572;Gardner Group;2024-11-05;Admit;position;41.0;big;Mercado de Fruta
55;469;2021-03-14;4489;Hill, Allen and Rodriguez;2022-07-31;Throughout;north;114.0;ability;Mercado de Fruta
310;264;2023-08-13;997;Turner, Bowman and Williams;2021-08-06;Blood;foot;;;Mercado de Flores
330;45;2025-11-24;2950;Robinson LLC;2022-07-27;Still;whose;;;Mercado de Flores
66;525;2020-03-14;3139;Lara, Baker and Young;2025-09-16;Writer;way;182.0;current;Mercado de Flores
145;270;2020-07-12;1115;Weaver Ltd;2021-10-16;Article;political;;;Mercado de Flores
432;821;2021-07-26;1143;Wright Group;2021-03-18;Create;change;;;Mercado de Legumes
29;155;2020-05-10;2869;Mills Group;2024-12-01;Question;future;37.0;sister;Mercado de Legumes
29;155;2020-05-10;2869;Mills Group;2024-12-01;Question;future;174.0;might;Mercado de Legumes
153;678;2022-04-22;1064;Wilson, Spears and Mitchell;2025-04-21;To;contain;79.0;image;Mercado de Flores
129;634;2024-06-13;2916;Gonzalez LLC;2025-09-05;Feeling;near;30.0;difficult;Mercado de Fruta
129;634;2024-06-13;2916;Gonzalez LLC;2025-09-05;Feeling;near;191.0;a;Mercado de Fruta
495;274;2023-12-21;757;Miller, Cherry and Torres;2025-12-22;Generation;officer;;;Mercado de Fruta
197;627;2020-12-29;1629;Tate, Wilson and Wilson;2026-02-16;Effort;effect;142.0;pattern;Mercado de Flores
366;633;2020-07-21;2715;Martinez-West;2024-04-10;Action;its;125.0;add;Mercado de Flores
18;914;2022-03-22;3111;Ford-Garrett;2025-06-05;Study;choose;;;Mercado de Legumes
117;343;2020-08-14;149;Avila, Duke and Medina;2024-04-05;Camera;theory;184.0;specific;Mercado de Fruta
264;941;2023-10-13;4939;Hopkins, Jackson and Ortiz;2025-01-24;Picture;lay;;;Mercado de Legumes
70;267;2023-01-02;3953;Brown Inc;2024-12-20;Movie;event;139.0;mission;Mercado de Flores
70;267;2023-01-02;3953;Brown Inc;2024-12-20;Movie;event;143.0;prevent;Mercado de Flores
425;683;2020-06-04;2297;Sims PLC;2023-09-28;Set;half;58.0;different;Mercado de Legumes
425;683;2020-06-04;2297;Sims PLC;2023-09-28;Set;half;193.0;exactly;Mercado de Legumes
425;683;2020-06-04;2297;Sims PLC;2023-09-28;Set;half;196.0;personal;Mercado de Legumes
288;326;2025-01-01;3676;Hicks, Griffin and Craig;2026-01-22;Sit;remain;33.0;conference;Mercado de Legumes
311;663;2024-11-27;1341;Johnson-Blankenship;2021-09-21;Financial;charge;46.0;far;Mercado de Flores
147;294;2021-04-24;4253;Hess-Dickson;2022-09-18;Discussion;toward;119.0;force;Mercado de Flores
239;365;2022-10-31;4804;Garcia LLC;2025-07-11;Main;thank;;;Mercado de Legumes
195;288;2025-02-01;2944;Ross-Davidson;2022-08-27;There;ask;;;Mercado de Flores
482;798;2022-01-01;4299;Stout Inc;2023-05-30;Young;pay;;;Mercado de Flores
112;621;2022-09-22;2356;Colon, King and Evans;2022-10-21;Former;second;;;Mercado de Flores
453;762;2025-06-04;2438;Tran PLC;2023-10-18;Republican;audience;88.0;inside;Mercado de Flores
252;971;2023-01-31;366;Mitchell, Phillips and Marshall;2024-10-27;Education;play;105.0;partner;Mercado de Legumes
438;529;2020-02-01;1352;Reed, Vega and Ho;2022-04-05;Car;season;42.0;seem;Mercado de Fruta
126;672;2021-11-28;3669;Patterson-Oconnor;2023-06-03;Total;hold;;;Mercado de Flores
461;630;2024-05-27;4863;Smith-Stanley;2021-06-23;Give;generation;;;Mercado de Flores
314;689;2021-02-06;4166;Moody LLC;2024-10-26;Raise;clear;;;Mercado de Legumes
112;260;2022-06-26;4676;Colon, King and Evans;2022-10-21;Military;chance;;;Mercado de Legumes
206;576;2021-02-08;2777;Glass, Berry and Williams;2024-08-17;Support;close;;;Mercado de Flores
236;503;2025-11-18;2780;Butler, Williams and Hoffman;2023-04-13;Product;society;;;Mercado de Legumes
316;347;2020-03-19;2255;Rodriguez, Huff and Holland;2024-08-16;Speak;far;;;Mercado de Legumes
461;646;2020-06-20;1373;Smith-Stanley;2021-06-23;Important;face;;;Mercado de Fruta
315;671;2020-11-12;2293;Garcia, Campbell and Powell;2023-02-17;Miss;level;;;Mercado de Legumes
192;83;2020-03-31;2051;Bowman Ltd;2023-10-30;Husband;sit;;;Mercado de Legumes
494;264;2020-12-28;1694;Rasmussen Group;2023-04-05;Blood;foot;;;Mercado de Flores
268;153;2020-07-05;4094;Taylor Inc;2022-03-26;Look;at;;;Mercado de Flores
238;621;2024-01-16;464;Whitney, Kim and Moore;2025-02-23;Former;second;;;Mercado de Flores
75;553;2020-11-21;2263;Conley LLC;2025-11-10;Pick;member;;;Mercado de Fruta
407;463;2023-05-30;778;Ford, Spencer and Copeland;2021-10-25;Class;face;;;Mercado de Fruta
192;275;2023-04-11;3668;Bowman Ltd;2023-10-30;Course;result;;;Mercado de Legumes
374;797;2022-12-18;4449;Park-Curry;2021-09-16;Another;live;;;Mercado de Legumes
25;257;2021-06-09;1221;Scott, Daugherty and Grant;2021-05-04;If;participant;155.0;generation;Mercado de Legumes
139;769;2022-09-23;3784;Ramirez, Powell and Chen;2025-10-04;Upon;describe;81.0;majority;Mercado de Fruta
301;14;2024-04-22;4121;York, Carter and Hernandez;2022-10-28;Image;leg;52.0;institution;Mercado de Legumes
467;887;2021-09-04;4089;Wilson PLC;2021-12-24;Remember;friend;;;Mercado de Legumes
2;921;2025-04-13;1482;Rogers, Fernandez and Perez;2023-11-29;Life;image;176.0;price;Mercado de Flores
2;921;2025-04-13;1482;Rogers, Fernandez and Perez;2023-11-29;Life;image;199.0;lot;Mercado de Flores
437;875;2025-06-05;4158;Chan Ltd;2026-01-15;Bit;may;;;Mercado de Legumes
229;415;2025-04-17;2283;Johnson, Sanders and Lam;2021-09-13;Recent;over;;;Mercado de Fruta
290;115;2025-07-14;3259;Hart-Koch;2022-07-24;Current;describe;106.0;finish;Mercado de Fruta
208;755;2024-04-08;4138;Nunez-Lopez;2025-09-23;World;whose;;;Mercado de Legumes
316;574;2021-10-28;3268;Rodriguez, Huff and Holland;2024-08-16;Down;serve;;;Mercado de Fruta
209;391;2025-08-03;682;Savage, Tran and Atkins;2021-10-19;Every;hospital;;;Mercado de Fruta
404;389;2021-06-05;4465;Jordan, Kim and Bowman;2024-02-28;Town;tend;;;Mercado de Legumes
367;580;2024-02-29;462;Waters Inc;2025-12-04;Open;vote;;;Mercado de Fruta
367;360;2022-11-16;3882;Waters Inc;2025-12-04;Television;base;;;Mercado de Flores
349;354;2021-01-28;201;Wise-Perry;2021-04-04;Another;collection;;;Mercado de Flores
86;845;2020-11-06;3700;Frederick, Kelly and Willis;2023-11-24;Challenge;performance;;;Mercado de Legumes
92;375;2022-11-01;2988;Perez-Robinson;2024-12-31;Employee;field;;;Mercado de Flores
102;875;2023-03-13;190;Hood-Potter;2024-06-23;Bit;may;;;Mercado de Legumes
25;877;2021-04-12;4354;Scott, Daugherty and Grant;2021-05-04;Quickly;late;155.0;generation;Mercado de Fruta
21;534;2020-06-14;2034;Williams, Martinez and Gentry;2021-03-07;Baby;machine;;;Mercado de Flores
28;519;2020-12-25;337;Hancock, Walker and Miller;2022-11-08;Feeling;set;;;Mercado de Flores
489;525;2020-03-10;3177;Lee, Guerrero and Alexander;2026-01-14;Writer;way;;;Mercado de Flores
323;920;2024-04-17;3931;Cummings and Sons;2022-10-22;Kid;son;;;Mercado de Legumes
271;293;2025-01-04;1288;Lucero-Dawson;2021-03-15;Seek;reach;;;Mercado de Legumes
21;449;2021-03-06;1381;Williams, Martinez and Gentry;2021-03-07;Light;would;;;Mercado de Legumes
401;18;2025-05-03;2524;Bell, Nelson and Walker;2026-01-20;Large;skill;;;Mercado de Flores
209;243;2024-02-13;1545;Savage, Tran and Atkins;2021-10-19;Pick;thing;;;Mercado de Flores
223;923;2023-01-19;537;Wilcox, Johnson and Dunlap;2025-04-12;Paper;military;17.0;character;Mercado de Legumes
204;339;2025-07-31;4228;Flynn-Knight;2023-08-04;Agreement;firm;;;Mercado de Flores
422;674;2021-03-15;4013;Wright, Dickerson and Mcdonald;2023-02-13;Remain;voice;162.0;management;Mercado de Legumes
99;771;2021-09-23;4771;Stokes, Taylor and Wallace;2023-11-03;Stuff;mother;147.0;miss;Mercado de Flores
99;771;2021-09-23;4771;Stokes, Taylor and Wallace;2023-11-03;Stuff;mother;168.0;party;Mercado de Flores
22;389;2023-07-08;4095;Hernandez, Cain and Dalton;2021-04-23;Town;tend;158.0;outside;Mercado de Legumes
403;415;2022-04-22;2610;Reynolds PLC;2023-07-11;Recent;over;70.0;score;Mercado de Fruta
389;23;2023-12-20;4970;Snyder, Reese and Wagner;2021-07-04;Most;light;102.0;as;Mercado de Legumes
467;836;2023-02-05;2186;Wilson PLC;2021-12-24;Writer;tell;;;Mercado de Legumes
157;443;2021-04-26;4754;West Group;2021-06-12;Several;hand;;;Mercado de Legumes
312;551;2025-12-30;511;Roberts, Sanchez and Cook;2021-10-18;Now;help;;;Mercado de Legumes
374;925;2023-01-01;3615;Park-Curry;2021-09-16;According;store;;;Mercado de Fruta
70;462;2023-01-29;146;Brown Inc;2024-12-20;Daughter;compare;139.0;mission;Mercado de Flores
70;462;2023-01-29;146;Brown Inc;2024-12-20;Daughter;compare;143.0;prevent;Mercado de Flores
42;457;2023-11-27;2961;Goodwin-Murphy;2023-05-27;Either;late;;;Mercado de Fruta
58;798;2024-11-01;3035;Campos, Manning and Johnson;2021-09-03;Young;pay;;;Mercado de Flores
201;281;2024-02-23;4286;Swanson Group;2022-06-11;Voice;democratic;195.0;state;Mercado de Legumes
76;958;2023-03-31;257;Sparks Ltd;2022-05-22;Property;store;;;Mercado de Fruta
256;632;2022-07-26;830;Martinez and Sons;2022-09-09;Ok;adult;6.0;bar;Mercado de Legumes
68;495;2020-02-19;3781;Howard-Olson;2023-03-02;Medical;interesting;;;Mercado de Flores
407;520;2025-08-06;4050;Ford, Spencer and Copeland;2021-10-25;Science;poor;;;Mercado de Fruta
354;669;2021-06-09;3750;Martinez, Sanchez and Smith;2023-08-21;Represent;election;;;Mercado de Flores
181;11;2023-08-05;336;Jackson, Munoz and Guzman;2025-04-01;Cover;real;;;Mercado de Legumes
411;678;2021-12-11;2750;Howard-Gomez;2021-12-18;To;contain;62.0;care;Mercado de Flores
281;417;2024-01-01;1770;Carlson-Landry;2025-12-17;Agreement;girl;178.0;form;Mercado de Flores
259;47;2023-01-10;188;Pham, Farmer and Marsh;2021-04-12;It;form;50.0;have;Mercado de Legumes
187;787;2023-02-10;4577;Hanson, White and Jackson;2024-06-25;Thank;guess;;;Mercado de Fruta
469;982;2021-08-02;549;Hall Ltd;2024-01-09;Their;ever;173.0;seem;Mercado de Fruta
239;20;2021-08-19;1249;Garcia LLC;2025-07-11;Increase;field;;;Mercado de Legumes
205;605;2020-04-06;224;Turner-Cook;2023-12-03;Do;large;;;Mercado de Legumes
110;594;2020-08-24;3194;Price Inc;2025-10-27;Sure;fight;121.0;what;Mercado de Flores
58;954;2023-11-17;3678;Campos, Manning and Johnson;2021-09-03;Quality;goal;;;Mercado de Flores
446;205;2024-05-10;1956;Duffy-Molina;2022-11-01;Need;from;93.0;paper;Mercado de Fruta
237;372;2023-09-28;4140;Holland-Mckay;2025-02-19;Now;fear;128.0;so;Mercado de Flores
203;278;2020-07-02;919;Roberts LLC;2024-09-29;Action;wish;;;Mercado de Legumes
436;591;2023-05-08;4570;Henry, Krueger and Freeman;2021-09-19;Article;interest;;;Mercado de Flores
272;536;2024-05-19;388;Barrett PLC;2022-06-07;Left;increase;;;Mercado de Legumes
187;50;2020-04-20;2356;Hanson, White and Jackson;2024-06-25;Up;foot;;;Mercado de Legumes
463;298;2020-10-08;4846;Sullivan-Hernandez;2021-08-01;Still;simple;;;Mercado de Fruta
124;92;2025-06-30;474;Baker Inc;2021-05-29;System;dark;72.0;language;Mercado de Legumes
120;914;2024-12-04;3894;Mcdaniel-Garza;2022-08-16;Study;choose;;;Mercado de Legumes
284;183;2021-07-09;2790;Wilson, Nixon and Sanchez;2022-10-14;Response;argue;;;Mercado de Flores
10;868;2024-01-17;346;Woods, Taylor and Harrison;2024-07-08;Sister;join;;;Mercado de Fruta
280;809;2020-05-15;102;Fitzgerald, Good and Curtis;2021-09-14;Maybe;thousand;68.0;glass;Mercado de Legumes
280;809;2020-05-15;102;Fitzgerald, Good and Curtis;2021-09-14;Maybe;thousand;186.0;ball;Mercado de Legumes
361;30;2024-10-05;4330;Martinez Ltd;2023-11-22;Maybe;system;80.0;by;Mercado de Flores
195;56;2024-02-28;1524;Ross-Davidson;2022-08-27;Forward;note;;;Mercado de Legumes
60;592;2025-05-03;3514;Brown, Ortega and Moran;2023-07-07;Congress;difficult;;;Mercado de Fruta
318;740;2022-07-27;3419;Gutierrez, Cisneros and Phillips;2021-07-28;Field;computer;;;Mercado de Legumes
480;818;2026-01-16;1186;Jones-Chavez;2022-10-24;Now;he;99.0;then;Mercado de Legumes
480;818;2026-01-16;1186;Jones-Chavez;2022-10-24;Now;he;131.0;religious;Mercado de Legumes
327;269;2020-05-12;2958;Mills, Mclaughlin and Smith;2026-02-09;Rock;figure;66.0;certainly;Mercado de Legumes
477;191;2022-05-17;1729;Jenkins-Butler;2023-02-09;Before;middle;;;Mercado de Legumes
432;257;2024-11-25;2437;Wright Group;2021-03-18;If;participant;;;Mercado de Legumes
417;940;2022-04-13;2897;Wells Group;2026-01-14;Whether;benefit;;;Mercado de Fruta
345;349;2024-06-09;4344;Perez-Shannon;2023-09-04;Hour;think;;;Mercado de Fruta
369;506;2020-06-08;2507;Frank-Glover;2023-12-24;Game;forward;;;Mercado de Legumes
494;962;2024-04-18;2022;Rasmussen Group;2023-04-05;Reflect;write;;;Mercado de Legumes
202;725;2022-05-25;149;Thomas-Sanders;2025-02-12;Since;reduce;;;Mercado de Legumes
424;78;2022-04-29;422;Lopez-Palmer;2024-08-05;Generation;there;;;Mercado de Flores
332;268;2020-08-13;171;Dixon and Sons;2022-12-29;Them;often;;;Mercado de Fruta
422;629;2023-09-24;3767;Wright, Dickerson and Mcdonald;2023-02-13;Defense;whom;162.0;management;Mercado de Legumes
175;69;2025-01-12;4382;Alvarado, Cobb and Dillon;2023-09-19;True;stay;85.0;over;Mercado de Flores
443;72;2022-07-29;2387;Avila Group;2026-01-21;Eat;accept;7.0;might;Mercado de Flores
443;72;2022-07-29;2387;Avila Group;2026-01-21;Eat;accept;75.0;grow;Mercado de Flores
210;653;2022-02-23;169;Clark Ltd;2024-07-20;Loss;east;19.0;perhaps;Mercado de Legumes
380;396;2025-01-31;3496;Hill, Brown and Clark;2023-05-13;Drug;let;;;Mercado de Flores
204;737;2024-05-02;2181;Flynn-Knight;2023-08-04;Cell;may;;;Mercado de Legumes
433;93;2023-02-03;2930;Ballard-Orozco;2024-02-08;Nearly;whom;136.0;of;Mercado de Flores
143;611;2023-04-26;4219;Flores and Sons;2024-12-02;Career;rate;;;Mercado de Legumes
266;715;2020-08-28;2091;Carney-Gomez;2023-01-17;Dog;wish;91.0;serious;Mercado de Fruta
425;490;2025-08-02;4424;Sims PLC;2023-09-28;Bar;former;58.0;different;Mercado de Fruta
425;490;2025-08-02;4424;Sims PLC;2023-09-28;Bar;former;193.0;exactly;Mercado de Fruta
425;490;2025-08-02;4424;Sims PLC;2023-09-28;Bar;former;196.0;personal;Mercado de Fruta
350;809;2023-09-07;3422;Medina-Johnson;2023-03-01;Maybe;thousand;;;Mercado de Legumes
396;901;2023-11-30;2382;Mclaughlin Inc;2023-12-02;Important;actually;;;Mercado de Fruta
163;749;2022-10-03;732;Rogers and Sons;2024-04-13;Practice;worker;;;Mercado de Legumes
243;81;2024-07-26;292;Jensen, Flores and Barnes;2021-07-05;Coach;ago;;;Mercado de Flores
185;514;2023-07-22;1494;Jennings PLC;2024-02-10;Head;wife;;;Mercado de Fruta
338;101;2024-11-24;2423;Brown Ltd;2025-02-19;Include;happen;;;Mercado de Legumes
127;610;2021-03-07;4897;Hill PLC;2025-05-30;To;bad;73.0;Congress;Mercado de Fruta
36;264;2020-07-11;4959;Williams Inc;2025-02-07;Blood;foot;152.0;increase;Mercado de Flores
48;98;2020-04-27;4634;Munoz Ltd;2021-03-17;Hit;successful;;;Mercado de Legumes
44;681;2022-05-05;3717;Johnson, Hooper and Norton;2022-03-04;Blue;window;;;Mercado de Flores
460;79;2023-01-03;4432;Davenport-Cook;2021-03-09;Discuss;style;;;Mercado de Fruta
493;921;2021-04-05;4275;Blake Group;2025-03-31;Life;image;110.0;truth;Mercado de Flores
423;327;2024-01-23;2379;Goodman-Hayes;2024-12-18;Number;field;;;Mercado de Flores
54;952;2020-06-06;2641;Schroeder, Hahn and Miller;2021-03-11;Religious;positive;;;Mercado de Fruta
327;289;2020-06-01;2699;Mills, Mclaughlin and Smith;2026-02-09;Get;six;66.0;certainly;Mercado de Fruta
34;71;2023-06-17;2773;Martinez, Beck and Moyer;2022-10-22;Hundred;rather;47.0;too;Mercado de Legumes
158;115;2024-07-30;804;Moon Group;2024-08-28;Current;describe;;;Mercado de Fruta
225;413;2021-07-24;415;Bradley-Phillips;2021-10-31;Really;traditional;;;Mercado de Legumes
323;67;2025-06-07;4618;Cummings and Sons;2022-10-22;Money;inside;;;Mercado de Fruta
56;822;2023-05-26;3352;Wheeler-Blackburn;2025-06-13;Medical;scene;1.0;move;Mercado de Flores
56;822;2023-05-26;3352;Wheeler-Blackburn;2025-06-13;Medical;scene;132.0;sort;Mercado de Flores
278;142;2022-06-06;532;Morrow-Compton;2025-06-19;Different;position;90.0;star;Mercado de Fruta
116;334;2020-11-26;3459;Williams, Anderson and Lopez;2025-02-13;Tree;certain;28.0;difference;Mercado de Fruta
51;621;2020-04-12;1720;Mueller-Herrera;2022-08-02;Former;second;;;Mercado de Flores
208;821;2022-06-24;1574;Nunez-Lopez;2025-09-23;Create;change;;;Mercado de Legumes
88;803;2021-06-30;4865;Brewer Ltd;2023-01-19;Case;simply;;;Mercado de Legumes
81;882;2025-11-21;1965;Norton, Mccoy and Torres;2021-07-03;Station;possible;;;Mercado de Flores
1;946;2021-06-15;4301;Cooper and Sons;2022-04-26;Ago;box;;;Mercado de Fruta
357;156;2022-04-07;128;Curry, Luna and White;2023-03-17;Only;soon;;;Mercado de Flores
372;975;2020-08-07;2393;Nichols, Moore and Meadows;2024-11-05;Future;hear;;;Mercado de Flores
46;113;2021-01-04;476;Jones-Atkinson;2022-09-28;Itself;issue;;;Mercado de Legumes
3;108;2022-07-14;198;Cruz, Hurley and Graham;2024-07-17;Affect;amount;;;Mercado de Flores
410;76;2020-05-04;4615;Clark Ltd;2021-04-02;Black;across;;;Mercado de Fruta
405;608;2024-10-02;1224;Valenzuela-Meyer;2024-09-09;Answer;size;;;Mercado de Legumes
460;870;2021-07-23;4705;Davenport-Cook;2021-03-09;Open;perhaps;;;Mercado de Flores
468;265;2022-11-28;161;Crawford, Barnes and Aguilar;2021-04-19;Town;play;;;Mercado de Fruta
298;863;2025-11-04;625;Benson-Travis;2022-07-13;Any;bill;34.0;will;Mercado de Legumes
401;809;2024-02-23;3126;Bell, Nelson and Walker;2026-01-20;Maybe;thousand;;;Mercado de Legumes
38;287;2020-09-22;1885;Moore LLC;2022-08-15;Find;discussion;;;Mercado de Legumes
66;743;2025-05-08;4143;Lara, Baker and Young;2025-09-16;Professor;well;182.0;current;Mercado de Legumes
7;388;2023-11-23;3077;Davis, Armstrong and Brown;2023-02-05;International;effect;;;Mercado de Fruta
348;435;2023-03-14;4606;Lyons-Mccoy;2021-09-26;Already;run;76.0;involve;Mercado de Flores
63;501;2020-03-24;2862;Castro, Sherman and Flores;2025-12-01;Offer;after;;;Mercado de Flores
71;325;2020-11-23;511;Krueger, Trujillo and Gonzalez;2022-01-15;Politics;simple;;;Mercado de Fruta
197;91;2021-03-31;381;Tate, Wilson and Wilson;2026-02-16;South;system;142.0;pattern;Mercado de Fruta
11;788;2022-02-04;621;Serrano, Young and Nichols;2024-10-20;Brother;meet;;;Mercado de Legumes
97;590;2022-08-10;2685;Munoz-Lawson;2024-07-29;Team;day;20.0;stay;Mercado de Legumes
97;590;2022-08-10;2685;Munoz-Lawson;2024-07-29;Team;day;23.0;total;Mercado de Legumes
97;590;2022-08-10;2685;Munoz-Lawson;2024-07-29;Team;day;26.0;identify;Mercado de Legumes
97;590;2022-08-10;2685;Munoz-Lawson;2024-07-29;Team;day;150.0;join;Mercado de Legumes
97;590;2022-08-10;2685;Munoz-Lawson;2024-07-29;Team;day;181.0;grow;Mercado de Legumes
143;150;2024-08-29;337;Flores and Sons;2024-12-02;Director;myself;;;Mercado de Flores
51;766;2025-09-11;3220;Mueller-Herrera;2022-08-02;Him;baby;;;Mercado de Fruta
410;247;2024-02-21;2586;Clark Ltd;2021-04-02;Nice;although;;;Mercado de Fruta
158;826;2025-01-11;4498;Moon Group;2024-08-28;Name;moment;;;Mercado de Fruta
81;617;2020-05-03;4279;Norton, Mccoy and Torres;2021-07-03;Ok;thought;;;Mercado de Legumes
49;906;2020-08-09;1081;Black and Sons;2021-10-18;Expect;else;;;Mercado de Flores
335;47;2023-12-20;2180;Webb Inc;2023-03-12;It;form;;;Mercado de Legumes
421;548;2023-04-21;4842;Martin LLC;2023-10-20;Drug;last;;;Mercado de Legumes
342;118;2023-10-18;3118;Hernandez-King;2022-04-10;Determine;recognize;;;Mercado de Fruta
141;85;2022-02-09;1383;Gordon LLC;2022-04-11;Through;south;;;Mercado de Fruta
53;395;2022-12-06;127;West-Brewer;2021-11-26;Course;remain;188.0;both;Mercado de Legumes
397;962;2025-08-28;2908;Choi Ltd;2023-02-14;Reflect;write;;;Mercado de Legumes
282;409;2025-09-24;3916;Wilson LLC;2025-01-17;Baby;model;130.0;billion;Mercado de Fruta
282;409;2025-09-24;3916;Wilson LLC;2025-01-17;Baby;model;167.0;wonder;Mercado de Fruta
277;392;2022-05-03;4869;Bennett Group;2021-03-31;Democrat;everyone;;;Mercado de Legumes
234;813;2021-08-06;435;Yates LLC;2025-03-18;Floor;national;87.0;audience;Mercado de Flores
234;813;2021-08-06;435;Yates LLC;2025-03-18;Floor;national;164.0;where;Mercado de Flores
318;781;2026-01-13;4109;Gutierrez, Cisneros and Phillips;2021-07-28;Job;green;;;Mercado de Fruta
104;697;2025-09-11;487;Mosley, Petty and Davis;2026-01-02;Actually;still;;;Mercado de Fruta
64;559;2021-02-27;4956;Gonzalez, Vasquez and Powers;2024-07-20;Admit;position;;;Mercado de Fruta
311;589;2023-02-14;2977;Johnson-Blankenship;2021-09-21;Environmental;strategy;46.0;far;Mercado de Fruta
76;407;2023-02-15;2168;Sparks Ltd;2022-05-22;Admit;administration;;;Mercado de Legumes
137;547;2020-03-05;2220;Gray, Kim and Doyle;2023-09-10;Whatever;reduce;;;Mercado de Fruta
32;257;2022-05-24;4935;Arnold, Hernandez and Hines;2022-10-16;If;participant;51.0;sense;Mercado de Legumes
475;487;2022-07-29;4075;Luna Ltd;2025-03-23;Court;address;;;Mercado de Fruta
322;560;2024-01-29;2970;Elliott Group;2024-07-27;Poor;those;;;Mercado de Legumes
132;914;2020-04-19;4441;Branch and Sons;2021-12-10;Study;choose;69.0;exist;Mercado de Legumes
468;84;2023-10-14;4108;Crawford, Barnes and Aguilar;2021-04-19;Decade;compare;;;Mercado de Flores
36;401;2025-03-21;2859;Williams Inc;2025-02-07;Admit;politics;152.0;increase;Mercado de Legumes
32;64;2021-06-11;189;Arnold, Hernandez and Hines;2022-10-16;Sell;care;51.0;sense;Mercado de Fruta
259;272;2025-09-02;2725;Pham, Farmer and Marsh;2021-04-12;Himself;finally;50.0;have;Mercado de Legumes
261;931;2024-01-04;4300;Long-Ellis;2022-07-28;Nearly;water;55.0;between;Mercado de Fruta
469;943;2023-09-03;4053;Hall Ltd;2024-01-09;Set;physical;173.0;seem;Mercado de Fruta
499;569;2021-03-16;3445;Jacobs, Johnson and Clark;2022-01-05;Process;body;9.0;piece;Mercado de Legumes
499;569;2021-03-16;3445;Jacobs, Johnson and Clark;2022-01-05;Process;body;43.0;here;Mercado de Legumes
332;595;2025-01-08;3596;Dixon and Sons;2022-12-29;Especially;staff;;;Mercado de Fruta
189;821;2020-05-02;2966;Clark LLC;2025-06-23;Create;change;;;Mercado de Legumes
447;868;2021-01-22;4824;Palmer, Hall and Mcintosh;2023-12-21;Sister;join;;;Mercado de Fruta
41;254;2022-11-22;4876;Stephenson-Lee;2025-10-15;They;pay;;;Mercado de Legumes
22;171;2022-08-22;2366;Hernandez, Cain and Dalton;2021-04-23;Style;bill;158.0;outside;Mercado de Flores
321;87;2022-09-10;2251;Frost-Wolfe;2023-12-28;Early;my;;;Mercado de Flores
382;871;2023-09-26;4402;Buchanan-Marquez;2023-03-31;Party;street;;;Mercado de Fruta
12;881;2022-10-14;4565;Bradley LLC;2024-08-05;Wear;table;;;Mercado de Legumes
333;142;2022-11-13;2858;Robinson, Riddle and Reese;2024-10-16;Different;position;;;Mercado de Fruta
335;825;2021-03-09;2447;Webb Inc;2023-03-12;Central;magazine;;;Mercado de Flores
125;14;2021-12-21;4315;Rice, Freeman and Brown;2024-12-11;Image;leg;115.0;reality;Mercado de Legumes
221;59;2022-04-15;2527;Gardner Group;2024-11-05;Himself;move;41.0;big;Mercado de Legumes
337;541;2023-03-22;3841;Jackson Ltd;2022-01-03;Group;rather;14.0;fight;Mercado de Fruta
88;132;2023-01-21;2411;Brewer Ltd;2023-01-19;Reveal;create;;;Mercado de Flores
237;143;2025-12-30;3256;Holland-Mckay;2025-02-19;Film;could;128.0;so;Mercado de Legumes
231;258;2020-07-14;3294;Griffin PLC;2021-03-20;Amount;lawyer;;;Mercado de Flores
439;742;2021-06-18;3683;Lopez, Jimenez and Miller;2024-03-06;Become;recognize;;;Mercado de Fruta
268;164;2024-12-26;3391;Taylor Inc;2022-03-26;Almost;describe;;;Mercado de Legumes
58;220;2022-09-18;4672;Campos, Manning and Johnson;2021-09-03;Plan;case;;;Mercado de Fruta
429;453;2022-09-05;4431;Foster-Murphy;2023-08-16;Require;situation;;;Mercado de Flores
223;107;2020-11-25;1309;Wilcox, Johnson and Dunlap;2025-04-12;Modern;yes;17.0;character;Mercado de Legumes
56;173;2025-09-13;3772;Wheeler-Blackburn;2025-06-13;Throughout;early;1.0;move;Mercado de Legumes
56;173;2025-09-13;3772;Wheeler-Blackburn;2025-06-13;Throughout;early;132.0;sort;Mercado de Legumes
463;357;2023-12-21;875;Sullivan-Hernandez;2021-08-01;One;his;;;Mercado de Flores
328;371;2023-02-01;2511;Lee, Figueroa and Silva;2023-01-06;Price;material;;;Mercado de Legumes
492;510;2020-04-15;1948;Lyons, Gomez and Oconnor;2021-04-27;Suffer;nature;;;Mercado de Flores
456;741;2025-06-20;2903;Price, Franklin and Duarte;2025-01-08;Member;other;;;Mercado de Flores
241;501;2020-05-25;4518;Bates-Rivera;2022-09-06;Offer;after;;;Mercado de Flores
162;498;2025-09-12;4477;Jacobs-Watson;2025-05-15;Boy;though;;;Mercado de Flores
168;393;2025-05-30;1707;Martinez and Sons;2023-10-25;Tell;eat;4.0;along;Mercado de Flores
286;908;2025-09-25;1217;James PLC;2024-11-09;Lawyer;outside;;;Mercado de Legumes
213;630;2020-07-22;3720;Gonzalez-George;2021-03-23;Give;generation;11.0;off;Mercado de Flores
190;51;2022-06-12;2897;Lyons-Cook;2023-06-02;Attack;already;;;Mercado de Flores
55;333;2022-09-02;942;Hill, Allen and Rodriguez;2022-07-31;To;watch;114.0;ability;Mercado de Flores
192;1000;2025-10-04;3753;Bowman Ltd;2023-10-30;Century;center;;;Mercado de Fruta
63;419;2025-07-06;1184;Castro, Sherman and Flores;2025-12-01;Available;citizen;;;Mercado de Legumes
465;437;2025-06-16;4190;Smith-King;2025-09-06;Care;score;;;Mercado de Legumes
220;309;2022-03-11;1365;Sharp-Williams;2024-08-10;Social;shake;;;Mercado de Flores
89;38;2021-12-15;4389;Johns, Wolf and Osborne;2023-07-02;Miss;forget;;;Mercado de Legumes
371;437;2022-07-24;2006;Wells, Jenkins and Martin;2025-08-30;Care;score;;;Mercado de Legumes
480;174;2021-02-11;2697;Jones-Chavez;2022-10-24;Culture;back;99.0;then;Mercado de Flores
480;174;2021-02-11;2697;Jones-Chavez;2022-10-24;Culture;back;131.0;religious;Mercado de Flores
38;746;2023-10-05;1091;Moore LLC;2022-08-15;Source;rather;;;Mercado de Legumes
365;989;2024-03-23;181;Cantu, Palmer and Thomas;2025-01-03;Early;real;;;Mercado de Legumes
335;553;2023-04-04;867;Webb Inc;2023-03-12;Pick;member;;;Mercado de Fruta
264;746;2020-08-21;2958;Hopkins, Jackson and Ortiz;2025-01-24;Source;rather;;;Mercado de Legumes
385;926;2020-06-15;1689;Gonzalez Group;2024-02-14;Enter;government;;;Mercado de Legumes
394;509;2022-05-20;1244;Mcgee-Ramirez;2024-11-29;Picture;finish;;;Mercado de Legumes
78;632;2023-04-06;4876;Douglas and Sons;2025-06-07;Ok;adult;;;Mercado de Legumes
414;185;2024-05-14;865;Nguyen-Becker;2023-04-12;Walk;western;;;Mercado de Legumes
133;808;2024-10-09;797;Bullock Ltd;2022-03-23;Because;material;71.0;side;Mercado de Fruta
246;671;2024-08-27;744;Wood-Fisher;2025-06-13;Miss;level;;;Mercado de Legumes
143;944;2024-10-12;4429;Flores and Sons;2024-12-02;Stay;detail;;;Mercado de Legumes
167;130;2022-01-27;740;Walker LLC;2023-07-29;They;really;;;Mercado de Fruta
214;611;2021-12-24;3196;Weaver LLC;2023-05-04;Career;rate;;;Mercado de Legumes
268;278;2024-07-21;4497;Taylor Inc;2022-03-26;Action;wish;;;Mercado de Legumes
447;453;2022-02-04;386;Palmer, Hall and Mcintosh;2023-12-21;Require;situation;;;Mercado de Flores
125;276;2024-07-13;4962;Rice, Freeman and Brown;2024-12-11;Prevent;if;115.0;reality;Mercado de Flores
37;846;2023-10-13;399;Meyer-Kim;2022-04-17;Wind;training;40.0;do;Mercado de Flores
452;155;2022-12-29;523;Sims LLC;2025-12-16;Question;future;;;Mercado de Legumes
221;882;2025-07-28;187;Gardner Group;2024-11-05;Station;possible;41.0;big;Mercado de Flores
469;588;2020-08-28;3559;Hall Ltd;2024-01-09;Wear;region;173.0;seem;Mercado de Flores
152;159;2023-06-12;3848;Schultz-Glass;2023-06-16;Newspaper;herself;118.0;western;Mercado de Flores
96;289;2022-01-19;451;Sosa, Newton and Anderson;2022-05-18;Get;six;;;Mercado de Fruta
411;935;2024-06-28;2704;Howard-Gomez;2021-12-18;Alone;science;62.0;care;Mercado de Legumes
500;635;2021-06-27;1317;Johnson-Anderson;2024-01-02;He;over;;;Mercado de Legumes
316;299;2020-11-30;4305;Rodriguez, Huff and Holland;2024-08-16;General;parent;;;Mercado de Legumes
3;989;2024-08-04;2135;Cruz, Hurley and Graham;2024-07-17;Early;real;;;Mercado de Legumes
271;158;2023-06-18;3282;Lucero-Dawson;2021-03-15;Two;health;;;Mercado de Legumes
469;948;2022-09-28;2357;Hall Ltd;2024-01-09;Star;all;173.0;seem;Mercado de Flores
129;843;2021-07-20;2064;Gonzalez LLC;2025-09-05;Woman;century;30.0;difficult;Mercado de Flores
129;843;2021-07-20;2064;Gonzalez LLC;2025-09-05;Woman;century;191.0;a;Mercado de Flores
56;374;2021-07-14;1260;Wheeler-Blackburn;2025-06-13;Establish;here;1.0;move;Mercado de Legumes
56;374;2021-07-14;1260;Wheeler-Blackburn;2025-06-13;Establish;here;132.0;sort;Mercado de Legumes
353;168;2024-12-17;4591;Jones-Rollins;2024-02-10;Address;product;;;Mercado de Flores
150;309;2020-11-23;3564;Zhang, Arnold and Richmond;2021-11-15;Social;shake;;;Mercado de Flores
438;429;2020-11-19;855;Reed, Vega and Ho;2022-04-05;Must;future;42.0;seem;Mercado de Flores
323;175;2022-01-31;142;Cummings and Sons;2022-10-22;Southern;contain;;;Mercado de Fruta
111;949;2024-04-19;2323;Huff-Garcia;2024-06-20;Watch;usually;;;Mercado de Fruta
455;298;2024-10-14;4423;Giles, Lewis and Sampson;2021-08-24;Still;simple;;;Mercado de Fruta
413;405;2025-01-19;4101;Shelton Inc;2024-03-19;Structure;wide;;;Mercado de Flores
454;927;2024-12-13;2478;Gonzales-Gonzales;2022-11-22;Middle;enough;;;Mercado de Flores
406;240;2024-02-04;1301;Rodriguez-Spencer;2022-05-20;Describe;attorney;;;Mercado de Flores
55;637;2024-12-09;3262;Hill, Allen and Rodriguez;2022-07-31;Well;determine;114.0;ability;Mercado de Fruta
388;93;2021-09-01;3040;Gutierrez-Wright;2025-12-14;Nearly;whom;;;Mercado de Flores
461;142;2021-10-23;2175;Smith-Stanley;2021-06-23;Different;position;;;Mercado de Fruta
415;724;2020-09-02;4578;Anderson, Yoder and Taylor;2021-08-26;Western;have;60.0;thing;Mercado de Fruta
448;785;2025-12-08;415;Jacobs Ltd;2024-09-13;Four;his;;;Mercado de Legumes
483;131;2022-08-30;2504;Ramirez PLC;2025-10-14;Generation;work;8.0;throughout;Mercado de Legumes
423;448;2025-07-03;1637;Goodman-Hayes;2024-12-18;Everyone;environment;;;Mercado de Fruta
163;124;2020-12-17;3875;Rogers and Sons;2024-04-13;Find;how;;;Mercado de Fruta
192;194;2020-10-13;3671;Bowman Ltd;2023-10-30;Student;each;;;Mercado de Legumes
180;655;2022-10-29;2259;Tran-Huynh;2021-10-01;Water;truth;3.0;teach;Mercado de Fruta
38;483;2022-05-24;2449;Moore LLC;2022-08-15;Lead;chair;;;Mercado de Flores
298;974;2023-03-14;1569;Benson-Travis;2022-07-13;Eight;group;34.0;will;Mercado de Legumes
438;834;2025-08-07;634;Reed, Vega and Ho;2022-04-05;Interesting;unit;42.0;seem;Mercado de Flores
310;58;2025-12-23;4252;Turner, Bowman and Williams;2021-08-06;Animal;occur;;;Mercado de Fruta
280;485;2022-12-06;253;Fitzgerald, Good and Curtis;2021-09-14;However;debate;68.0;glass;Mercado de Legumes
280;485;2022-12-06;253;Fitzgerald, Good and Curtis;2021-09-14;However;debate;186.0;ball;Mercado de Legumes
86;920;2020-01-16;1305;Frederick, Kelly and Willis;2023-11-24;Kid;son;;;Mercado de Legumes
351;202;2022-01-13;3827;Curtis Inc;2024-10-01;Discussion;edge;101.0;both;Mercado de Fruta
59;555;2020-07-05;666;Sullivan, Johnston and Rosales;2024-12-03;Green;particularly;;;Mercado de Flores
402;380;2020-12-22;4940;Miller-Wagner;2023-04-08;Character;forward;;;Mercado de Legumes
283;870;2021-01-17;599;Nguyen-Patterson;2023-01-09;Open;perhaps;;;Mercado de Flores
317;66;2023-11-27;1726;Snyder and Sons;2021-07-03;Community;majority;;;Mercado de Flores
309;560;2021-06-17;204;Maldonado-Macias;2021-03-27;Poor;those;;;Mercado de Legumes
345;830;2023-05-03;4851;Perez-Shannon;2023-09-04;Customer;cut;;;Mercado de Legumes
345;783;2024-11-27;4022;Perez-Shannon;2023-09-04;Certain;office;;;Mercado de Flores
28;290;2020-07-08;3590;Hancock, Walker and Miller;2022-11-08;Education;share;;;Mercado de Legumes
165;264;2021-07-17;1882;Williams, Griffith and Craig;2025-01-08;Blood;foot;39.0;away;Mercado de Flores
414;988;2023-10-08;755;Nguyen-Becker;2023-04-12;Near;foreign;;;Mercado de Fruta
201;660;2022-07-27;3457;Swanson Group;2022-06-11;Senior;song;195.0;state;Mercado de Flores
442;322;2024-08-29;347;Savage Ltd;2025-04-01;Democrat;serve;;;Mercado de Fruta
49;412;2025-05-28;2876;Black and Sons;2021-10-18;Player;soon;;;Mercado de Fruta
210;955;2022-08-18;531;Clark Ltd;2024-07-20;True;house;19.0;perhaps;Mercado de Fruta
447;347;2021-08-26;1835;Palmer, Hall and Mcintosh;2023-12-21;Speak;far;;;Mercado de Legumes
83;873;2024-09-15;724;Graham LLC;2022-11-25;Strategy;success;154.0;tree;Mercado de Flores
441;457;2024-09-04;3669;Mclaughlin, Hernandez and Fitzpatrick;2025-05-27;Either;late;;;Mercado de Fruta
132;80;2020-04-15;1635;Branch and Sons;2021-12-10;Focus;price;69.0;exist;Mercado de Legumes
99;471;2022-08-23;4091;Stokes, Taylor and Wallace;2023-11-03;Effect;force;147.0;miss;Mercado de Flores
99;471;2022-08-23;4091;Stokes, Taylor and Wallace;2023-11-03;Effect;force;168.0;party;Mercado de Flores
312;472;2024-11-26;4902;Roberts, Sanchez and Cook;2021-10-18;Different;deep;;;Mercado de Fruta
153;11;2021-07-15;3808;Wilson, Spears and Mitchell;2025-04-21;Cover;real;79.0;image;Mercado de Legumes
454;619;2022-02-08;3771;Gonzales-Gonzales;2022-11-22;Decade;generation;;;Mercado de Fruta
378;58;2022-08-20;1764;Clark, Sloan and Maldonado;2024-06-22;Animal;occur;;;Mercado de Fruta
93;686;2020-08-28;4654;Russell Ltd;2025-01-13;Difference;black;194.0;quickly;Mercado de Legumes
96;831;2021-01-01;2693;Sosa, Newton and Anderson;2022-05-18;Yard;everyone;;;Mercado de Flores
106;647;2020-07-01;4278;Dodson Inc;2024-09-15;Husband;with;;;Mercado de Legumes
490;815;2022-06-07;4904;Pruitt-Young;2021-04-13;Same;cultural;;;Mercado de Legumes
313;961;2021-05-17;4268;Stout-Rodgers;2022-09-19;Although;politics;92.0;why;Mercado de Fruta
457;470;2023-06-01;1749;Olsen LLC;2024-01-29;Into;his;;;Mercado de Legumes
238;430;2025-02-03;1237;Whitney, Kim and Moore;2025-02-23;Piece;our;;;Mercado de Fruta
117;46;2025-08-26;699;Avila, Duke and Medina;2024-04-05;Sport;identify;184.0;specific;Mercado de Fruta
349;683;2022-03-24;4628;Wise-Perry;2021-04-04;Set;half;;;Mercado de Legumes
85;902;2022-02-23;3151;Keller, Dixon and Wilson;2025-04-06;All;way;111.0;free;Mercado de Legumes
86;523;2025-11-30;4769;Frederick, Kelly and Willis;2023-11-24;Industry;buy;;;Mercado de Fruta
339;910;2025-01-27;3458;Hill, Dalton and Bolton;2021-10-09;Theory;election;77.0;property;Mercado de Fruta
356;53;2020-01-13;1450;Cook, Boyer and Cox;2024-02-10;Special;be;;;Mercado de Legumes
492;976;2024-07-10;1725;Lyons, Gomez and Oconnor;2021-04-27;Network;almost;;;Mercado de Fruta
256;996;2023-01-03;1319;Martinez and Sons;2022-09-09;List;education;6.0;bar;Mercado de Flores
319;355;2023-04-16;4758;Lee-White;2022-01-14;Real;wife;;;Mercado de Fruta
417;869;2022-05-17;3699;Wells Group;2026-01-14;Who;glass;;;Mercado de Legumes
234;990;2023-12-19;1099;Yates LLC;2025-03-18;Condition;region;87.0;audience;Mercado de Flores
234;990;2023-12-19;1099;Yates LLC;2025-03-18;Condition;region;164.0;where;Mercado de Flores
12;827;2021-02-07;4101;Bradley LLC;2024-08-05;Million;air;;;Mercado de Legumes
292;665;2022-03-07;3492;Johnson-Garcia;2022-04-20;Night;experience;;;Mercado de Legumes
386;811;2022-07-03;1365;Hayden-Ellis;2026-01-01;Nor;remember;;;Mercado de Fruta
358;106;2020-02-08;374;Mccormick and Sons;2023-11-06;Happen;blood;24.0;during;Mercado de Fruta
358;106;2020-02-08;374;Mccormick and Sons;2023-11-06;Happen;blood;138.0;democratic;Mercado de Fruta
234;339;2022-08-03;1710;Yates LLC;2025-03-18;Agreement;firm;87.0;audience;Mercado de Flores
234;339;2022-08-03;1710;Yates LLC;2025-03-18;Agreement;firm;164.0;where;Mercado de Flores
148;122;2025-05-20;777;Hicks, Smith and Watson;2026-01-22;North;eight;18.0;turn;Mercado de Legumes
78;741;2022-10-14;1148;Douglas and Sons;2025-06-07;Member;other;;;Mercado de Flores
80;682;2024-05-17;395;Boyd, Johnson and Miller;2024-08-15;Wrong;organization;10.0;exactly;Mercado de Fruta
80;682;2024-05-17;395;Boyd, Johnson and Miller;2024-08-15;Wrong;organization;96.0;parent;Mercado de Fruta
155;174;2022-11-02;3620;Harris-Travis;2023-09-23;Culture;back;;;Mercado de Flores
50;360;2021-06-02;4289;Maldonado and Sons;2021-06-01;Television;base;;;Mercado de Flores
182;511;2020-12-15;4352;Moore, Rivera and Nguyen;2024-06-18;Huge;partner;;;Mercado de Fruta
334;383;2023-08-30;1335;Hernandez-Mason;2024-04-05;Yeah;determine;140.0;ok;Mercado de Legumes
431;482;2020-03-01;3826;Taylor Inc;2024-08-22;Manager;behavior;104.0;account;Mercado de Legumes
379;402;2021-05-11;4995;Ross, Ray and Bean;2023-09-04;International;and;22.0;join;Mercado de Flores
165;645;2020-12-05;3612;Williams, Griffith and Craig;2025-01-08;Turn;herself;39.0;away;Mercado de Flores
149;276;2024-09-23;1016;Sawyer LLC;2026-01-27;Prevent;if;;;Mercado de Flores
473;573;2021-10-01;1503;Brock PLC;2024-01-10;Speech;whether;;;Mercado de Flores
234;807;2021-10-17;1029;Yates LLC;2025-03-18;To;nice;87.0;audience;Mercado de Flores
234;807;2021-10-17;1029;Yates LLC;2025-03-18;To;nice;164.0;where;Mercado de Flores
30;829;2021-10-14;4137;Vargas, Santiago and Mcdonald;2024-10-25;Fall;outside;;;Mercado de Fruta
230;540;2024-01-23;1558;Shelton Inc;2023-04-03;Financial;budget;169.0;hot;Mercado de Flores
158;209;2022-05-09;2070;Moon Group;2024-08-28;Stock;customer;;;Mercado de Legumes
335;838;2021-01-11;2460;Webb Inc;2023-03-12;Phone;interview;;;Mercado de Fruta
127;220;2022-02-05;2256;Hill PLC;2025-05-30;Plan;case;73.0;Congress;Mercado de Fruta
499;176;2024-05-11;166;Jacobs, Johnson and Clark;2022-01-05;Believe;for;9.0;piece;Mercado de Legumes
499;176;2024-05-11;166;Jacobs, Johnson and Clark;2022-01-05;Believe;for;43.0;here;Mercado de Legumes
380;481;2021-02-18;3370;Hill, Brown and Clark;2023-05-13;Wish;writer;;;Mercado de Fruta
257;830;2025-12-31;3904;Mclaughlin, Noble and Mccall;2023-07-02;Customer;cut;;;Mercado de Legumes
239;136;2023-10-19;3334;Garcia LLC;2025-07-11;Turn;example;;;Mercado de Fruta
381;451;2021-09-02;3189;Hunter-Wood;2023-06-13;Check;determine;;;Mercado de Fruta
299;801;2021-11-08;2566;Booker PLC;2025-08-17;Special;the;;;Mercado de Flores
484;680;2024-08-05;883;Greene Inc;2024-11-23;Score;tell;124.0;follow;Mercado de Legumes
236;23;2021-07-27;2068;Butler, Williams and Hoffman;2023-04-13;Most;light;;;Mercado de Legumes
397;140;2021-05-16;3294;Choi Ltd;2023-02-14;Nothing;apply;;;Mercado de Legumes
77;587;2023-02-11;2448;Carter PLC;2024-11-13;Purpose;player;;;Mercado de Legumes
161;1;2024-07-04;2024;Mays-Harmon;2022-10-23;Effect;else;;;Mercado de Fruta
324;576;2020-06-26;3937;Pearson-Dean;2022-05-18;Support;close;;;Mercado de Flores
396;148;2026-02-09;3088;Mclaughlin Inc;2023-12-02;Continue;by;;;Mercado de Fruta
88;192;2021-10-31;4325;Brewer Ltd;2023-01-19;Line;police;;;Mercado de Flores
458;856;2021-02-07;805;Long, Walker and Allison;2025-03-29;Something;summer;;;Mercado de Fruta
327;403;2020-03-09;4738;Mills, Mclaughlin and Smith;2026-02-09;Choose;beat;66.0;certainly;Mercado de Fruta
60;719;2020-01-22;4217;Brown, Ortega and Moran;2023-07-07;Contain;memory;;;Mercado de Legumes
373;227;2021-02-20;889;Martinez, Taylor and Howard;2025-04-04;Still;religious;;;Mercado de Legumes
83;876;2020-12-09;4227;Graham LLC;2022-11-25;End;table;154.0;tree;Mercado de Flores
102;500;2022-10-29;2315;Hood-Potter;2024-06-23;Arrive;brother;;;Mercado de Legumes
152;257;2024-04-15;3679;Schultz-Glass;2023-06-16;If;participant;118.0;western;Mercado de Legumes
312;841;2025-10-11;1301;Roberts, Sanchez and Cook;2021-10-18;Relationship;site;;;Mercado de Fruta
423;605;2025-09-24;4556;Goodman-Hayes;2024-12-18;Do;large;;;Mercado de Legumes
241;638;2021-11-18;2657;Bates-Rivera;2022-09-06;Material;care;;;Mercado de Legumes
429;653;2020-09-16;370;Foster-Murphy;2023-08-16;Loss;east;;;Mercado de Legumes
210;499;2020-02-15;1885;Clark Ltd;2024-07-20;Leader;spend;19.0;perhaps;Mercado de Fruta
386;464;2024-10-28;4931;Hayden-Ellis;2026-01-01;Put;idea;;;Mercado de Legumes
306;182;2022-06-06;1042;Jenkins LLC;2022-02-24;Management;pattern;;;Mercado de Legumes
414;379;2022-12-05;3779;Nguyen-Becker;2023-04-12;Somebody;born;;;Mercado de Fruta
314;287;2021-11-04;2157;Moody LLC;2024-10-26;Find;discussion;;;Mercado de Legumes
306;902;2025-02-13;2311;Jenkins LLC;2022-02-24;All;way;;;Mercado de Legumes
270;474;2022-01-31;1549;Knight-Alexander;2023-05-25;Court;truth;175.0;practice;Mercado de Flores
45;949;2026-02-11;2165;Carney-Walker;2023-06-05;Watch;usually;;;Mercado de Fruta
343;216;2025-10-07;2610;Stone, Romero and Walton;2022-02-19;Sure;well;;;Mercado de Flores
127;215;2021-08-03;3163;Hill PLC;2025-05-30;Whom;wear;73.0;Congress;Mercado de Legumes
352;883;2024-06-19;2212;Brewer-Willis;2024-10-10;Five;future;;;Mercado de Fruta
179;529;2020-04-10;989;Bowman, Boyer and Smith;2025-03-16;Car;season;;;Mercado de Fruta
176;656;2024-05-30;647;Schaefer-Brooks;2021-04-09;Republican;off;;;Mercado de Legumes
367;546;2025-03-31;603;Waters Inc;2025-12-04;Cover;control;;;Mercado de Flores
487;186;2024-01-05;3473;Martin, Mosley and York;2022-04-29;Personal;within;;;Mercado de Flores
44;884;2023-12-21;3444;Johnson, Hooper and Norton;2022-03-04;Describe;model;;;Mercado de Legumes
254;866;2021-12-21;1302;Williams, Mcdonald and Schmidt;2025-08-24;Base;compare;123.0;dream;Mercado de Legumes
254;806;2021-08-26;542;Williams, Mcdonald and Schmidt;2025-08-24;Care;cell;123.0;dream;Mercado de Legumes
415;192;2025-08-19;1404;Anderson, Yoder and Taylor;2021-08-26;Line;police;60.0;thing;Mercado de Flores
445;914;2024-12-30;4087;Rodriguez LLC;2023-11-14;Study;choose;;;Mercado de Legumes
274;797;2021-04-07;2339;Sosa Group;2026-01-19;Another;live;;;Mercado de Legumes
28;500;2025-02-02;1743;Hancock, Walker and Miller;2022-11-08;Arrive;brother;;;Mercado de Legumes
204;922;2022-06-22;4042;Flynn-Knight;2023-08-04;Daughter;remember;;;Mercado de Fruta
141;372;2020-11-13;4673;Gordon LLC;2022-04-11;Now;fear;;;Mercado de Flores
61;368;2024-11-04;1341;Stewart, Hopkins and Williams;2021-12-31;Challenge;instead;;;Mercado de Legumes
379;587;2023-05-09;4718;Ross, Ray and Bean;2023-09-04;Purpose;player;22.0;join;Mercado de Legumes
21;417;2021-05-03;4287;Williams, Martinez and Gentry;2021-03-07;Agreement;girl;;;Mercado de Flores
81;158;2021-01-11;1682;Norton, Mccoy and Torres;2021-07-03;Two;health;;;Mercado de Legumes
399;96;2025-02-26;664;Scott Group;2021-11-11;Speak;establish;84.0;page;Mercado de Flores
472;996;2026-01-02;1046;Camacho Inc;2022-03-16;List;education;;;Mercado de Flores
410;122;2024-10-06;4911;Clark Ltd;2021-04-02;North;eight;;;Mercado de Legumes
203;437;2024-12-02;2284;Roberts LLC;2024-09-29;Care;score;;;Mercado de Legumes
216;23;2021-01-22;3190;Kirk LLC;2025-02-16;Most;light;74.0;employee;Mercado de Legumes
31;287;2023-10-01;3136;Ball-Phillips;2025-10-21;Find;discussion;;;Mercado de Legumes
473;129;2021-07-01;3260;Brock PLC;2024-01-10;Way;but;;;Mercado de Flores
14;954;2021-08-17;1620;Harrison-Moore;2024-09-28;Quality;goal;;;Mercado de Flores
285;913;2024-08-29;3704;English-Williams;2023-09-29;Bed;remember;;;Mercado de Fruta
375;839;2020-12-11;3464;Dixon-Williams;2021-07-20;Security;moment;;;Mercado de Legumes
152;261;2023-08-03;3851;Schultz-Glass;2023-06-16;Report;matter;118.0;western;Mercado de Flores
57;546;2024-05-01;1325;Lee Inc;2025-11-23;Cover;control;;;Mercado de Flores
227;94;2024-07-24;2521;Mitchell, Hernandez and Smith;2023-04-11;Difficult;set;;;Mercado de Fruta
77;451;2026-01-21;4492;Carter PLC;2024-11-13;Check;determine;;;Mercado de Fruta
302;308;2023-04-05;202;Howard-Palmer;2022-03-21;May;rock;;;Mercado de Legumes
435;541;2020-06-20;1892;Thompson-Kramer;2024-03-05;Group;rather;;;Mercado de Fruta
169;966;2024-05-16;753;Hall Inc;2025-03-03;Still;offer;;;Mercado de Flores
258;580;2021-10-01;1014;Sims, Miller and Chavez;2021-06-01;Open;vote;;;Mercado de Fruta
20;308;2021-09-25;1736;Wilkerson PLC;2021-05-09;May;rock;116.0;explain;Mercado de Legumes
419;852;2022-05-15;595;Johnson, Hamilton and Price;2023-10-29;Off;another;;;Mercado de Flores
242;602;2022-05-20;2989;Bishop, Acosta and Obrien;2022-08-25;Machine;suffer;;;Mercado de Legumes
465;92;2023-01-22;4464;Smith-King;2025-09-06;System;dark;;;Mercado de Legumes
341;171;2022-02-03;620;Alvarez, Dunn and Browning;2023-04-02;Style;bill;;;Mercado de Flores
126;715;2020-02-20;2273;Patterson-Oconnor;2023-06-03;Dog;wish;;;Mercado de Fruta
35;197;2021-03-23;4829;Nolan, Jones and Gordon;2021-04-03;Address;offer;61.0;record;Mercado de Legumes
440;959;2020-05-16;2341;Johnson, Smith and Reed;2024-11-14;Already;attack;159.0;talk;Mercado de Legumes
333;119;2022-04-04;4011;Robinson, Riddle and Reese;2024-10-16;Theory;account;;;Mercado de Legumes
314;272;2020-09-25;1072;Moody LLC;2024-10-26;Himself;finally;;;Mercado de Legumes
106;383;2024-08-21;1055;Dodson Inc;2024-09-15;Yeah;determine;;;Mercado de Legumes
316;656;2022-09-18;575;Rodriguez, Huff and Holland;2024-08-16;Republican;off;;;Mercado de Legumes
283;30;2021-07-21;3051;Nguyen-Patterson;2023-01-09;Maybe;system;;;Mercado de Flores
102;4;2020-03-11;4364;Hood-Potter;2024-06-23;Sound;myself;;;Mercado de Fruta
228;479;2025-03-23;3198;Butler PLC;2021-05-21;Floor;organization;;;Mercado de Legumes
137;329;2021-10-13;322;Gray, Kim and Doyle;2023-09-10;Without;piece;;;Mercado de Legumes
338;78;2023-08-07;1209;Brown Ltd;2025-02-19;Generation;there;;;Mercado de Flores
352;214;2020-06-19;2934;Brewer-Willis;2024-10-10;Available;evidence;;;Mercado de Fruta
231;817;2022-11-17;4072;Griffin PLC;2021-03-20;Charge;ball;;;Mercado de Fruta
172;823;2021-02-20;3636;Grant-Jordan;2024-08-24;Music;certainly;;;Mercado de Fruta
296;17;2024-07-16;167;Coleman-Reyes;2025-07-26;Rise;out;83.0;responsibility;Mercado de Legumes
296;17;2024-07-16;167;Coleman-Reyes;2025-07-26;Rise;out;145.0;somebody;Mercado de Legumes
96;346;2022-09-06;3255;Sosa, Newton and Anderson;2022-05-18;Wrong;task;;;Mercado de Fruta
377;281;2024-07-07;479;Humphrey-Hancock;2023-12-16;Voice;democratic;;;Mercado de Legumes
5;593;2023-09-12;111;Hart, Ramsey and Diaz;2021-03-14;Throw;picture;113.0;tend;Mercado de Legumes
188;518;2021-01-28;4468;Davis, Cortez and Young;2022-03-06;True;effort;133.0;assume;Mercado de Legumes
188;518;2021-01-28;4468;Davis, Cortez and Young;2022-03-06;True;effort;135.0;support;Mercado de Legumes
205;527;2022-10-22;2087;Turner-Cook;2023-12-03;Money;experience;;;Mercado de Legumes
120;59;2022-10-13;4140;Mcdaniel-Garza;2022-08-16;Himself;move;;;Mercado de Legumes
375;323;2022-05-08;1504;Dixon-Williams;2021-07-20;Area;record;;;Mercado de Legumes
398;897;2023-10-01;2900;Williams-Reynolds;2021-07-19;Eat;growth;38.0;ten;Mercado de Flores
398;897;2023-10-01;2900;Williams-Reynolds;2021-07-19;Eat;growth;200.0;professional;Mercado de Flores
84;885;2025-10-30;503;Daniels LLC;2023-11-15;Event;father;;;Mercado de Flores
155;693;2020-12-29;985;Harris-Travis;2023-09-23;Entire;personal;;;Mercado de Flores
218;744;2021-01-23;2055;Olson Inc;2026-01-06;Effect;evening;;;Mercado de Flores
265;539;2020-05-16;3591;Baker-Wheeler;2021-11-02;Whom;what;;;Mercado de Legumes
88;7;2020-11-07;3182;Brewer Ltd;2023-01-19;Civil;career;;;Mercado de Fruta
215;457;2022-10-13;4480;Jimenez-Gates;2022-10-05;Either;late;;;Mercado de Fruta
411;630;2020-11-24;1249;Howard-Gomez;2021-12-18;Give;generation;62.0;care;Mercado de Flores
258;783;2023-02-24;3817;Sims, Miller and Chavez;2021-06-01;Certain;office;;;Mercado de Flores
85;151;2022-08-06;131;Keller, Dixon and Wilson;2025-04-06;Learn;body;111.0;free;Mercado de Fruta
154;984;2023-07-14;3406;Coffey, Hodges and Tanner;2024-09-16;Foot;forward;179.0;democratic;Mercado de Flores
154;984;2023-07-14;3406;Coffey, Hodges and Tanner;2024-09-16;Foot;forward;189.0;kind;Mercado de Flores
85;678;2020-04-05;2440;Keller, Dixon and Wilson;2025-04-06;To;contain;111.0;free;Mercado de Flores
153;172;2023-05-19;3871;Wilson, Spears and Mitchell;2025-04-21;Early;pretty;79.0;image;Mercado de Fruta
98;251;2020-08-05;1246;Riley, Dunn and Mccarty;2024-07-30;Create;media;;;Mercado de Legumes
321;461;2024-12-20;262;Frost-Wolfe;2023-12-28;Director;war;;;Mercado de Legumes
282;578;2021-11-27;732;Wilson LLC;2025-01-17;Sister;party;130.0;billion;Mercado de Legumes
282;578;2021-11-27;732;Wilson LLC;2025-01-17;Sister;party;167.0;wonder;Mercado de Legumes
234;530;2025-07-22;4061;Yates LLC;2025-03-18;Film;physical;87.0;audience;Mercado de Legumes
234;530;2025-07-22;4061;Yates LLC;2025-03-18;Film;physical;164.0;where;Mercado de Legumes
127;52;2022-06-24;2107;Hill PLC;2025-05-30;Ask;four;73.0;Congress;Mercado de Fruta
66;669;2024-07-31;2743;Lara, Baker and Young;2025-09-16;Represent;election;182.0;current;Mercado de Flores
347;127;2020-03-24;3946;Becker, Flynn and Silva;2023-12-04;Store;her;;;Mercado de Fruta
440;918;2025-06-24;743;Johnson, Smith and Reed;2024-11-14;Reason;man;159.0;talk;Mercado de Flores
464;62;2021-10-09;2637;Morris Ltd;2021-10-01;Present;girl;;;Mercado de Legumes
41;948;2023-06-19;3179;Stephenson-Lee;2025-10-15;Star;all;;;Mercado de Flores
490;490;2022-02-28;3404;Pruitt-Young;2021-04-13;Bar;former;;;Mercado de Fruta
23;604;2020-11-02;1300;Price-Scott;2023-05-17;Small;which;;;Mercado de Fruta
437;700;2023-12-23;4491;Chan Ltd;2026-01-15;Great;against;;;Mercado de Fruta
455;493;2022-02-26;1739;Giles, Lewis and Sampson;2021-08-24;On;possible;;;Mercado de Fruta
146;688;2023-04-06;283;Christian, Lee and Stewart;2024-07-08;Special;where;126.0;enter;Mercado de Fruta
203;81;2022-08-13;967;Roberts LLC;2024-09-29;Coach;ago;;;Mercado de Flores
190;93;2024-05-13;2651;Lyons-Cook;2023-06-02;Nearly;whom;;;Mercado de Flores
15;880;2022-01-28;3113;Jackson, Miller and Chang;2024-05-13;Produce;television;;;Mercado de Fruta
64;622;2023-07-28;2328;Gonzalez, Vasquez and Powers;2024-07-20;Reflect;position;;;Mercado de Fruta
302;411;2024-06-02;2344;Howard-Palmer;2022-03-21;Establish;author;;;Mercado de Flores
105;324;2021-09-07;2614;Mccall and Sons;2022-01-20;Reach;upon;5.0;meet;Mercado de Flores
105;324;2021-09-07;2614;Mccall and Sons;2022-01-20;Reach;upon;187.0;coach;Mercado de Flores
209;52;2022-01-23;1974;Savage, Tran and Atkins;2021-10-19;Ask;four;;;Mercado de Fruta
238;105;2022-06-18;1449;Whitney, Kim and Moore;2025-02-23;Dog;fish;;;Mercado de Flores
256;78;2021-09-04;343;Martinez and Sons;2022-09-09;Generation;there;6.0;bar;Mercado de Flores
488;897;2025-07-14;1884;Rodriguez and Sons;2022-03-26;Eat;growth;;;Mercado de Flores
237;250;2022-09-19;2559;Holland-Mckay;2025-02-19;Memory;Democrat;128.0;so;Mercado de Fruta
414;919;2020-07-29;2999;Nguyen-Becker;2023-04-12;Change;soldier;;;Mercado de Fruta
230;58;2021-09-08;395;Shelton Inc;2023-04-03;Animal;occur;169.0;hot;Mercado de Fruta
440;841;2025-08-10;2664;Johnson, Smith and Reed;2024-11-14;Relationship;site;159.0;talk;Mercado de Fruta
82;685;2024-04-19;729;Perez PLC;2022-08-24;Ask;good;;;Mercado de Fruta
227;347;2020-02-09;928;Mitchell, Hernandez and Smith;2023-04-11;Speak;far;;;Mercado de Legumes
229;109;2024-11-23;1153;Johnson, Sanders and Lam;2021-09-13;Degree;one;;;Mercado de Fruta
165;792;2021-03-03;570;Williams, Griffith and Craig;2025-01-08;Eight;leg;39.0;away;Mercado de Flores
186;983;2023-08-24;464;Glass LLC;2021-02-27;Realize;doctor;;;Mercado de Legumes
85;973;2022-03-22;277;Keller, Dixon and Wilson;2025-04-06;Loss;term;111.0;free;Mercado de Fruta
199;984;2020-06-22;3912;Hanson-Fleming;2025-09-15;Foot;forward;;;Mercado de Flores
19;855;2020-04-27;4006;Taylor Group;2023-12-11;Matter;marriage;;;Mercado de Flores
35;399;2025-11-07;1734;Nolan, Jones and Gordon;2021-04-03;Professor;couple;61.0;record;Mercado de Flores
237;938;2024-08-03;2589;Holland-Mckay;2025-02-19;Within;a;128.0;so;Mercado de Legumes
456;313;2020-07-09;4589;Price, Franklin and Duarte;2025-01-08;Three;firm;;;Mercado de Fruta
264;220;2023-08-08;3482;Hopkins, Jackson and Ortiz;2025-01-24;Plan;case;;;Mercado de Fruta
210;287;2022-06-24;4039;Clark Ltd;2024-07-20;Find;discussion;19.0;perhaps;Mercado de Legumes
183;71;2021-06-29;1151;Velez, Price and Cortez;2022-02-23;Hundred;rather;;;Mercado de Legumes
310;518;2025-04-23;3576;Turner, Bowman and Williams;2021-08-06;True;effort;;;Mercado de Legumes
167;644;2024-11-09;4576;Walker LLC;2023-07-29;Draw;remember;;;Mercado de Legumes
30;914;2026-01-08;1419;Vargas, Santiago and Mcdonald;2024-10-25;Study;choose;;;Mercado de Legumes
209;837;2021-02-17;4908;Savage, Tran and Atkins;2021-10-19;Military;view;;;Mercado de Flores
295;226;2020-07-19;4550;Sandoval, Castillo and Golden;2025-02-04;Oil;his;;;Mercado de Fruta
291;243;2024-07-12;2862;Hernandez LLC;2025-09-01;Pick;thing;;;Mercado de Flores
194;758;2025-02-01;3732;Bowen and Sons;2022-07-29;Every;stock;;;Mercado de Legumes
269;353;2020-03-26;2694;Garcia, Velasquez and James;2024-10-15;See;cover;;;Mercado de Legumes
129;461;2021-04-23;1841;Gonzalez LLC;2025-09-05;Director;war;30.0;difficult;Mercado de Legumes
129;461;2021-04-23;1841;Gonzalez LLC;2025-09-05;Director;war;191.0;a;Mercado de Legumes
198;70;2022-03-20;2699;Bradley PLC;2021-04-20;Official;almost;;;Mercado de Fruta
234;908;2024-11-02;2240;Yates LLC;2025-03-18;Lawyer;outside;87.0;audience;Mercado de Legumes
234;908;2024-11-02;2240;Yates LLC;2025-03-18;Lawyer;outside;164.0;where;Mercado de Legumes
22;301;2025-01-14;1153;Hernandez, Cain and Dalton;2021-04-23;We;hit;158.0;outside;Mercado de Fruta
473;228;2022-04-16;811;Brock PLC;2024-01-10;Still;degree;;;Mercado de Flores
359;686;2026-02-10;3166;Thompson-Miller;2025-10-31;Difference;black;;;Mercado de Legumes
133;261;2025-02-08;2767;Bullock Ltd;2022-03-23;Report;matter;71.0;side;Mercado de Flores
87;959;2020-10-21;1486;Mason Inc;2025-07-04;Already;attack;;;Mercado de Legumes
410;633;2020-07-01;152;Clark Ltd;2021-04-02;Action;its;;;Mercado de Flores
23;460;2021-12-06;4778;Price-Scott;2023-05-17;Across;others;;;Mercado de Fruta
32;611;2022-01-01;1313;Arnold, Hernandez and Hines;2022-10-16;Career;rate;51.0;sense;Mercado de Legumes
14;467;2022-05-19;950;Harrison-Moore;2024-09-28;Focus;democratic;;;Mercado de Legumes
426;973;2023-03-02;3817;Johnson-Williams;2021-10-18;Loss;term;82.0;marriage;Mercado de Fruta
114;396;2022-02-14;2380;Powers, Friedman and Atkinson;2025-12-03;Drug;let;;;Mercado de Flores
143;645;2023-11-22;839;Flores and Sons;2024-12-02;Turn;herself;;;Mercado de Flores
47;241;2025-07-29;1393;Benjamin-Reed;2024-09-25;True;summer;;;Mercado de Fruta
477;186;2021-10-07;1289;Jenkins-Butler;2023-02-09;Personal;within;;;Mercado de Flores
428;887;2025-07-10;1723;Baldwin-Chandler;2022-06-04;Remember;friend;141.0;think;Mercado de Legumes
300;226;2020-01-30;3834;Saunders-Marshall;2022-10-25;Oil;his;;;Mercado de Fruta
218;433;2024-08-07;3261;Olson Inc;2026-01-06;Else;customer;;;Mercado de Fruta
204;935;2020-04-30;2808;Flynn-Knight;2023-08-04;Alone;science;;;Mercado de Legumes
353;633;2021-06-22;1886;Jones-Rollins;2024-02-10;Action;its;;;Mercado de Flores
259;845;2025-08-31;4269;Pham, Farmer and Marsh;2021-04-12;Challenge;performance;50.0;have;Mercado de Legumes
101;26;2023-10-23;1414;Dominguez, Fry and Hill;2021-08-11;Available;yard;;;Mercado de Legumes
228;850;2025-07-17;232;Butler PLC;2021-05-21;Just;market;;;Mercado de Fruta
283;683;2025-04-19;1762;Nguyen-Patterson;2023-01-09;Set;half;;;Mercado de Legumes
403;32;2021-01-03;3390;Reynolds PLC;2023-07-11;The;ball;70.0;score;Mercado de Legumes
185;547;2023-08-18;3058;Jennings PLC;2024-02-10;Whatever;reduce;;;Mercado de Fruta
464;462;2022-06-12;4895;Morris Ltd;2021-10-01;Daughter;compare;;;Mercado de Flores
101;348;2021-03-18;3733;Dominguez, Fry and Hill;2021-08-11;End;maintain;;;Mercado de Flores
11;204;2021-10-28;1672;Serrano, Young and Nichols;2024-10-20;Father;lawyer;;;Mercado de Flores
76;365;2023-03-07;3724;Sparks Ltd;2022-05-22;Main;thank;;;Mercado de Legumes
461;491;2021-03-18;194;Smith-Stanley;2021-06-23;Point;place;;;Mercado de Legumes
191;733;2021-08-21;4752;Cross, Skinner and Hart;2022-12-01;Think;success;;;Mercado de Fruta
155;957;2021-11-29;2432;Harris-Travis;2023-09-23;Glass;especially;;;Mercado de Flores
1;831;2022-03-28;1217;Cooper and Sons;2022-04-26;Yard;everyone;;;Mercado de Flores
198;229;2022-06-06;1838;Bradley PLC;2021-04-20;Go;run;;;Mercado de Fruta
241;824;2025-03-30;1771;Bates-Rivera;2022-09-06;Teach;campaign;;;Mercado de Legumes
181;155;2021-07-26;4677;Jackson, Munoz and Guzman;2025-04-01;Question;future;;;Mercado de Legumes
127;422;2020-10-05;2435;Hill PLC;2025-05-30;Beautiful;tax;73.0;Congress;Mercado de Legumes
462;864;2025-02-28;911;Hansen-Lewis;2024-07-07;Region;personal;;;Mercado de Flores
62;928;2025-10-10;1817;Dean Group;2023-04-26;These;reveal;;;Mercado de Fruta
10;152;2023-01-27;1037;Woods, Taylor and Harrison;2024-07-08;Behind;door;;;Mercado de Legumes
235;356;2023-06-15;802;Walker-Garcia;2025-06-30;Left;although;166.0;suffer;Mercado de Legumes
104;206;2024-12-19;787;Mosley, Petty and Davis;2026-01-02;Rule;former;;;Mercado de Legumes
76;217;2025-08-18;612;Sparks Ltd;2022-05-22;Do;every;;;Mercado de Fruta
230;53;2021-02-21;292;Shelton Inc;2023-04-03;Special;be;169.0;hot;Mercado de Legumes
493;600;2023-05-23;1790;Blake Group;2025-03-31;Television;why;110.0;truth;Mercado de Flores
168;638;2024-02-13;1798;Martinez and Sons;2023-10-25;Material;care;4.0;along;Mercado de Legumes
428;259;2020-05-24;128;Baldwin-Chandler;2022-06-04;Section;continue;141.0;think;Mercado de Fruta
432;467;2020-09-26;258;Wright Group;2021-03-18;Focus;democratic;;;Mercado de Legumes
13;375;2020-03-04;4095;Conley, Snyder and Stone;2025-05-01;Employee;field;100.0;each;Mercado de Flores
13;375;2020-03-04;4095;Conley, Snyder and Stone;2025-05-01;Employee;field;198.0;themselves;Mercado de Flores
82;387;2024-10-13;4169;Perez PLC;2022-08-24;Sing;smile;;;Mercado de Flores
486;31;2025-07-18;4749;Stewart Inc;2024-10-25;Security;marriage;180.0;party;Mercado de Fruta
334;683;2022-02-06;1931;Hernandez-Mason;2024-04-05;Set;half;140.0;ok;Mercado de Legumes
218;418;2021-12-10;3942;Olson Inc;2026-01-06;May;tend;;;Mercado de Fruta
233;523;2020-01-21;3213;Hernandez-Hart;2021-08-13;Industry;buy;177.0;media;Mercado de Fruta
207;101;2022-03-22;3714;Warren Inc;2022-01-11;Include;happen;;;Mercado de Legumes
47;651;2022-08-14;4398;Benjamin-Reed;2024-09-25;Street;recently;;;Mercado de Flores
461;144;2023-04-04;1407;Smith-Stanley;2021-06-23;Low;recently;;;Mercado de Flores
463;220;2020-01-17;1908;Sullivan-Hernandez;2021-08-01;Plan;case;;;Mercado de Fruta
475;744;2021-06-24;1979;Luna Ltd;2025-03-23;Effect;evening;;;Mercado de Flores
1;7;2020-11-01;3263;Cooper and Sons;2022-04-26;Civil;career;;;Mercado de Fruta
332;711;2025-09-12;3187;Dixon and Sons;2022-12-29;Detail;magazine;;;Mercado de Flores
211;318;2025-04-05;3654;Robinson LLC;2022-02-07;Expect;actually;153.0;thus;Mercado de Flores
433;883;2020-02-09;4601;Ballard-Orozco;2024-02-08;Five;future;136.0;of;Mercado de Fruta
143;364;2023-07-22;4734;Flores and Sons;2024-12-02;Find;learn;;;Mercado de Fruta
288;272;2022-09-24;2926;Hicks, Griffin and Craig;2026-01-22;Himself;finally;33.0;conference;Mercado de Legumes
365;590;2025-09-08;1725;Cantu, Palmer and Thomas;2025-01-03;Team;day;;;Mercado de Legumes
195;919;2020-01-19;4910;Ross-Davidson;2022-08-27;Change;soldier;;;Mercado de Fruta
201;430;2023-06-24;4408;Swanson Group;2022-06-11;Piece;our;195.0;state;Mercado de Fruta
319;188;2025-04-20;2726;Lee-White;2022-01-14;Animal;too;;;Mercado de Legumes
221;200;2023-06-20;782;Gardner Group;2024-11-05;Image;those;41.0;big;Mercado de Legumes
425;499;2023-10-05;790;Sims PLC;2023-09-28;Leader;spend;58.0;different;Mercado de Fruta
425;499;2023-10-05;790;Sims PLC;2023-09-28;Leader;spend;193.0;exactly;Mercado de Fruta
425;499;2023-10-05;790;Sims PLC;2023-09-28;Leader;spend;196.0;personal;Mercado de Fruta
99;157;2023-09-16;4623;Stokes, Taylor and Wallace;2023-11-03;Site;next;147.0;miss;Mercado de Fruta
99;157;2023-09-16;4623;Stokes, Taylor and Wallace;2023-11-03;Site;next;168.0;party;Mercado de Fruta
436;79;2020-10-23;972;Henry, Krueger and Freeman;2021-09-19;Discuss;style;;;Mercado de Fruta
314;387;2022-10-11;3660;Moody LLC;2024-10-26;Sing;smile;;;Mercado de Flores
476;727;2023-10-31;2117;Johnson-Curtis;2021-06-10;Threat;soon;36.0;dream;Mercado de Fruta
403;566;2021-11-29;3263;Reynolds PLC;2023-07-11;Something;computer;70.0;score;Mercado de Legumes
467;557;2020-10-02;3602;Wilson PLC;2021-12-24;Heavy;order;;;Mercado de Legumes
454;446;2020-08-24;2501;Gonzales-Gonzales;2022-11-22;Painting;take;;;Mercado de Legumes
265;808;2022-10-22;4887;Baker-Wheeler;2021-11-02;Because;material;;;Mercado de Fruta
393;595;2023-06-10;836;Carson and Sons;2021-11-06;Especially;staff;;;Mercado de Fruta
475;532;2023-03-06;1527;Luna Ltd;2025-03-23;Million;fall;;;Mercado de Fruta
57;223;2023-09-21;2477;Lee Inc;2025-11-23;Recognize;because;;;Mercado de Fruta
476;217;2022-04-05;2970;Johnson-Curtis;2021-06-10;Do;every;36.0;dream;Mercado de Fruta
153;817;2021-11-30;4871;Wilson, Spears and Mitchell;2025-04-21;Charge;ball;79.0;image;Mercado de Fruta
205;310;2025-08-02;422;Turner-Cook;2023-12-03;Wind;situation;;;Mercado de Fruta
78;692;2020-09-05;1687;Douglas and Sons;2025-06-07;Fact;finally;;;Mercado de Legumes
465;618;2021-08-26;1119;Smith-King;2025-09-06;West;manage;;;Mercado de Flores
353;278;2025-05-16;248;Jones-Rollins;2024-02-10;Action;wish;;;Mercado de Legumes
277;252;2025-12-07;2102;Bennett Group;2021-03-31;Despite;establish;;;Mercado de Flores
416;105;2025-11-13;2342;Richardson LLC;2022-12-31;Dog;fish;;;Mercado de Flores
340;785;2024-02-09;4064;James Inc;2024-10-08;Four;his;165.0;full;Mercado de Legumes
279;945;2024-09-03;3416;Craig, Gordon and Chang;2021-06-08;Peace;student;;;Mercado de Flores
102;572;2022-05-03;4575;Hood-Potter;2024-06-23;Player;million;;;Mercado de Legumes
186;571;2025-06-07;4425;Glass LLC;2021-02-27;Wife;bill;;;Mercado de Fruta
381;76;2020-08-27;2833;Hunter-Wood;2023-06-13;Black;across;;;Mercado de Fruta
51;632;2020-10-05;2585;Mueller-Herrera;2022-08-02;Ok;adult;;;Mercado de Legumes
178;384;2023-04-26;4662;Hernandez, Lewis and Shields;2025-07-25;Sort;physical;97.0;pay;Mercado de Flores
438;717;2024-06-27;986;Reed, Vega and Ho;2022-04-05;Year;mention;42.0;seem;Mercado de Flores
370;441;2025-03-06;838;Welch Ltd;2021-10-25;Serious;above;;;Mercado de Flores
448;743;2022-05-31;2241;Jacobs Ltd;2024-09-13;Professor;well;;;Mercado de Legumes
250;334;2022-07-12;4597;Williams LLC;2024-05-24;Tree;certain;;;Mercado de Fruta
50;859;2021-08-25;3308;Maldonado and Sons;2021-06-01;Room;PM;;;Mercado de Fruta
151;248;2021-02-14;977;Duncan PLC;2023-08-10;Report;many;;;Mercado de Legumes
411;688;2020-05-22;2138;Howard-Gomez;2021-12-18;Special;where;62.0;care;Mercado de Fruta
106;665;2020-05-26;1647;Dodson Inc;2024-09-15;Night;experience;;;Mercado de Legumes
194;98;2022-03-14;4222;Bowen and Sons;2022-07-29;Hit;successful;;;Mercado de Legumes
81;323;2021-06-19;2505;Norton, Mccoy and Torres;2021-07-03;Area;record;;;Mercado de Legumes
266;889;2024-07-09;249;Carney-Gomez;2023-01-17;Executive;level;91.0;serious;Mercado de Fruta
170;473;2020-08-05;1240;Collins-Campos;2025-06-15;Chair;choose;;;Mercado de Legumes
74;31;2025-10-15;4341;Campbell Inc;2023-06-06;Security;marriage;;;Mercado de Fruta
370;738;2020-01-10;2069;Welch Ltd;2021-10-25;Method;away;;;Mercado de Flores
19;62;2024-04-29;4322;Taylor Group;2023-12-11;Present;girl;;;Mercado de Legumes
421;358;2021-05-02;2941;Martin LLC;2023-10-20;Suggest;too;;;Mercado de Fruta
264;432;2022-05-28;3417;Hopkins, Jackson and Ortiz;2025-01-24;Soldier;decade;;;Mercado de Flores
107;710;2026-01-17;1525;Jones, Keith and Wiggins;2021-05-06;Name;ball;;;Mercado de Legumes
112;708;2020-02-17;567;Colon, King and Evans;2022-10-21;Seek;food;;;Mercado de Flores
41;806;2021-06-16;2039;Stephenson-Lee;2025-10-15;Care;cell;;;Mercado de Legumes
272;582;2024-02-20;3248;Barrett PLC;2022-06-07;Better;no;;;Mercado de Flores
98;994;2024-04-25;235;Riley, Dunn and Mccarty;2024-07-30;Claim;product;;;Mercado de Fruta
214;88;2021-08-23;1408;Weaver LLC;2023-05-04;Floor;reach;;;Mercado de Fruta
233;497;2021-07-08;323;Hernandez-Hart;2021-08-13;Cell;wear;177.0;media;Mercado de Legumes
334;409;2020-02-09;510;Hernandez-Mason;2024-04-05;Baby;model;140.0;ok;Mercado de Fruta
377;66;2022-11-12;3920;Humphrey-Hancock;2023-12-16;Community;majority;;;Mercado de Flores
496;921;2021-12-05;2137;Barrett, Patrick and Morton;2025-03-09;Life;image;129.0;nor;Mercado de Flores
324;678;2025-11-26;3377;Pearson-Dean;2022-05-18;To;contain;;;Mercado de Flores
366;179;2022-05-10;2623;Martinez-West;2024-04-10;Level;drop;125.0;add;Mercado de Legumes
29;767;2024-07-01;2467;Mills Group;2024-12-01;Source;keep;37.0;sister;Mercado de Legumes
29;767;2024-07-01;2467;Mills Group;2024-12-01;Source;keep;174.0;might;Mercado de Legumes
174;376;2024-03-16;3288;Pope, Perez and Mcdonald;2024-06-19;Myself;accept;;;Mercado de Fruta
228;953;2023-09-15;659;Butler PLC;2021-05-21;Staff;time;;;Mercado de Legumes
280;27;2021-12-08;422;Fitzgerald, Good and Curtis;2021-09-14;Republican;trouble;68.0;glass;Mercado de Flores
280;27;2021-12-08;422;Fitzgerald, Good and Curtis;2021-09-14;Republican;trouble;186.0;ball;Mercado de Flores
327;316;2025-09-30;4176;Mills, Mclaughlin and Smith;2026-02-09;Where;so;66.0;certainly;Mercado de Fruta
4;741;2023-12-22;3204;Compton, Gonzalez and Banks;2021-03-20;Member;other;49.0;next;Mercado de Flores
48;977;2023-05-18;1131;Munoz Ltd;2021-03-17;Decision;off;;;Mercado de Legumes
112;351;2021-05-27;943;Colon, King and Evans;2022-10-21;Enough;character;;;Mercado de Flores
70;211;2024-02-02;194;Brown Inc;2024-12-20;Across;prove;139.0;mission;Mercado de Fruta
70;211;2024-02-02;194;Brown Inc;2024-12-20;Across;prove;143.0;prevent;Mercado de Fruta
231;481;2022-01-13;1270;Griffin PLC;2021-03-20;Wish;writer;;;Mercado de Fruta
302;223;2023-11-23;3191;Howard-Palmer;2022-03-21;Recognize;because;;;Mercado de Fruta
432;933;2025-08-13;2043;Wright Group;2021-03-18;Two;miss;;;Mercado de Flores
429;123;2022-08-22;1389;Foster-Murphy;2023-08-16;Morning;box;;;Mercado de Flores
94;439;2021-02-04;386;Boyd, Mcdaniel and Marsh;2022-05-03;Weight;clear;16.0;thing;Mercado de Fruta
493;758;2022-05-06;667;Blake Group;2025-03-31;Every;stock;110.0;truth;Mercado de Legumes
71;725;2025-06-23;1494;Krueger, Trujillo and Gonzalez;2022-01-15;Since;reduce;;;Mercado de Legumes
451;887;2026-02-03;2738;Clay, Rivera and Taylor;2025-12-13;Remember;friend;;;Mercado de Legumes
290;195;2024-07-06;242;Hart-Koch;2022-07-24;Line;charge;106.0;finish;Mercado de Flores
70;961;2024-11-24;3013;Brown Inc;2024-12-20;Although;politics;139.0;mission;Mercado de Fruta
70;961;2024-11-24;3013;Brown Inc;2024-12-20;Although;politics;143.0;prevent;Mercado de Fruta
390;757;2025-12-10;610;Lawrence, Gardner and Harris;2023-03-17;Theory;make;;;Mercado de Fruta
121;279;2021-11-29;3559;Ruiz, Miller and Giles;2023-10-05;Red;join;;;Mercado de Flores
22;720;2022-02-15;1390;Hernandez, Cain and Dalton;2021-04-23;Actually;garden;158.0;outside;Mercado de Flores
346;287;2023-01-26;1962;Paul, Stewart and Pierce;2024-08-13;Find;discussion;44.0;house;Mercado de Legumes
225;479;2020-11-30;4960;Bradley-Phillips;2021-10-31;Floor;organization;;;Mercado de Legumes
496;340;2025-11-06;4714;Barrett, Patrick and Morton;2025-03-09;During;national;129.0;nor;Mercado de Fruta
420;902;2020-04-28;2141;Brooks Ltd;2021-05-23;All;way;;;Mercado de Legumes
203;88;2022-08-18;333;Roberts LLC;2024-09-29;Floor;reach;;;Mercado de Fruta
28;193;2023-08-03;4022;Hancock, Walker and Miller;2022-11-08;Born;across;;;Mercado de Fruta
131;910;2021-05-10;3872;Schroeder, Moss and Rivas;2021-05-15;Theory;election;;;Mercado de Fruta
134;495;2025-09-04;4472;Riddle-Jones;2023-07-15;Medical;interesting;;;Mercado de Flores
415;296;2025-07-19;2207;Anderson, Yoder and Taylor;2021-08-26;Yet;serve;60.0;thing;Mercado de Legumes
128;361;2021-01-28;2829;Butler-Washington;2021-05-01;Growth;pull;;;Mercado de Fruta
72;14;2025-01-28;3130;Crane-Torres;2022-06-18;Image;leg;86.0;school;Mercado de Legumes
354;330;2023-01-20;253;Martinez, Sanchez and Smith;2023-08-21;Because;now;;;Mercado de Flores
342;881;2021-08-30;3103;Hernandez-King;2022-04-10;Wear;table;;;Mercado de Legumes
199;464;2020-04-22;1377;Hanson-Fleming;2025-09-15;Put;idea;;;Mercado de Legumes
337;741;2022-11-13;1932;Jackson Ltd;2022-01-03;Member;other;14.0;fight;Mercado de Flores
257;764;2020-07-17;2811;Mclaughlin, Noble and Mccall;2023-07-02;;friend;;;Mercado de Legumes
485;778;2021-03-01;348;Allen and Sons;2023-06-18;Stuff;despite;;;Mercado de Fruta
140;414;2025-04-28;4664;Woodard PLC;2021-04-23;Next;eight;;;Mercado de Flores
157;438;2025-09-07;3748;West Group;2021-06-12;Attack;have;;;Mercado de Flores
304;665;2026-01-29;4685;Welch Ltd;2022-10-24;Night;experience;190.0;give;Mercado de Legumes
342;434;2020-12-14;2564;Hernandez-King;2022-04-10;Energy;marriage;;;Mercado de Legumes
309;972;2021-07-06;1173;Maldonado-Macias;2021-03-27;Necessary;member;;;Mercado de Flores
229;463;2023-11-06;1562;Johnson, Sanders and Lam;2021-09-13;Class;face;;;Mercado de Fruta
74;753;2023-08-07;2158;Campbell Inc;2023-06-06;First;last;;;Mercado de Flores
96;864;2020-04-16;2144;Sosa, Newton and Anderson;2022-05-18;Region;personal;;;Mercado de Flores
230;258;2025-03-09;1381;Shelton Inc;2023-04-03;Amount;lawyer;169.0;hot;Mercado de Flores
298;891;2021-01-31;1122;Benson-Travis;2022-07-13;Goal;account;34.0;will;Mercado de Flores
95;676;2023-10-29;786;Woods and Sons;2022-04-09;Red;dog;32.0;follow;Mercado de Fruta
218;241;2022-03-28;3841;Olson Inc;2026-01-06;True;summer;;;Mercado de Fruta
235;263;2020-10-12;938;Walker-Garcia;2025-06-30;Wrong;image;166.0;suffer;Mercado de Legumes
495;595;2025-07-05;2695;Miller, Cherry and Torres;2025-12-22;Especially;staff;;;Mercado de Fruta
401;957;2025-04-16;3788;Bell, Nelson and Walker;2026-01-20;Glass;especially;;;Mercado de Flores
93;307;2022-02-20;791;Russell Ltd;2025-01-13;Traditional;appear;194.0;quickly;Mercado de Fruta
207;637;2020-01-24;2666;Warren Inc;2022-01-11;Well;determine;;;Mercado de Fruta
292;127;2025-04-26;2186;Johnson-Garcia;2022-04-20;Store;her;;;Mercado de Fruta
330;615;2024-03-09;3125;Robinson LLC;2022-07-27;Speech;training;;;Mercado de Flores
119;981;2020-04-03;1804;Shelton, Odonnell and Williams;2022-11-17;Force;give;;;Mercado de Flores
310;828;2026-01-28;673;Turner, Bowman and Williams;2021-08-06;Training;finish;;;Mercado de Flores
180;723;2022-03-18;4114;Tran-Huynh;2021-10-01;Responsibility;management;3.0;teach;Mercado de Flores
475;958;2021-01-29;2635;Luna Ltd;2025-03-23;Property;store;;;Mercado de Fruta
369;822;2023-12-30;1103;Frank-Glover;2023-12-24;Medical;scene;;;Mercado de Flores
387;693;2024-12-18;2531;Smith Group;2022-08-12;Entire;personal;15.0;Mrs;Mercado de Flores
387;693;2024-12-18;2531;Smith Group;2022-08-12;Entire;personal;65.0;window;Mercado de Flores
471;414;2025-11-10;427;Mason-Rogers;2025-10-13;Next;eight;;;Mercado de Flores
214;857;2022-01-18;2551;Weaver LLC;2023-05-04;Painting;so;;;Mercado de Legumes
465;30;2021-03-10;621;Smith-King;2025-09-06;Maybe;system;;;Mercado de Flores
85;955;2020-09-04;1836;Keller, Dixon and Wilson;2025-04-06;True;house;111.0;free;Mercado de Fruta
7;75;2021-05-07;4011;Davis, Armstrong and Brown;2023-02-05;Relate;no;;;Mercado de Flores
297;764;2023-09-28;424;Martin-Stuart;2023-04-09;;friend;;;Mercado de Legumes
84;98;2020-08-28;4518;Daniels LLC;2023-11-15;Hit;successful;;;Mercado de Legumes
63;429;2023-01-28;2283;Castro, Sherman and Flores;2025-12-01;Must;future;;;Mercado de Flores
280;558;2020-06-09;3948;Fitzgerald, Good and Curtis;2021-09-14;Suddenly;analysis;68.0;glass;Mercado de Flores
280;558;2020-06-09;3948;Fitzgerald, Good and Curtis;2021-09-14;Suddenly;analysis;186.0;ball;Mercado de Flores
272;377;2021-04-14;3889;Barrett PLC;2022-06-07;Structure;debate;;;Mercado de Legumes
172;542;2024-09-24;3674;Grant-Jordan;2024-08-24;School;itself;;;Mercado de Legumes
105;853;2022-05-05;1213;Mccall and Sons;2022-01-20;Light;politics;5.0;meet;Mercado de Fruta
105;853;2022-05-05;1213;Mccall and Sons;2022-01-20;Light;politics;187.0;coach;Mercado de Fruta
290;356;2021-08-29;3511;Hart-Koch;2022-07-24;Left;although;106.0;finish;Mercado de Legumes
234;391;2021-08-07;1597;Yates LLC;2025-03-18;Every;hospital;87.0;audience;Mercado de Fruta
234;391;2021-08-07;1597;Yates LLC;2025-03-18;Every;hospital;164.0;where;Mercado de Fruta
387;680;2021-06-18;2749;Smith Group;2022-08-12;Score;tell;15.0;Mrs;Mercado de Legumes
387;680;2021-06-18;2749;Smith Group;2022-08-12;Score;tell;65.0;window;Mercado de Legumes
95;345;2020-09-22;546;Woods and Sons;2022-04-09;Light;owner;32.0;follow;Mercado de Flores
406;435;2024-02-02;979;Rodriguez-Spencer;2022-05-20;Already;run;;;Mercado de Flores
36;721;2021-02-01;3624;Williams Inc;2025-02-07;Among;begin;152.0;increase;Mercado de Fruta
261;785;2025-09-03;1412;Long-Ellis;2022-07-28;Four;his;55.0;between;Mercado de Legumes
420;543;2022-10-29;1296;Brooks Ltd;2021-05-23;Pick;already;;;Mercado de Flores
410;121;2023-08-05;1660;Clark Ltd;2021-04-02;Everyone;whatever;;;Mercado de Fruta
237;710;2021-01-21;3005;Holland-Mckay;2025-02-19;Name;ball;128.0;so;Mercado de Legumes
177;550;2021-09-02;4651;Jenkins-Ramos;2023-10-01;Management;not;;;Mercado de Fruta
319;38;2024-04-13;681;Lee-White;2022-01-14;Miss;forget;;;Mercado de Legumes
224;766;2023-11-06;4411;Coleman-Green;2021-04-06;Him;baby;137.0;mission;Mercado de Fruta
476;721;2024-06-21;632;Johnson-Curtis;2021-06-10;Among;begin;36.0;dream;Mercado de Fruta
199;906;2023-08-13;2598;Hanson-Fleming;2025-09-15;Expect;else;;;Mercado de Flores
128;603;2025-12-15;2350;Butler-Washington;2021-05-01;Woman;mission;;;Mercado de Flores
27;104;2023-06-09;2017;Mosley-Kim;2023-04-06;Likely;teach;;;Mercado de Legumes
90;502;2022-12-06;1930;Mitchell-Fisher;2024-12-19;Life;knowledge;109.0;term;Mercado de Fruta
232;24;2021-08-06;4324;Stephenson Group;2025-12-12;Adult;alone;;;Mercado de Flores
101;988;2025-03-08;514;Dominguez, Fry and Hill;2021-08-11;Near;foreign;;;Mercado de Fruta
262;998;2021-05-31;1755;Williams and Sons;2023-12-20;Station;degree;;;Mercado de Legumes
371;161;2021-03-26;946;Wells, Jenkins and Martin;2025-08-30;Participant;no;;;Mercado de Legumes
93;79;2022-03-15;3869;Russell Ltd;2025-01-13;Discuss;style;194.0;quickly;Mercado de Fruta
285;370;2023-07-11;764;English-Williams;2023-09-29;Nice;adult;;;Mercado de Fruta
362;263;2023-09-28;827;Mccullough-Mckinney;2024-11-08;Wrong;image;94.0;all;Mercado de Legumes
362;263;2023-09-28;827;Mccullough-Mckinney;2024-11-08;Wrong;image;157.0;environment;Mercado de Legumes
363;721;2025-12-25;1725;Adams Group;2023-01-02;Among;begin;27.0;college;Mercado de Fruta
363;721;2025-12-25;1725;Adams Group;2023-01-02;Among;begin;170.0;clearly;Mercado de Fruta
300;455;2022-03-14;1174;Saunders-Marshall;2022-10-25;Read;measure;;;Mercado de Legumes
103;937;2022-02-13;2454;Miller, Rojas and Hall;2024-12-07;Increase;piece;;;Mercado de Fruta
238;667;2021-06-07;3534;Whitney, Kim and Moore;2025-02-23;Best;phone;;;Mercado de Fruta
98;758;2025-10-30;1873;Riley, Dunn and Mccarty;2024-07-30;Every;stock;;;Mercado de Legumes
203;420;2021-03-31;1193;Roberts LLC;2024-09-29;Enjoy;long;;;Mercado de Flores
145;763;2021-03-21;1087;Weaver Ltd;2021-10-16;Front;former;;;Mercado de Fruta
9;447;2022-06-15;134;Perez-Hurley;2022-02-11;Front;population;;;Mercado de Flores
3;76;2020-06-04;4942;Cruz, Hurley and Graham;2024-07-17;Black;across;;;Mercado de Fruta
455;129;2024-09-05;3457;Giles, Lewis and Sampson;2021-08-24;Way;but;;;Mercado de Flores
415;951;2020-06-20;1937;Anderson, Yoder and Taylor;2021-08-26;Never;so;60.0;thing;Mercado de Flores
177;944;2023-05-11;405;Jenkins-Ramos;2023-10-01;Stay;detail;;;Mercado de Legumes
23;891;2026-01-06;1183;Price-Scott;2023-05-17;Goal;account;;;Mercado de Flores
458;170;2025-07-22;4488;Long, Walker and Allison;2025-03-29;Argue;reality;;;Mercado de Legumes
98;263;2020-07-05;4861;Riley, Dunn and Mccarty;2024-07-30;Wrong;image;;;Mercado de Legumes
69;232;2024-08-09;726;Goodman-Kirby;2022-12-31;Parent;cut;67.0;hair;Mercado de Fruta
187;9;2024-04-28;1144;Hanson, White and Jackson;2024-06-25;Dinner;thing;;;Mercado de Flores
218;901;2021-07-30;2073;Olson Inc;2026-01-06;Important;actually;;;Mercado de Fruta
479;985;2025-11-16;4807;Reynolds, Christian and Lopez;2021-07-19;Industry;do;;;Mercado de Fruta
119;234;2023-08-24;2092;Shelton, Odonnell and Williams;2022-11-17;Edge;woman;;;Mercado de Flores
352;433;2024-03-04;123;Brewer-Willis;2024-10-10;Else;customer;;;Mercado de Fruta
217;99;2022-02-09;413;Moore, Guzman and Moore;2022-12-25;Dream;inside;;;Mercado de Flores
68;346;2022-07-16;3711;Howard-Olson;2023-03-02;Wrong;task;;;Mercado de Fruta
228;211;2023-04-30;2278;Butler PLC;2021-05-21;Across;prove;;;Mercado de Fruta
128;238;2024-11-17;3177;Butler-Washington;2021-05-01;Draw;let;;;Mercado de Fruta
51;770;2024-12-06;4891;Mueller-Herrera;2022-08-02;Quite;end;;;Mercado de Legumes
232;822;2023-01-09;2641;Stephenson Group;2025-12-12;Medical;scene;;;Mercado de Flores
341;273;2025-03-14;327;Alvarez, Dunn and Browning;2023-04-02;Whom;book;;;Mercado de Flores
144;938;2023-06-25;3920;Mercado-Thomas;2024-04-11;Within;a;103.0;need;Mercado de Legumes
165;797;2020-04-14;1953;Williams, Griffith and Craig;2025-01-08;Another;live;39.0;away;Mercado de Legumes
308;37;2025-05-13;1812;Jones, Harrington and Herrera;2024-03-21;My;various;;;Mercado de Fruta
28;852;2020-08-02;4015;Hancock, Walker and Miller;2022-11-08;Off;another;;;Mercado de Flores
354;485;2021-07-07;1715;Martinez, Sanchez and Smith;2023-08-21;However;debate;;;Mercado de Legumes
496;463;2020-07-08;2202;Barrett, Patrick and Morton;2025-03-09;Class;face;129.0;nor;Mercado de Fruta
211;195;2023-06-12;3252;Robinson LLC;2022-02-07;Line;charge;153.0;thus;Mercado de Flores
202;104;2024-10-03;2734;Thomas-Sanders;2025-02-12;Likely;teach;;;Mercado de Legumes
419;316;2025-06-03;4044;Johnson, Hamilton and Price;2023-10-29;Where;so;;;Mercado de Fruta
262;613;2025-06-30;2972;Williams and Sons;2023-12-20;Base;often;;;Mercado de Fruta
377;788;2024-03-20;4481;Humphrey-Hancock;2023-12-16;Brother;meet;;;Mercado de Legumes
435;1000;2023-08-20;2712;Thompson-Kramer;2024-03-05;Century;center;;;Mercado de Fruta
442;259;2022-03-26;3082;Savage Ltd;2025-04-01;Section;continue;;;Mercado de Fruta
202;384;2022-10-03;1451;Thomas-Sanders;2025-02-12;Sort;physical;;;Mercado de Flores
384;522;2023-04-21;4774;Gilbert, Schmidt and Macias;2025-03-21;Which;whatever;161.0;policy;Mercado de Flores
436;536;2025-09-18;1528;Henry, Krueger and Freeman;2021-09-19;Left;increase;;;Mercado de Legumes
465;604;2025-01-01;3073;Smith-King;2025-09-06;Small;which;;;Mercado de Fruta
97;43;2021-09-23;636;Munoz-Lawson;2024-07-29;Doctor;wear;20.0;stay;Mercado de Fruta
97;43;2021-09-23;636;Munoz-Lawson;2024-07-29;Doctor;wear;23.0;total;Mercado de Fruta
97;43;2021-09-23;636;Munoz-Lawson;2024-07-29;Doctor;wear;26.0;identify;Mercado de Fruta
97;43;2021-09-23;636;Munoz-Lawson;2024-07-29;Doctor;wear;150.0;join;Mercado de Fruta
97;43;2021-09-23;636;Munoz-Lawson;2024-07-29;Doctor;wear;181.0;grow;Mercado de Fruta
108;57;2024-02-18;1881;Mejia Ltd;2021-06-22;Step;decide;;;Mercado de Flores
13;358;2020-10-16;4614;Conley, Snyder and Stone;2025-05-01;Suggest;too;100.0;each;Mercado de Fruta
13;358;2020-10-16;4614;Conley, Snyder and Stone;2025-05-01;Suggest;too;198.0;themselves;Mercado de Fruta
67;409;2021-06-01;3293;Jones, Wolf and Smith;2022-08-07;Baby;model;;;Mercado de Fruta
356;149;2023-02-04;216;Cook, Boyer and Cox;2024-02-10;Brother;ball;;;Mercado de Legumes
17;628;2020-11-07;4567;Roberts LLC;2023-12-21;More;not;185.0;truth;Mercado de Fruta
29;564;2023-07-19;3079;Mills Group;2024-12-01;Firm;majority;37.0;sister;Mercado de Flores
29;564;2023-07-19;3079;Mills Group;2024-12-01;Firm;majority;174.0;might;Mercado de Flores
277;12;2021-01-05;3807;Bennett Group;2021-03-31;Not;Congress;;;Mercado de Flores
317;447;2025-11-07;3363;Snyder and Sons;2021-07-03;Front;population;;;Mercado de Flores
25;468;2020-03-01;2864;Scott, Daugherty and Grant;2021-05-04;Box;it;155.0;generation;Mercado de Flores
188;347;2021-10-27;3135;Davis, Cortez and Young;2022-03-06;Speak;far;133.0;assume;Mercado de Legumes
188;347;2021-10-27;3135;Davis, Cortez and Young;2022-03-06;Speak;far;135.0;support;Mercado de Legumes
154;788;2020-12-04;1723;Coffey, Hodges and Tanner;2024-09-16;Brother;meet;179.0;democratic;Mercado de Legumes
154;788;2020-12-04;1723;Coffey, Hodges and Tanner;2024-09-16;Brother;meet;189.0;kind;Mercado de Legumes
462;98;2025-07-09;2180;Hansen-Lewis;2024-07-07;Hit;successful;;;Mercado de Legumes
79;513;2022-10-08;2612;Lopez, Newton and Rivera;2021-03-22;Determine;ready;;;Mercado de Flores
256;532;2025-01-05;2079;Martinez and Sons;2022-09-09;Million;fall;6.0;bar;Mercado de Fruta
376;498;2021-07-29;1222;Miller-Fields;2024-08-18;Boy;though;;;Mercado de Flores
124;258;2025-10-08;615;Baker Inc;2021-05-29;Amount;lawyer;72.0;language;Mercado de Flores
232;547;2021-07-22;4980;Stephenson Group;2025-12-12;Whatever;reduce;;;Mercado de Fruta
326;626;2025-06-05;1140;Jackson Group;2024-02-03;Energy;base;;;Mercado de Legumes
80;158;2025-04-15;4743;Boyd, Johnson and Miller;2024-08-15;Two;health;10.0;exactly;Mercado de Legumes
80;158;2025-04-15;4743;Boyd, Johnson and Miller;2024-08-15;Two;health;96.0;parent;Mercado de Legumes
52;562;2021-07-25;3497;Hess PLC;2022-07-05;Laugh;impact;112.0;that;Mercado de Fruta
375;304;2023-11-09;2428;Dixon-Williams;2021-07-20;Charge;this;;;Mercado de Fruta
423;442;2022-05-14;4525;Goodman-Hayes;2024-12-18;Public;require;;;Mercado de Fruta
134;107;2021-10-12;2155;Riddle-Jones;2023-07-15;Modern;yes;;;Mercado de Legumes
334;69;2025-10-29;3627;Hernandez-Mason;2024-04-05;True;stay;140.0;ok;Mercado de Flores
248;292;2021-06-02;4183;Reese, Flores and Wright;2025-04-24;Wide;event;;;Mercado de Fruta
111;884;2025-06-04;4793;Huff-Garcia;2024-06-20;Describe;model;;;Mercado de Legumes
302;114;2021-06-14;4109;Howard-Palmer;2022-03-21;Plant;much;;;Mercado de Flores
468;445;2025-03-30;3543;Crawford, Barnes and Aguilar;2021-04-19;Like;parent;;;Mercado de Fruta
324;693;2021-07-27;524;Pearson-Dean;2022-05-18;Entire;personal;;;Mercado de Flores
40;851;2020-05-02;4949;Andrade, Mcclure and Alvarez;2025-08-03;Third;book;95.0;executive;Mercado de Legumes
13;220;2022-02-08;4248;Conley, Snyder and Stone;2025-05-01;Plan;case;100.0;each;Mercado de Fruta
13;220;2022-02-08;4248;Conley, Snyder and Stone;2025-05-01;Plan;case;198.0;themselves;Mercado de Fruta
376;71;2024-02-03;1307;Miller-Fields;2024-08-18;Hundred;rather;;;Mercado de Legumes
182;980;2021-02-16;2014;Moore, Rivera and Nguyen;2024-06-18;If;meet;;;Mercado de Legumes
190;803;2025-06-28;3951;Lyons-Cook;2023-06-02;Case;simply;;;Mercado de Legumes
73;760;2025-11-20;299;Adams, Lamb and Ellis;2022-05-26;Budget;protect;;;Mercado de Fruta
245;526;2022-12-14;155;Guzman-Cole;2024-11-20;Other;memory;56.0;design;Mercado de Fruta
131;396;2021-01-19;4650;Schroeder, Moss and Rivas;2021-05-15;Drug;let;;;Mercado de Flores
351;943;2026-01-04;4136;Curtis Inc;2024-10-01;Set;physical;101.0;both;Mercado de Fruta
147;90;2022-04-23;2632;Hess-Dickson;2022-09-18;Possible;sit;119.0;force;Mercado de Flores
20;162;2022-12-01;927;Wilkerson PLC;2021-05-09;Enjoy;per;116.0;explain;Mercado de Flores
315;218;2026-02-05;1562;Garcia, Campbell and Powell;2023-02-17;Including;relate;;;Mercado de Legumes
314;568;2020-01-25;2377;Moody LLC;2024-10-26;Wonder;bag;;;Mercado de Fruta
148;792;2025-02-08;4136;Hicks, Smith and Watson;2026-01-22;Eight;leg;18.0;turn;Mercado de Flores
107;483;2026-01-11;4231;Jones, Keith and Wiggins;2021-05-06;Lead;chair;;;Mercado de Flores
302;15;2022-09-11;1128;Howard-Palmer;2022-03-21;Fast;character;;;Mercado de Flores
54;493;2021-12-04;1881;Schroeder, Hahn and Miller;2021-03-11;On;possible;;;Mercado de Fruta
392;120;2021-10-27;382;Nelson-Donaldson;2024-05-14;Several;blue;107.0;sense;Mercado de Flores
108;512;2023-11-07;2865;Mejia Ltd;2021-06-22;New;evening;;;Mercado de Legumes
318;801;2020-07-23;4644;Gutierrez, Cisneros and Phillips;2021-07-28;Special;the;;;Mercado de Flores
242;272;2022-09-10;1286;Bishop, Acosta and Obrien;2022-08-25;Himself;finally;;;Mercado de Legumes
261;123;2024-05-31;2122;Long-Ellis;2022-07-28;Morning;box;55.0;between;Mercado de Flores
359;966;2023-02-21;3653;Thompson-Miller;2025-10-31;Still;offer;;;Mercado de Flores
313;626;2020-10-22;2149;Stout-Rodgers;2022-09-19;Energy;base;92.0;why;Mercado de Legumes
58;54;2025-02-07;1768;Campos, Manning and Johnson;2021-09-03;View;eat;;;Mercado de Flores
363;16;2023-06-29;3983;Adams Group;2023-01-02;Reduce;toward;27.0;college;Mercado de Fruta
363;16;2023-06-29;3983;Adams Group;2023-01-02;Reduce;toward;170.0;clearly;Mercado de Fruta
371;307;2020-07-27;1330;Wells, Jenkins and Martin;2025-08-30;Traditional;appear;;;Mercado de Fruta
105;118;2022-02-17;2565;Mccall and Sons;2022-01-20;Determine;recognize;5.0;meet;Mercado de Fruta
105;118;2022-02-17;2565;Mccall and Sons;2022-01-20;Determine;recognize;187.0;coach;Mercado de Fruta
321;461;2024-10-17;3489;Frost-Wolfe;2023-12-28;Director;war;;;Mercado de Legumes
489;322;2020-01-02;2630;Lee, Guerrero and Alexander;2026-01-14;Democrat;serve;;;Mercado de Fruta
310;713;2025-06-09;4038;Turner, Bowman and Williams;2021-08-06;Send;thought;;;Mercado de Legumes
387;517;2025-12-29;2109;Smith Group;2022-08-12;Which;ago;15.0;Mrs;Mercado de Fruta
387;517;2025-12-29;2109;Smith Group;2022-08-12;Which;ago;65.0;window;Mercado de Fruta
381;370;2020-04-15;2436;Hunter-Wood;2023-06-13;Nice;adult;;;Mercado de Fruta
122;434;2020-04-07;3982;Scott-Bowers;2024-12-19;Energy;marriage;;;Mercado de Legumes
447;741;2020-05-16;2369;Palmer, Hall and Mcintosh;2023-12-21;Member;other;;;Mercado de Flores
253;328;2022-03-21;3534;Kelley Ltd;2023-12-20;Yes;discover;;;Mercado de Fruta
134;469;2021-07-07;977;Riddle-Jones;2023-07-15;Throughout;north;;;Mercado de Fruta
145;901;2021-12-27;3086;Weaver Ltd;2021-10-16;Important;actually;;;Mercado de Fruta
308;719;2022-03-21;290;Jones, Harrington and Herrera;2024-03-21;Contain;memory;;;Mercado de Legumes
148;208;2022-12-28;4354;Hicks, Smith and Watson;2026-01-22;National;people;18.0;turn;Mercado de Fruta
183;593;2023-05-06;3849;Velez, Price and Cortez;2022-02-23;Throw;picture;;;Mercado de Legumes
470;479;2024-10-03;3668;Ray, Hall and Graves;2024-05-10;Floor;organization;;;Mercado de Legumes
237;899;2023-01-01;4393;Holland-Mckay;2025-02-19;Water;weight;128.0;so;Mercado de Legumes
117;844;2024-05-26;3314;Avila, Duke and Medina;2024-04-05;Southern;thus;184.0;specific;Mercado de Fruta
307;747;2023-01-13;1792;Cooper-Gates;2022-08-19;Respond;night;;;Mercado de Flores
364;570;2023-12-19;2629;Boyd-Sexton;2024-06-11;Though;week;;;Mercado de Flores
491;398;2024-04-08;3191;Smith LLC;2025-01-19;Fact;expect;156.0;hair;Mercado de Legumes
491;398;2024-04-08;3191;Smith LLC;2025-01-19;Fact;expect;172.0;moment;Mercado de Legumes
144;512;2021-03-02;726;Mercado-Thomas;2024-04-11;New;evening;103.0;need;Mercado de Legumes
150;265;2025-08-02;1769;Zhang, Arnold and Richmond;2021-11-15;Town;play;;;Mercado de Fruta
295;287;2023-05-16;4652;Sandoval, Castillo and Golden;2025-02-04;Find;discussion;;;Mercado de Legumes
417;444;2024-02-07;4273;Wells Group;2026-01-14;Really;specific;;;Mercado de Flores
330;80;2025-11-20;1723;Robinson LLC;2022-07-27;Focus;price;;;Mercado de Legumes
338;733;2024-09-15;2881;Brown Ltd;2025-02-19;Think;success;;;Mercado de Fruta
203;288;2022-07-23;3956;Roberts LLC;2024-09-29;There;ask;;;Mercado de Flores
456;14;2023-12-02;4397;Price, Franklin and Duarte;2025-01-08;Image;leg;;;Mercado de Legumes
463;854;2021-12-05;2096;Sullivan-Hernandez;2021-08-01;Somebody;once;;;Mercado de Legumes
362;977;2021-10-21;362;Mccullough-Mckinney;2024-11-08;Decision;off;94.0;all;Mercado de Legumes
362;977;2021-10-21;362;Mccullough-Mckinney;2024-11-08;Decision;off;157.0;environment;Mercado de Legumes
417;7;2023-09-06;1018;Wells Group;2026-01-14;Civil;career;;;Mercado de Fruta
105;443;2021-01-04;1581;Mccall and Sons;2022-01-20;Several;hand;5.0;meet;Mercado de Legumes
105;443;2021-01-04;1581;Mccall and Sons;2022-01-20;Several;hand;187.0;coach;Mercado de Legumes
200;473;2020-02-16;1918;Hernandez, Rojas and Rodriguez;2024-02-06;Chair;choose;;;Mercado de Legumes
242;437;2020-02-22;2481;Bishop, Acosta and Obrien;2022-08-25;Care;score;;;Mercado de Legumes
11;771;2021-07-25;1542;Serrano, Young and Nichols;2024-10-20;Stuff;mother;;;Mercado de Flores
360;976;2024-03-08;4340;Harris-Stephens;2024-08-29;Network;almost;48.0;rate;Mercado de Fruta
142;281;2024-01-18;2729;Guzman Inc;2024-04-08;Voice;democratic;2.0;beyond;Mercado de Legumes
196;339;2020-12-06;3024;Robinson-Cowan;2025-03-23;Agreement;firm;;;Mercado de Flores
205;147;2021-06-23;4099;Turner-Cook;2023-12-03;Individual;court;;;Mercado de Flores
3;113;2021-09-25;3951;Cruz, Hurley and Graham;2024-07-17;Itself;issue;;;Mercado de Legumes
140;590;2022-06-18;4490;Woodard PLC;2021-04-23;Team;day;;;Mercado de Legumes
321;755;2026-01-20;1663;Frost-Wolfe;2023-12-28;World;whose;;;Mercado de Legumes
49;657;2024-04-22;2662;Black and Sons;2021-10-18;Area;reality;;;Mercado de Flores
178;853;2025-03-08;4916;Hernandez, Lewis and Shields;2025-07-25;Light;politics;97.0;pay;Mercado de Fruta
151;77;2023-09-13;4151;Duncan PLC;2023-08-10;Class;city;;;Mercado de Legumes
429;758;2023-04-12;3520;Foster-Murphy;2023-08-16;Every;stock;;;Mercado de Legumes
95;629;2021-06-06;2067;Woods and Sons;2022-04-09;Defense;whom;32.0;follow;Mercado de Legumes
368;972;2024-01-29;1380;Martin and Sons;2024-01-11;Necessary;member;;;Mercado de Flores
56;919;2021-08-23;2375;Wheeler-Blackburn;2025-06-13;Change;soldier;1.0;move;Mercado de Fruta
56;919;2021-08-23;2375;Wheeler-Blackburn;2025-06-13;Change;soldier;132.0;sort;Mercado de Fruta
485;354;2022-08-30;2227;Allen and Sons;2023-06-18;Another;collection;;;Mercado de Flores
217;254;2025-01-19;656;Moore, Guzman and Moore;2022-12-25;They;pay;;;Mercado de Legumes
287;365;2025-10-02;1314;Bailey, Bush and Hernandez;2024-12-15;Main;thank;148.0;room;Mercado de Legumes
107;482;2025-07-26;4520;Jones, Keith and Wiggins;2021-05-06;Manager;behavior;;;Mercado de Legumes
289;245;2025-05-14;1486;Spencer-Carter;2026-01-20;Contain;boy;;;Mercado de Legumes
176;588;2022-06-30;1015;Schaefer-Brooks;2021-04-09;Wear;region;;;Mercado de Flores
131;698;2025-12-15;776;Schroeder, Moss and Rivas;2021-05-15;Age;him;;;Mercado de Legumes
395;167;2020-12-20;2177;Santana-Ray;2022-09-09;Final;message;;;Mercado de Legumes
146;581;2020-08-25;460;Christian, Lee and Stewart;2024-07-08;Similar;small;126.0;enter;Mercado de Legumes
370;986;2023-04-14;3215;Welch Ltd;2021-10-25;Need;player;;;Mercado de Legumes
390;442;2021-06-06;3577;Lawrence, Gardner and Harris;2023-03-17;Public;require;;;Mercado de Fruta
3;738;2020-02-09;422;Cruz, Hurley and Graham;2024-07-17;Method;away;;;Mercado de Flores
498;763;2023-06-15;706;Walker-Kirk;2024-03-19;Front;former;;;Mercado de Fruta
187;913;2025-12-16;3358;Hanson, White and Jackson;2024-06-25;Bed;remember;;;Mercado de Fruta
283;693;2022-07-01;3747;Nguyen-Patterson;2023-01-09;Entire;personal;;;Mercado de Flores
480;829;2020-09-29;1467;Jones-Chavez;2022-10-24;Fall;outside;99.0;then;Mercado de Fruta
480;829;2020-09-29;1467;Jones-Chavez;2022-10-24;Fall;outside;131.0;religious;Mercado de Fruta
3;525;2024-12-01;4458;Cruz, Hurley and Graham;2024-07-17;Writer;way;;;Mercado de Flores
125;694;2025-02-13;3875;Rice, Freeman and Brown;2024-12-11;Again;nature;115.0;reality;Mercado de Fruta
294;947;2020-10-06;4891;Jones, Leon and Edwards;2024-02-02;Unit;soon;98.0;human;Mercado de Legumes
27;246;2021-10-06;2504;Mosley-Kim;2023-04-06;Somebody;thought;;;Mercado de Flores
479;722;2026-01-26;3997;Reynolds, Christian and Lopez;2021-07-19;Executive;training;;;Mercado de Legumes
327;992;2022-12-06;2468;Mills, Mclaughlin and Smith;2026-02-09;True;ten;66.0;certainly;Mercado de Legumes
141;182;2021-03-07;4017;Gordon LLC;2022-04-11;Management;pattern;;;Mercado de Legumes
87;193;2024-02-05;2809;Mason Inc;2025-07-04;Born;across;;;Mercado de Fruta
447;15;2025-04-08;4689;Palmer, Hall and Mcintosh;2023-12-21;Fast;character;;;Mercado de Flores
407;803;2023-10-05;2626;Ford, Spencer and Copeland;2021-10-25;Case;simply;;;Mercado de Legumes
147;400;2020-10-28;4474;Hess-Dickson;2022-09-18;Season;whatever;119.0;force;Mercado de Fruta
268;462;2025-09-04;545;Taylor Inc;2022-03-26;Daughter;compare;;;Mercado de Flores
308;903;2024-11-28;3863;Jones, Harrington and Herrera;2024-03-21;Social;light;;;Mercado de Flores
230;482;2025-07-12;3327;Shelton Inc;2023-04-03;Manager;behavior;169.0;hot;Mercado de Legumes
35;204;2025-04-05;956;Nolan, Jones and Gordon;2021-04-03;Father;lawyer;61.0;record;Mercado de Flores
164;111;2020-01-27;929;Acevedo-Potts;2021-06-29;Season;behind;;;Mercado de Flores
422;864;2023-01-28;3025;Wright, Dickerson and Mcdonald;2023-02-13;Region;personal;162.0;management;Mercado de Flores
331;18;2024-11-15;2270;Lawrence Inc;2023-06-02;Large;skill;149.0;service;Mercado de Flores
260;789;2023-05-11;4575;Smith, Carter and Blake;2021-07-29;Her;fear;;;Mercado de Flores
230;500;2024-11-05;1029;Shelton Inc;2023-04-03;Arrive;brother;169.0;hot;Mercado de Legumes
140;319;2024-12-12;1038;Woodard PLC;2021-04-23;Green;almost;;;Mercado de Fruta
63;700;2023-02-25;4321;Castro, Sherman and Flores;2025-12-01;Great;against;;;Mercado de Fruta
248;343;2021-05-13;4220;Reese, Flores and Wright;2025-04-24;Camera;theory;;;Mercado de Fruta
267;769;2022-04-16;481;Wagner Inc;2022-03-29;Upon;describe;;;Mercado de Fruta
494;188;2020-08-26;749;Rasmussen Group;2023-04-05;Animal;too;;;Mercado de Legumes
46;61;2022-01-06;2497;Jones-Atkinson;2022-09-28;Everybody;stay;;;Mercado de Fruta
101;749;2024-07-25;4096;Dominguez, Fry and Hill;2021-08-11;Practice;worker;;;Mercado de Legumes
447;913;2025-03-05;4562;Palmer, Hall and Mcintosh;2023-12-21;Bed;remember;;;Mercado de Fruta
339;693;2023-11-16;1820;Hill, Dalton and Bolton;2021-10-09;Entire;personal;77.0;property;Mercado de Flores
361;546;2021-06-27;3509;Martinez Ltd;2023-11-22;Cover;control;80.0;by;Mercado de Flores
346;260;2024-09-22;4065;Paul, Stewart and Pierce;2024-08-13;Military;chance;44.0;house;Mercado de Legumes
346;378;2024-02-08;1063;Paul, Stewart and Pierce;2024-08-13;Under;kitchen;44.0;house;Mercado de Flores
489;926;2024-03-27;3481;Lee, Guerrero and Alexander;2026-01-14;Enter;government;;;Mercado de Legumes
443;236;2023-04-09;439;Avila Group;2026-01-21;Cultural;control;7.0;might;Mercado de Legumes
443;236;2023-04-09;439;Avila Group;2026-01-21;Cultural;control;75.0;grow;Mercado de Legumes
418;179;2023-09-16;4573;Shelton Ltd;2022-01-04;Level;drop;;;Mercado de Legumes
67;396;2022-06-06;854;Jones, Wolf and Smith;2022-08-07;Drug;let;;;Mercado de Flores
387;454;2020-09-09;4734;Smith Group;2022-08-12;To;around;15.0;Mrs;Mercado de Fruta
387;454;2020-09-09;4734;Smith Group;2022-08-12;To;around;65.0;window;Mercado de Fruta
253;455;2025-01-13;3478;Kelley Ltd;2023-12-20;Read;measure;;;Mercado de Legumes
324;804;2021-10-20;3915;Pearson-Dean;2022-05-18;Include;interview;;;Mercado de Flores
476;696;2022-03-24;2148;Johnson-Curtis;2021-06-10;Enough;light;36.0;dream;Mercado de Flores
441;318;2025-08-25;2712;Mclaughlin, Hernandez and Fitzpatrick;2025-05-27;Expect;actually;;;Mercado de Flores
244;900;2022-03-07;2747;Perez Ltd;2024-11-05;Something;message;;;Mercado de Flores
220;374;2025-05-19;849;Sharp-Williams;2024-08-10;Establish;here;;;Mercado de Legumes
233;702;2021-10-24;483;Hernandez-Hart;2021-08-13;Cell;first;177.0;media;Mercado de Flores
144;627;2025-08-30;2145;Mercado-Thomas;2024-04-11;Effort;effect;103.0;need;Mercado de Flores
342;228;2022-09-18;2773;Hernandez-King;2022-04-10;Still;degree;;;Mercado de Flores
371;490;2025-11-29;1282;Wells, Jenkins and Martin;2025-08-30;Bar;former;;;Mercado de Fruta
325;693;2025-07-04;2144;Barrett Group;2022-12-07;Entire;personal;;;Mercado de Flores
455;289;2022-06-29;1725;Giles, Lewis and Sampson;2021-08-24;Get;six;;;Mercado de Fruta
55;137;2020-04-27;1148;Hill, Allen and Rodriguez;2022-07-31;Modern;people;114.0;ability;Mercado de Legumes
37;482;2025-09-14;251;Meyer-Kim;2022-04-17;Manager;behavior;40.0;do;Mercado de Legumes
394;446;2021-01-28;489;Mcgee-Ramirez;2024-11-29;Painting;take;;;Mercado de Legumes
278;21;2020-06-25;122;Morrow-Compton;2025-06-19;Cultural;threat;90.0;star;Mercado de Flores
232;814;2025-11-26;1650;Stephenson Group;2025-12-12;Natural;foot;;;Mercado de Fruta
171;352;2020-08-22;2392;Holt Ltd;2021-04-28;Before;minute;57.0;seek;Mercado de Fruta
32;106;2025-02-20;2244;Arnold, Hernandez and Hines;2022-10-16;Happen;blood;51.0;sense;Mercado de Fruta
149;442;2025-09-10;3905;Sawyer LLC;2026-01-27;Public;require;;;Mercado de Fruta
296;239;2025-09-10;3488;Coleman-Reyes;2025-07-26;Difference;stand;83.0;responsibility;Mercado de Legumes
296;239;2025-09-10;3488;Coleman-Reyes;2025-07-26;Difference;stand;145.0;somebody;Mercado de Legumes
250;244;2024-04-12;1025;Williams LLC;2024-05-24;School;write;;;Mercado de Fruta
144;468;2023-01-04;1762;Mercado-Thomas;2024-04-11;Box;it;103.0;need;Mercado de Flores
181;550;2023-02-05;4195;Jackson, Munoz and Guzman;2025-04-01;Management;not;;;Mercado de Fruta
15;980;2022-01-31;2931;Jackson, Miller and Chang;2024-05-13;If;meet;;;Mercado de Legumes
52;535;2023-05-23;3748;Hess PLC;2022-07-05;Recognize;name;112.0;that;Mercado de Fruta
479;688;2024-07-01;1998;Reynolds, Christian and Lopez;2021-07-19;Special;where;;;Mercado de Fruta
419;123;2023-10-11;1693;Johnson, Hamilton and Price;2023-10-29;Morning;box;;;Mercado de Flores
497;903;2024-06-13;2282;Bowers-Townsend;2022-08-31;Social;light;;;Mercado de Flores
25;337;2020-06-18;1214;Scott, Daugherty and Grant;2021-05-04;Article;raise;155.0;generation;Mercado de Fruta
307;217;2023-01-07;2015;Cooper-Gates;2022-08-19;Do;every;;;Mercado de Fruta
456;632;2023-09-10;3427;Price, Franklin and Duarte;2025-01-08;Ok;adult;;;Mercado de Legumes
214;625;2025-03-01;1922;Weaver LLC;2023-05-04;Adult;special;;;Mercado de Fruta
170;621;2025-07-25;4658;Collins-Campos;2025-06-15;Former;second;;;Mercado de Flores
261;366;2021-01-01;907;Long-Ellis;2022-07-28;Above;manage;55.0;between;Mercado de Flores
430;640;2023-03-20;1352;Guerrero-Hernandez;2024-02-11;Nature;send;146.0;amount;Mercado de Fruta
65;842;2022-03-30;1090;Serrano-Hoover;2024-05-14;Travel;occur;144.0;total;Mercado de Legumes
1;515;2022-05-23;3152;Cooper and Sons;2022-04-26;Light;there;;;Mercado de Legumes
114;850;2022-10-20;4663;Powers, Friedman and Atkinson;2025-12-03;Just;market;;;Mercado de Fruta
146;159;2020-09-17;601;Christian, Lee and Stewart;2024-07-08;Newspaper;herself;126.0;enter;Mercado de Flores
163;601;2024-11-22;2867;Rogers and Sons;2024-04-13;Item;president;;;Mercado de Fruta
311;604;2021-01-11;382;Johnson-Blankenship;2021-09-21;Small;which;46.0;far;Mercado de Fruta
331;266;2021-09-24;4809;Lawrence Inc;2023-06-02;Speak;fill;149.0;service;Mercado de Legumes
86;8;2022-10-14;2628;Frederick, Kelly and Willis;2023-11-24;Thus;allow;;;Mercado de Legumes
298;959;2025-06-29;3973;Benson-Travis;2022-07-13;Already;attack;34.0;will;Mercado de Legumes
358;672;2021-06-23;4426;Mccormick and Sons;2023-11-06;Total;hold;24.0;during;Mercado de Flores
358;672;2021-06-23;4426;Mccormick and Sons;2023-11-06;Total;hold;138.0;democratic;Mercado de Flores
370;609;2022-11-23;2986;Welch Ltd;2021-10-25;Mrs;in;;;Mercado de Flores
260;871;2021-11-28;4107;Smith, Carter and Blake;2021-07-29;Party;street;;;Mercado de Fruta
276;265;2021-08-14;4201;Spencer PLC;2025-06-17;Town;play;;;Mercado de Fruta
471;834;2024-04-03;4315;Mason-Rogers;2025-10-13;Interesting;unit;;;Mercado de Flores
285;337;2020-01-15;4925;English-Williams;2023-09-29;Article;raise;;;Mercado de Fruta
83;642;2024-11-05;3157;Graham LLC;2022-11-25;Money;section;154.0;tree;Mercado de Flores
251;120;2024-01-21;1779;Fernandez Inc;2021-07-16;Several;blue;59.0;western;Mercado de Flores
341;215;2020-09-14;3269;Alvarez, Dunn and Browning;2023-04-02;Whom;wear;;;Mercado de Legumes
236;281;2023-08-22;4099;Butler, Williams and Hoffman;2023-04-13;Voice;democratic;;;Mercado de Legumes
193;157;2022-10-26;1885;Cunningham, Mcpherson and Jones;2025-05-23;Site;next;;;Mercado de Fruta
385;160;2020-12-22;331;Gonzalez Group;2024-02-14;Production;far;;;Mercado de Fruta
73;794;2022-11-10;2031;Adams, Lamb and Ellis;2022-05-26;Institution;glass;;;Mercado de Legumes
216;583;2024-01-11;2249;Kirk LLC;2025-02-16;Business;force;74.0;employee;Mercado de Fruta
152;287;2021-11-27;1981;Schultz-Glass;2023-06-16;Find;discussion;118.0;western;Mercado de Legumes
44;321;2024-12-03;714;Johnson, Hooper and Norton;2022-03-04;Financial;detail;;;Mercado de Flores
299;951;2020-03-08;4556;Booker PLC;2025-08-17;Never;so;;;Mercado de Flores
334;660;2022-01-18;3570;Hernandez-Mason;2024-04-05;Senior;song;140.0;ok;Mercado de Flores
471;455;2026-02-05;669;Mason-Rogers;2025-10-13;Read;measure;;;Mercado de Legumes
405;336;2024-01-18;4127;Valenzuela-Meyer;2024-09-09;Unit;list;;;Mercado de Flores
98;536;2023-10-24;2293;Riley, Dunn and Mccarty;2024-07-30;Left;increase;;;Mercado de Legumes
362;489;2020-06-16;1638;Mccullough-Mckinney;2024-11-08;Culture;artist;94.0;all;Mercado de Flores
362;489;2020-06-16;1638;Mccullough-Mckinney;2024-11-08;Culture;artist;157.0;environment;Mercado de Flores
324;112;2026-01-04;2929;Pearson-Dean;2022-05-18;Happen;human;;;Mercado de Fruta
62;852;2023-04-04;1529;Dean Group;2023-04-26;Off;another;;;Mercado de Flores
419;243;2021-03-05;1683;Johnson, Hamilton and Price;2023-10-29;Pick;thing;;;Mercado de Flores
97;232;2025-03-11;2560;Munoz-Lawson;2024-07-29;Parent;cut;20.0;stay;Mercado de Fruta
97;232;2025-03-11;2560;Munoz-Lawson;2024-07-29;Parent;cut;23.0;total;Mercado de Fruta
97;232;2025-03-11;2560;Munoz-Lawson;2024-07-29;Parent;cut;26.0;identify;Mercado de Fruta
97;232;2025-03-11;2560;Munoz-Lawson;2024-07-29;Parent;cut;150.0;join;Mercado de Fruta
97;232;2025-03-11;2560;Munoz-Lawson;2024-07-29;Parent;cut;181.0;grow;Mercado de Fruta
472;214;2024-11-22;4660;Camacho Inc;2022-03-16;Available;evidence;;;Mercado de Fruta
446;390;2021-08-05;3616;Duffy-Molina;2022-11-01;Meeting;language;93.0;paper;Mercado de Flores
49;623;2024-06-05;1194;Black and Sons;2021-10-18;Art;from;;;Mercado de Legumes
422;283;2024-06-21;4759;Wright, Dickerson and Mcdonald;2023-02-13;Commercial;seat;162.0;management;Mercado de Fruta
152;945;2025-02-27;1262;Schultz-Glass;2023-06-16;Peace;student;118.0;western;Mercado de Flores
58;667;2021-04-21;4295;Campos, Manning and Johnson;2021-09-03;Best;phone;;;Mercado de Fruta
412;310;2024-11-25;4844;Young Ltd;2021-10-29;Wind;situation;;;Mercado de Fruta
151;621;2026-01-22;1407;Duncan PLC;2023-08-10;Former;second;;;Mercado de Flores
424;223;2020-10-15;1071;Lopez-Palmer;2024-08-05;Recognize;because;;;Mercado de Fruta
278;770;2023-11-07;1904;Morrow-Compton;2025-06-19;Quite;end;90.0;star;Mercado de Legumes
377;634;2021-10-21;2153;Humphrey-Hancock;2023-12-16;Feeling;near;;;Mercado de Fruta
402;813;2022-10-23;3494;Miller-Wagner;2023-04-08;Floor;national;;;Mercado de Flores
373;895;2021-05-11;732;Martinez, Taylor and Howard;2025-04-04;North;discussion;;;Mercado de Fruta
185;872;2021-06-24;842;Jennings PLC;2024-02-10;Lot;kitchen;;;Mercado de Legumes
465;722;2020-05-10;2797;Smith-King;2025-09-06;Executive;training;;;Mercado de Legumes
382;456;2024-03-20;562;Buchanan-Marquez;2023-03-31;Kitchen;cultural;;;Mercado de Flores
384;240;2024-08-29;1717;Gilbert, Schmidt and Macias;2025-03-21;Describe;attorney;161.0;policy;Mercado de Flores
354;93;2022-07-05;475;Martinez, Sanchez and Smith;2023-08-21;Nearly;whom;;;Mercado de Flores
294;201;2025-11-05;4796;Jones, Leon and Edwards;2024-02-02;Senior;many;98.0;human;Mercado de Flores
51;126;2023-12-28;2186;Mueller-Herrera;2022-08-02;Player;though;;;Mercado de Flores
458;877;2025-12-15;1170;Long, Walker and Allison;2025-03-29;Quickly;late;;;Mercado de Fruta
13;828;2020-04-26;2780;Conley, Snyder and Stone;2025-05-01;Training;finish;100.0;each;Mercado de Flores
13;828;2020-04-26;2780;Conley, Snyder and Stone;2025-05-01;Training;finish;198.0;themselves;Mercado de Flores
348;216;2024-10-17;3429;Lyons-Mccoy;2021-09-26;Sure;well;76.0;involve;Mercado de Flores
249;777;2024-02-16;2094;Dunlap, Cabrera and Thompson;2021-04-23;Few;citizen;;;Mercado de Flores
309;168;2022-12-21;420;Maldonado-Macias;2021-03-27;Address;product;;;Mercado de Flores
398;807;2023-03-23;2378;Williams-Reynolds;2021-07-19;To;nice;38.0;ten;Mercado de Flores
398;807;2023-03-23;2378;Williams-Reynolds;2021-07-19;To;nice;200.0;professional;Mercado de Flores
244;87;2020-11-25;2767;Perez Ltd;2024-11-05;Early;my;;;Mercado de Flores
200;431;2024-12-10;2131;Hernandez, Rojas and Rodriguez;2024-02-06;A;agent;;;Mercado de Legumes
306;430;2025-07-20;4317;Jenkins LLC;2022-02-24;Piece;our;;;Mercado de Fruta
61;26;2022-05-23;2172;Stewart, Hopkins and Williams;2021-12-31;Available;yard;;;Mercado de Legumes
132;631;2023-06-16;1104;Branch and Sons;2021-12-10;Product;audience;69.0;exist;Mercado de Fruta
27;628;2023-04-02;4827;Mosley-Kim;2023-04-06;More;not;;;Mercado de Fruta
125;458;2024-07-14;3308;Rice, Freeman and Brown;2024-12-11;Eat;list;115.0;reality;Mercado de Legumes
198;620;2025-07-07;824;Bradley PLC;2021-04-20;Simply;without;;;Mercado de Legumes
53;191;2024-07-02;3763;West-Brewer;2021-11-26;Before;middle;188.0;both;Mercado de Legumes
138;290;2021-03-17;3376;Lee-Keller;2023-10-06;Education;share;117.0;staff;Mercado de Legumes
481;914;2023-07-09;1353;Green, Price and Lucas;2024-01-29;Study;choose;;;Mercado de Legumes
159;869;2023-02-13;3065;Johnson, Long and Benson;2022-06-05;Who;glass;;;Mercado de Legumes
52;573;2021-05-06;2409;Hess PLC;2022-07-05;Speech;whether;112.0;that;Mercado de Flores
193;93;2025-12-14;1755;Cunningham, Mcpherson and Jones;2025-05-23;Nearly;whom;;;Mercado de Flores
25;20;2022-05-19;1960;Scott, Daugherty and Grant;2021-05-04;Increase;field;155.0;generation;Mercado de Legumes
5;85;2024-03-23;4213;Hart, Ramsey and Diaz;2021-03-14;Through;south;113.0;tend;Mercado de Fruta
63;11;2021-08-06;869;Castro, Sherman and Flores;2025-12-01;Cover;real;;;Mercado de Legumes
203;919;2021-02-11;4688;Roberts LLC;2024-09-29;Change;soldier;;;Mercado de Fruta
232;562;2023-01-02;3585;Stephenson Group;2025-12-12;Laugh;impact;;;Mercado de Fruta
198;970;2023-09-21;647;Bradley PLC;2021-04-20;Use;lawyer;;;Mercado de Fruta
310;448;2022-09-22;4361;Turner, Bowman and Williams;2021-08-06;Everyone;environment;;;Mercado de Fruta
112;284;2024-07-22;1136;Colon, King and Evans;2022-10-21;Box;level;;;Mercado de Legumes
429;389;2020-10-17;1408;Foster-Murphy;2023-08-16;Town;tend;;;Mercado de Legumes
282;450;2020-07-19;2794;Wilson LLC;2025-01-17;Study;personal;130.0;billion;Mercado de Flores
282;450;2020-07-19;2794;Wilson LLC;2025-01-17;Study;personal;167.0;wonder;Mercado de Flores
91;637;2023-06-16;865;Lee-Osborne;2023-03-17;Well;determine;;;Mercado de Fruta
274;313;2021-06-23;4881;Sosa Group;2026-01-19;Three;firm;;;Mercado de Fruta
447;478;2020-11-19;3426;Palmer, Hall and Mcintosh;2023-12-21;Able;through;;;Mercado de Fruta
372;638;2023-12-14;4451;Nichols, Moore and Meadows;2024-11-05;Material;care;;;Mercado de Legumes
238;703;2025-11-12;3511;Whitney, Kim and Moore;2025-02-23;Her;better;;;Mercado de Fruta
231;144;2025-01-14;4736;Griffin PLC;2021-03-20;Low;recently;;;Mercado de Flores
310;635;2023-08-09;2566;Turner, Bowman and Williams;2021-08-06;He;over;;;Mercado de Legumes
411;500;2021-03-31;163;Howard-Gomez;2021-12-18;Arrive;brother;62.0;care;Mercado de Legumes
91;718;2022-06-27;2129;Lee-Osborne;2023-03-17;Eight;gun;;;Mercado de Fruta
431;134;2023-11-03;587;Taylor Inc;2024-08-22;Voice;try;104.0;account;Mercado de Legumes
129;534;2020-05-31;2678;Gonzalez LLC;2025-09-05;Baby;machine;30.0;difficult;Mercado de Flores
129;534;2020-05-31;2678;Gonzalez LLC;2025-09-05;Baby;machine;191.0;a;Mercado de Flores
353;557;2024-07-15;4605;Jones-Rollins;2024-02-10;Heavy;order;;;Mercado de Legumes
315;48;2025-07-26;2580;Garcia, Campbell and Powell;2023-02-17;Man;serious;;;Mercado de Flores
51;560;2024-08-09;1938;Mueller-Herrera;2022-08-02;Poor;those;;;Mercado de Legumes
392;252;2023-06-25;2713;Nelson-Donaldson;2024-05-14;Despite;establish;107.0;sense;Mercado de Flores
114;547;2024-06-16;3811;Powers, Friedman and Atkinson;2025-12-03;Whatever;reduce;;;Mercado de Fruta
293;780;2021-08-11;3732;Tyler LLC;2025-11-18;Charge;beyond;;;Mercado de Flores
60;677;2021-11-09;4253;Brown, Ortega and Moran;2023-07-07;Report;study;;;Mercado de Legumes
334;786;2023-12-28;800;Hernandez-Mason;2024-04-05;Season;base;140.0;ok;Mercado de Flores
294;834;2025-11-24;2407;Jones, Leon and Edwards;2024-02-02;Interesting;unit;98.0;human;Mercado de Flores
334;667;2022-03-02;3476;Hernandez-Mason;2024-04-05;Best;phone;140.0;ok;Mercado de Fruta
237;11;2020-05-21;3006;Holland-Mckay;2025-02-19;Cover;real;128.0;so;Mercado de Legumes
200;705;2021-09-27;1001;Hernandez, Rojas and Rodriguez;2024-02-06;Size;whole;;;Mercado de Flores
216;430;2025-04-03;1536;Kirk LLC;2025-02-16;Piece;our;74.0;employee;Mercado de Fruta
391;155;2025-05-19;4828;Travis PLC;2023-06-04;Question;future;;;Mercado de Legumes
95;165;2022-09-11;200;Woods and Sons;2022-04-09;Partner;leave;32.0;follow;Mercado de Flores
119;607;2022-01-20;3341;Shelton, Odonnell and Williams;2022-11-17;Make;meet;;;Mercado de Fruta
13;540;2024-10-03;336;Conley, Snyder and Stone;2025-05-01;Financial;budget;100.0;each;Mercado de Flores
13;540;2024-10-03;336;Conley, Snyder and Stone;2025-05-01;Financial;budget;198.0;themselves;Mercado de Flores
216;411;2020-12-28;3618;Kirk LLC;2025-02-16;Establish;author;74.0;employee;Mercado de Flores
317;946;2020-10-19;2927;Snyder and Sons;2021-07-03;Ago;box;;;Mercado de Fruta
8;976;2021-05-28;4920;Garcia-Lawson;2024-11-18;Network;almost;;;Mercado de Fruta
37;952;2025-12-13;4084;Meyer-Kim;2022-04-17;Religious;positive;40.0;do;Mercado de Fruta
399;446;2025-02-27;3111;Scott Group;2021-11-11;Painting;take;84.0;page;Mercado de Legumes
313;843;2023-07-12;4870;Stout-Rodgers;2022-09-19;Woman;century;92.0;why;Mercado de Flores
199;533;2020-06-12;2506;Hanson-Fleming;2025-09-15;Language;those;;;Mercado de Legumes
17;900;2020-09-29;2962;Roberts LLC;2023-12-21;Something;message;185.0;truth;Mercado de Flores
21;345;2025-02-13;2350;Williams, Martinez and Gentry;2021-03-07;Light;owner;;;Mercado de Flores
348;622;2025-01-29;4745;Lyons-Mccoy;2021-09-26;Reflect;position;76.0;involve;Mercado de Fruta
327;100;2024-07-14;2678;Mills, Mclaughlin and Smith;2026-02-09;Stuff;physical;66.0;certainly;Mercado de Fruta
31;589;2024-10-13;2908;Ball-Phillips;2025-10-21;Environmental;strategy;;;Mercado de Fruta
444;751;2025-07-25;4176;Mack-Castillo;2024-04-27;If;identify;;;Mercado de Fruta
362;220;2022-03-13;3749;Mccullough-Mckinney;2024-11-08;Plan;case;94.0;all;Mercado de Fruta
362;220;2022-03-13;3749;Mccullough-Mckinney;2024-11-08;Plan;case;157.0;environment;Mercado de Fruta
342;929;2020-01-28;1649;Hernandez-King;2022-04-10;Mrs;avoid;;;Mercado de Legumes
32;319;2021-07-01;2577;Arnold, Hernandez and Hines;2022-10-16;Green;almost;51.0;sense;Mercado de Fruta
113;846;2025-01-18;1863;Beasley and Sons;2022-12-28;Wind;training;;;Mercado de Flores
327;618;2022-11-05;959;Mills, Mclaughlin and Smith;2026-02-09;West;manage;66.0;certainly;Mercado de Flores
284;146;2023-08-31;3005;Wilson, Nixon and Sanchez;2022-10-14;Direction;skin;;;Mercado de Legumes
323;399;2022-08-17;1888;Cummings and Sons;2022-10-22;Professor;couple;;;Mercado de Flores
91;343;2024-09-21;2317;Lee-Osborne;2023-03-17;Camera;theory;;;Mercado de Fruta
223;166;2025-06-01;4601;Wilcox, Johnson and Dunlap;2025-04-12;Give;certainly;17.0;character;Mercado de Fruta
287;234;2020-07-04;1288;Bailey, Bush and Hernandez;2024-12-15;Edge;woman;148.0;room;Mercado de Flores
159;149;2023-02-06;2518;Johnson, Long and Benson;2022-06-05;Brother;ball;;;Mercado de Legumes
230;149;2024-03-04;674;Shelton Inc;2023-04-03;Brother;ball;169.0;hot;Mercado de Legumes
215;508;2025-06-10;4439;Jimenez-Gates;2022-10-05;Shoulder;garden;;;Mercado de Fruta
388;678;2024-06-12;3574;Gutierrez-Wright;2025-12-14;To;contain;;;Mercado de Flores
460;345;2024-09-27;973;Davenport-Cook;2021-03-09;Light;owner;;;Mercado de Flores
10;446;2024-08-15;2457;Woods, Taylor and Harrison;2024-07-08;Painting;take;;;Mercado de Legumes
241;863;2024-06-20;4557;Bates-Rivera;2022-09-06;Any;bill;;;Mercado de Legumes
384;997;2025-11-21;271;Gilbert, Schmidt and Macias;2025-03-21;Population;produce;161.0;policy;Mercado de Fruta
340;624;2022-10-31;4357;James Inc;2024-10-08;Arm;establish;165.0;full;Mercado de Flores
112;496;2026-02-03;2936;Colon, King and Evans;2022-10-21;Would;source;;;Mercado de Fruta
113;539;2021-12-10;2377;Beasley and Sons;2022-12-28;Whom;what;;;Mercado de Legumes
471;387;2021-04-07;3797;Mason-Rogers;2025-10-13;Sing;smile;;;Mercado de Flores
15;672;2025-06-14;2404;Jackson, Miller and Chang;2024-05-13;Total;hold;;;Mercado de Flores
379;886;2024-10-04;2949;Ross, Ray and Bean;2023-09-04;Compare;student;22.0;join;Mercado de Fruta
315;587;2022-06-24;1456;Garcia, Campbell and Powell;2023-02-17;Purpose;player;;;Mercado de Legumes
48;77;2021-02-14;2000;Munoz Ltd;2021-03-17;Class;city;;;Mercado de Legumes
129;702;2023-06-16;2562;Gonzalez LLC;2025-09-05;Cell;first;30.0;difficult;Mercado de Flores
129;702;2023-06-16;2562;Gonzalez LLC;2025-09-05;Cell;first;191.0;a;Mercado de Flores
308;898;2023-09-25;3091;Jones, Harrington and Herrera;2024-03-21;Million;role;;;Mercado de Fruta
146;360;2020-11-17;1901;Christian, Lee and Stewart;2024-07-08;Television;base;126.0;enter;Mercado de Flores
364;525;2021-04-24;349;Boyd-Sexton;2024-06-11;Writer;way;;;Mercado de Flores
358;317;2022-04-10;1508;Mccormick and Sons;2023-11-06;President;responsibility;24.0;during;Mercado de Legumes
358;317;2022-04-10;1508;Mccormick and Sons;2023-11-06;President;responsibility;138.0;democratic;Mercado de Legumes
142;602;2023-07-16;2953;Guzman Inc;2024-04-08;Machine;suffer;2.0;beyond;Mercado de Legumes
234;56;2024-10-13;188;Yates LLC;2025-03-18;Forward;note;87.0;audience;Mercado de Legumes
234;56;2024-10-13;188;Yates LLC;2025-03-18;Forward;note;164.0;where;Mercado de Legumes
369;847;2022-02-06;1323;Frank-Glover;2023-12-24;Physical;else;;;Mercado de Fruta
382;527;2024-10-04;1692;Buchanan-Marquez;2023-03-31;Money;experience;;;Mercado de Legumes
497;419;2024-01-08;4717;Bowers-Townsend;2022-08-31;Available;citizen;;;Mercado de Legumes
58;892;2021-11-13;2897;Campos, Manning and Johnson;2021-09-03;Kitchen;against;;;Mercado de Fruta
198;694;2020-01-05;4123;Bradley PLC;2021-04-20;Again;nature;;;Mercado de Fruta
177;225;2025-03-16;1638;Jenkins-Ramos;2023-10-01;Rule;industry;;;Mercado de Flores
42;550;2025-09-20;3521;Goodwin-Murphy;2023-05-27;Management;not;;;Mercado de Fruta
161;646;2023-04-03;3665;Mays-Harmon;2022-10-23;Important;face;;;Mercado de Fruta
423;497;2022-01-21;2685;Goodman-Hayes;2024-12-18;Cell;wear;;;Mercado de Legumes
64;179;2021-02-26;1982;Gonzalez, Vasquez and Powers;2024-07-20;Level;drop;;;Mercado de Legumes
88;107;2025-02-19;1905;Brewer Ltd;2023-01-19;Modern;yes;;;Mercado de Legumes
451;732;2026-02-17;2764;Clay, Rivera and Taylor;2025-12-13;Test;type;;;Mercado de Flores
305;556;2023-08-05;2939;Johnson-Hunter;2023-04-03;Look;some;;;Mercado de Fruta
367;732;2025-01-31;4881;Waters Inc;2025-12-04;Test;type;;;Mercado de Flores
335;630;2024-06-13;2305;Webb Inc;2023-03-12;Give;generation;;;Mercado de Flores
89;882;2023-12-16;106;Johns, Wolf and Osborne;2023-07-02;Station;possible;;;Mercado de Flores
283;116;2025-04-29;2931;Nguyen-Patterson;2023-01-09;Heart;whose;;;Mercado de Legumes
202;520;2020-12-03;1793;Thomas-Sanders;2025-02-12;Science;poor;;;Mercado de Fruta
382;644;2022-03-14;2745;Buchanan-Marquez;2023-03-31;Draw;remember;;;Mercado de Legumes
364;538;2025-08-19;4448;Boyd-Sexton;2024-06-11;Team;word;;;Mercado de Fruta
445;456;2020-03-14;724;Rodriguez LLC;2023-11-14;Kitchen;cultural;;;Mercado de Flores
30;208;2020-05-01;625;Vargas, Santiago and Mcdonald;2024-10-25;National;people;;;Mercado de Fruta
173;988;2025-07-23;2721;Roberts, Nichols and Simon;2023-07-04;Near;foreign;;;Mercado de Fruta
116;167;2023-03-16;4534;Williams, Anderson and Lopez;2025-02-13;Final;message;28.0;difference;Mercado de Legumes
407;34;2024-08-13;1722;Ford, Spencer and Copeland;2021-10-25;Party;speak;;;Mercado de Fruta
489;733;2024-10-27;2637;Lee, Guerrero and Alexander;2026-01-14;Think;success;;;Mercado de Fruta
447;288;2020-03-21;4957;Palmer, Hall and Mcintosh;2023-12-21;There;ask;;;Mercado de Flores
315;799;2020-12-14;1966;Garcia, Campbell and Powell;2023-02-17;List;perform;;;Mercado de Fruta
54;23;2021-07-24;1940;Schroeder, Hahn and Miller;2021-03-11;Most;light;;;Mercado de Legumes
200;773;2021-04-15;4403;Hernandez, Rojas and Rodriguez;2024-02-06;Personal;sea;;;Mercado de Legumes
391;966;2020-12-09;4892;Travis PLC;2023-06-04;Still;offer;;;Mercado de Flores
150;304;2021-09-15;851;Zhang, Arnold and Richmond;2021-11-15;Charge;this;;;Mercado de Fruta
472;856;2024-12-16;2483;Camacho Inc;2022-03-16;Something;summer;;;Mercado de Fruta
113;574;2022-05-04;3044;Beasley and Sons;2022-12-28;Down;serve;;;Mercado de Fruta
111;628;2023-01-01;968;Huff-Garcia;2024-06-20;More;not;;;Mercado de Fruta
302;70;2024-08-02;3134;Howard-Palmer;2022-03-21;Official;almost;;;Mercado de Fruta
295;695;2025-03-11;3845;Sandoval, Castillo and Golden;2025-02-04;Local;weight;;;Mercado de Legumes
72;960;2025-03-20;4900;Crane-Torres;2022-06-18;Seem;west;86.0;school;Mercado de Flores
3;56;2025-10-26;2634;Cruz, Hurley and Graham;2024-07-17;Forward;note;;;Mercado de Legumes
165;643;2024-05-06;4830;Williams, Griffith and Craig;2025-01-08;First;set;39.0;away;Mercado de Fruta
151;261;2023-08-10;1197;Duncan PLC;2023-08-10;Report;matter;;;Mercado de Flores
163;651;2025-06-03;188;Rogers and Sons;2024-04-13;Street;recently;;;Mercado de Flores
352;698;2024-03-19;965;Brewer-Willis;2024-10-10;Age;him;;;Mercado de Legumes
1;83;2024-03-09;3844;Cooper and Sons;2022-04-26;Husband;sit;;;Mercado de Legumes
277;501;2025-01-10;757;Bennett Group;2021-03-31;Offer;after;;;Mercado de Flores
270;472;2023-10-08;2577;Knight-Alexander;2023-05-25;Different;deep;175.0;practice;Mercado de Fruta
425;174;2023-10-06;4015;Sims PLC;2023-09-28;Culture;back;58.0;different;Mercado de Flores
425;174;2023-10-06;4015;Sims PLC;2023-09-28;Culture;back;193.0;exactly;Mercado de Flores
425;174;2023-10-06;4015;Sims PLC;2023-09-28;Culture;back;196.0;personal;Mercado de Flores
397;275;2021-12-17;3168;Choi Ltd;2023-02-14;Course;result;;;Mercado de Legumes
480;191;2020-12-14;1930;Jones-Chavez;2022-10-24;Before;middle;99.0;then;Mercado de Legumes
480;191;2020-12-14;1930;Jones-Chavez;2022-10-24;Before;middle;131.0;religious;Mercado de Legumes
461;184;2024-04-27;1659;Smith-Stanley;2021-06-23;Movie;many;;;Mercado de Fruta
115;823;2025-08-06;3828;Johnson, Brennan and Wright;2025-01-01;Music;certainly;183.0;feeling;Mercado de Fruta
164;176;2026-01-17;2685;Acevedo-Potts;2021-06-29;Believe;for;;;Mercado de Legumes
294;794;2025-10-03;899;Jones, Leon and Edwards;2024-02-02;Institution;glass;98.0;human;Mercado de Legumes
214;436;2024-01-06;4187;Weaver LLC;2023-05-04;Today;impact;;;Mercado de Fruta
350;408;2023-08-31;2285;Medina-Johnson;2023-03-01;Agree;represent;;;Mercado de Flores
4;214;2023-03-22;2413;Compton, Gonzalez and Banks;2021-03-20;Available;evidence;49.0;next;Mercado de Fruta
269;712;2020-02-04;2164;Garcia, Velasquez and James;2024-10-15;Industry;purpose;;;Mercado de Fruta
436;682;2020-03-14;1530;Henry, Krueger and Freeman;2021-09-19;Wrong;organization;;;Mercado de Fruta
317;883;2024-03-21;1364;Snyder and Sons;2021-07-03;Five;future;;;Mercado de Fruta
381;757;2025-05-15;1900;Hunter-Wood;2023-06-13;Theory;make;;;Mercado de Fruta
460;364;2022-02-08;889;Davenport-Cook;2021-03-09;Find;learn;;;Mercado de Fruta
366;343;2023-09-18;2239;Martinez-West;2024-04-10;Camera;theory;125.0;add;Mercado de Fruta
459;1;2022-09-25;3844;Holland, Evans and Myers;2023-04-18;Effect;else;25.0;large;Mercado de Fruta
443;653;2023-04-16;2312;Avila Group;2026-01-21;Loss;east;7.0;might;Mercado de Legumes
443;653;2023-04-16;2312;Avila Group;2026-01-21;Loss;east;75.0;grow;Mercado de Legumes
402;50;2024-02-15;879;Miller-Wagner;2023-04-08;Up;foot;;;Mercado de Legumes
400;630;2021-12-22;966;Davis Group;2024-10-27;Give;generation;13.0;coach;Mercado de Flores
287;854;2025-01-20;3399;Bailey, Bush and Hernandez;2024-12-15;Somebody;once;148.0;room;Mercado de Legumes
132;865;2025-06-15;154;Branch and Sons;2021-12-10;Reveal;human;69.0;exist;Mercado de Fruta
85;89;2020-05-30;4932;Keller, Dixon and Wilson;2025-04-06;A;continue;111.0;free;Mercado de Legumes
218;675;2025-11-07;3819;Olson Inc;2026-01-06;Land;easy;;;Mercado de Flores
246;803;2025-03-20;2205;Wood-Fisher;2025-06-13;Case;simply;;;Mercado de Legumes
261;975;2026-02-06;4965;Long-Ellis;2022-07-28;Future;hear;55.0;between;Mercado de Flores
118;621;2022-05-07;2595;Powell-Foster;2025-08-02;Former;second;;;Mercado de Flores
178;700;2024-09-19;3496;Hernandez, Lewis and Shields;2025-07-25;Great;against;97.0;pay;Mercado de Fruta
150;737;2021-05-15;2684;Zhang, Arnold and Richmond;2021-11-15;Cell;may;;;Mercado de Legumes
497;304;2025-01-17;3681;Bowers-Townsend;2022-08-31;Charge;this;;;Mercado de Fruta
379;886;2022-12-01;4476;Ross, Ray and Bean;2023-09-04;Compare;student;22.0;join;Mercado de Fruta
110;519;2025-04-29;3310;Price Inc;2025-10-27;Feeling;set;121.0;what;Mercado de Flores
31;143;2021-02-18;2264;Ball-Phillips;2025-10-21;Film;could;;;Mercado de Legumes
160;920;2020-01-23;930;Marshall and Sons;2024-12-11;Kid;son;63.0;sit;Mercado de Legumes
404;553;2022-11-22;1816;Jordan, Kim and Bowman;2024-02-28;Pick;member;;;Mercado de Fruta
303;438;2024-04-02;899;Bishop, Evans and Thompson;2021-12-22;Attack;have;;;Mercado de Flores
318;128;2020-09-08;2078;Gutierrez, Cisneros and Phillips;2021-07-28;Employee;each;;;Mercado de Legumes
66;543;2024-10-17;2457;Lara, Baker and Young;2025-09-16;Pick;already;182.0;current;Mercado de Flores
104;731;2025-01-11;4095;Mosley, Petty and Davis;2026-01-02;By;finally;;;Mercado de Legumes
483;601;2024-05-12;3778;Ramirez PLC;2025-10-14;Item;president;8.0;throughout;Mercado de Fruta
251;512;2025-08-12;1254;Fernandez Inc;2021-07-16;New;evening;59.0;western;Mercado de Legumes
69;344;2023-10-12;2608;Goodman-Kirby;2022-12-31;Piece;million;67.0;hair;Mercado de Legumes
173;925;2021-05-24;2202;Roberts, Nichols and Simon;2023-07-04;According;store;;;Mercado de Fruta
325;419;2022-01-15;2171;Barrett Group;2022-12-07;Available;citizen;;;Mercado de Legumes
269;626;2021-07-05;1861;Garcia, Velasquez and James;2024-10-15;Energy;base;;;Mercado de Legumes
147;209;2021-10-31;151;Hess-Dickson;2022-09-18;Stock;customer;119.0;force;Mercado de Legumes
78;49;2021-08-17;3216;Douglas and Sons;2025-06-07;Season;dinner;;;Mercado de Fruta
104;347;2024-12-05;671;Mosley, Petty and Davis;2026-01-02;Speak;far;;;Mercado de Legumes
192;939;2023-11-14;4520;Bowman Ltd;2023-10-30;Herself;win;;;Mercado de Flores
50;380;2021-12-05;1385;Maldonado and Sons;2021-06-01;Character;forward;;;Mercado de Legumes
73;211;2025-11-06;4886;Adams, Lamb and Ellis;2022-05-26;Across;prove;;;Mercado de Fruta
325;687;2022-12-28;2348;Barrett Group;2022-12-07;Clear;quality;;;Mercado de Flores
446;423;2021-09-23;2144;Duffy-Molina;2022-11-01;Politics;teacher;93.0;paper;Mercado de Flores
430;496;2024-05-07;3959;Guerrero-Hernandez;2024-02-11;Would;source;146.0;amount;Mercado de Fruta
66;281;2022-03-06;1383;Lara, Baker and Young;2025-09-16;Voice;democratic;182.0;current;Mercado de Legumes
415;50;2020-02-08;2090;Anderson, Yoder and Taylor;2021-08-26;Up;foot;60.0;thing;Mercado de Legumes
185;564;2023-05-28;4024;Jennings PLC;2024-02-10;Firm;majority;;;Mercado de Flores
109;10;2021-09-05;4348;Sanchez-Atkinson;2024-07-27;News;treat;;;Mercado de Fruta
430;838;2024-02-11;1046;Guerrero-Hernandez;2024-02-11;Phone;interview;146.0;amount;Mercado de Fruta
180;747;2021-08-28;2391;Tran-Huynh;2021-10-01;Respond;night;3.0;teach;Mercado de Flores
37;627;2020-10-12;2732;Meyer-Kim;2022-04-17;Effort;effect;40.0;do;Mercado de Flores
242;19;2021-02-26;4797;Bishop, Acosta and Obrien;2022-08-25;Social;message;;;Mercado de Fruta
191;148;2021-08-01;1625;Cross, Skinner and Hart;2022-12-01;Continue;by;;;Mercado de Fruta
381;125;2024-03-16;2085;Hunter-Wood;2023-06-13;Risk;level;;;Mercado de Legumes
322;636;2020-06-17;2472;Elliott Group;2024-07-27;Second;arrive;;;Mercado de Flores
442;834;2020-06-07;1876;Savage Ltd;2025-04-01;Interesting;unit;;;Mercado de Flores
144;169;2023-07-28;2832;Mercado-Thomas;2024-04-11;Light;scene;103.0;need;Mercado de Fruta
497;589;2023-07-30;4079;Bowers-Townsend;2022-08-31;Environmental;strategy;;;Mercado de Fruta
170;8;2024-01-09;2416;Collins-Campos;2025-06-15;Thus;allow;;;Mercado de Legumes
356;546;2024-12-17;4231;Cook, Boyer and Cox;2024-02-10;Cover;control;;;Mercado de Flores
237;502;2021-08-24;2247;Holland-Mckay;2025-02-19;Life;knowledge;128.0;so;Mercado de Fruta
189;588;2025-09-05;1936;Clark LLC;2025-06-23;Wear;region;;;Mercado de Flores
370;754;2024-04-20;4950;Welch Ltd;2021-10-25;Professor;despite;;;Mercado de Fruta
488;968;2021-01-28;4883;Rodriguez and Sons;2022-03-26;Responsibility;read;;;Mercado de Legumes
199;819;2023-09-07;2479;Hanson-Fleming;2025-09-15;Kid;stand;;;Mercado de Flores
423;699;2020-06-19;1961;Goodman-Hayes;2024-12-18;Yes;explain;;;Mercado de Flores
90;375;2023-04-28;2760;Mitchell-Fisher;2024-12-19;Employee;field;109.0;term;Mercado de Flores
161;824;2024-09-05;559;Mays-Harmon;2022-10-23;Teach;campaign;;;Mercado de Legumes
119;211;2022-04-13;1680;Shelton, Odonnell and Williams;2022-11-17;Across;prove;;;Mercado de Fruta
31;486;2024-04-04;416;Ball-Phillips;2025-10-21;Player;plant;;;Mercado de Flores
353;324;2023-05-06;4186;Jones-Rollins;2024-02-10;Reach;upon;;;Mercado de Flores
376;540;2024-12-28;4932;Miller-Fields;2024-08-18;Financial;budget;;;Mercado de Flores
7;832;2025-07-16;2001;Davis, Armstrong and Brown;2023-02-05;Memory;low;;;Mercado de Fruta
305;780;2021-05-13;4128;Johnson-Hunter;2023-04-03;Charge;beyond;;;Mercado de Flores
368;842;2020-01-03;2595;Martin and Sons;2024-01-11;Travel;occur;;;Mercado de Legumes
495;213;2023-08-13;1537;Miller, Cherry and Torres;2025-12-22;Despite;environment;;;Mercado de Flores
199;861;2025-12-17;310;Hanson-Fleming;2025-09-15;House;third;;;Mercado de Flores
310;822;2022-02-11;4328;Turner, Bowman and Williams;2021-08-06;Medical;scene;;;Mercado de Flores
236;599;2025-06-19;3282;Butler, Williams and Hoffman;2023-04-13;Friend;along;;;Mercado de Legumes
41;500;2020-07-25;4732;Stephenson-Lee;2025-10-15;Arrive;brother;;;Mercado de Legumes
138;593;2024-07-06;633;Lee-Keller;2023-10-06;Throw;picture;117.0;staff;Mercado de Legumes
293;362;2022-05-23;3101;Tyler LLC;2025-11-18;Arm;present;;;Mercado de Legumes
199;170;2020-12-03;4145;Hanson-Fleming;2025-09-15;Argue;reality;;;Mercado de Legumes
232;171;2024-07-06;1227;Stephenson Group;2025-12-12;Style;bill;;;Mercado de Flores
449;504;2021-08-05;2757;Price-Mckay;2023-01-29;Kitchen;medical;;;Mercado de Flores
198;723;2022-09-15;4224;Bradley PLC;2021-04-20;Responsibility;management;;;Mercado de Flores
446;630;2022-08-17;1055;Duffy-Molina;2022-11-01;Give;generation;93.0;paper;Mercado de Flores
102;970;2020-07-03;452;Hood-Potter;2024-06-23;Use;lawyer;;;Mercado de Fruta
473;80;2023-04-15;3950;Brock PLC;2024-01-10;Focus;price;;;Mercado de Legumes
11;432;2022-08-16;175;Serrano, Young and Nichols;2024-10-20;Soldier;decade;;;Mercado de Flores
186;354;2024-09-10;1848;Glass LLC;2021-02-27;Another;collection;;;Mercado de Flores
409;916;2022-06-23;1913;Long Ltd;2024-03-21;Anyone;reduce;;;Mercado de Fruta
24;408;2023-09-04;1891;Yates Ltd;2021-10-02;Agree;represent;64.0;away;Mercado de Flores
269;218;2022-02-13;384;Garcia, Velasquez and James;2024-10-15;Including;relate;;;Mercado de Legumes
114;729;2025-11-27;1986;Powers, Friedman and Atkinson;2025-12-03;Age;near;;;Mercado de Flores
400;460;2023-04-27;485;Davis Group;2024-10-27;Across;others;13.0;coach;Mercado de Fruta
250;457;2021-02-10;4054;Williams LLC;2024-05-24;Either;late;;;Mercado de Fruta
479;253;2020-06-23;257;Reynolds, Christian and Lopez;2021-07-19;Concern;responsibility;;;Mercado de Fruta
344;917;2023-03-24;3130;Smith-Cochran;2024-06-15;Everyone;sense;;;Mercado de Legumes
398;108;2021-10-07;4451;Williams-Reynolds;2021-07-19;Affect;amount;38.0;ten;Mercado de Flores
398;108;2021-10-07;4451;Williams-Reynolds;2021-07-19;Affect;amount;200.0;professional;Mercado de Flores
218;444;2022-01-07;2594;Olson Inc;2026-01-06;Really;specific;;;Mercado de Flores
253;944;2024-01-24;2365;Kelley Ltd;2023-12-20;Stay;detail;;;Mercado de Legumes
472;988;2024-01-26;3906;Camacho Inc;2022-03-16;Near;foreign;;;Mercado de Fruta
128;888;2020-01-10;181;Butler-Washington;2021-05-01;Notice;here;;;Mercado de Flores
114;283;2024-10-30;674;Powers, Friedman and Atkinson;2025-12-03;Commercial;seat;;;Mercado de Fruta
244;439;2023-08-09;3033;Perez Ltd;2024-11-05;Weight;clear;;;Mercado de Fruta
141;473;2021-10-14;4558;Gordon LLC;2022-04-11;Chair;choose;;;Mercado de Legumes
264;402;2024-11-29;4878;Hopkins, Jackson and Ortiz;2025-01-24;International;and;;;Mercado de Flores
58;953;2025-07-08;1863;Campos, Manning and Johnson;2021-09-03;Staff;time;;;Mercado de Legumes
115;291;2022-02-02;4185;Johnson, Brennan and Wright;2025-01-01;Check;wife;183.0;feeling;Mercado de Flores
58;964;2020-01-23;186;Campos, Manning and Johnson;2021-09-03;Building;summer;;;Mercado de Fruta
230;274;2022-11-08;510;Shelton Inc;2023-04-03;Generation;officer;169.0;hot;Mercado de Fruta
455;358;2022-12-06;3786;Giles, Lewis and Sampson;2021-08-24;Suggest;too;;;Mercado de Fruta
6;184;2025-06-10;4344;Parker, Kelly and Golden;2022-01-20;Movie;many;12.0;sign;Mercado de Fruta
73;787;2021-05-14;2583;Adams, Lamb and Ellis;2022-05-26;Thank;guess;;;Mercado de Fruta
289;704;2022-11-06;4636;Spencer-Carter;2026-01-20;Defense;star;;;Mercado de Legumes
35;861;2020-12-16;3725;Nolan, Jones and Gordon;2021-04-03;House;third;61.0;record;Mercado de Flores
454;199;2021-06-27;2890;Gonzales-Gonzales;2022-11-22;Before;around;;;Mercado de Fruta
246;378;2020-06-28;504;Wood-Fisher;2025-06-13;Under;kitchen;;;Mercado de Flores
442;687;2025-12-24;3422;Savage Ltd;2025-04-01;Clear;quality;;;Mercado de Flores
109;130;2022-12-03;403;Sanchez-Atkinson;2024-07-27;They;really;;;Mercado de Fruta
184;101;2024-04-17;3886;Moore, Lopez and Santos;2021-12-10;Include;happen;;;Mercado de Legumes
189;997;2023-11-09;3177;Clark LLC;2025-06-23;Population;produce;;;Mercado de Fruta
169;822;2022-10-16;3617;Hall Inc;2025-03-03;Medical;scene;;;Mercado de Flores
391;734;2020-09-25;253;Travis PLC;2023-06-04;Win;prevent;;;Mercado de Legumes
74;832;2022-02-27;4385;Campbell Inc;2023-06-06;Memory;low;;;Mercado de Fruta
410;922;2020-08-21;2548;Clark Ltd;2021-04-02;Daughter;remember;;;Mercado de Fruta
499;783;2023-04-30;1469;Jacobs, Johnson and Clark;2022-01-05;Certain;office;9.0;piece;Mercado de Flores
499;783;2023-04-30;1469;Jacobs, Johnson and Clark;2022-01-05;Certain;office;43.0;here;Mercado de Flores
222;404;2022-08-30;862;Fisher, Dawson and Saunders;2021-12-24;He;read;;;Mercado de Legumes
493;518;2025-08-02;307;Blake Group;2025-03-31;True;effort;110.0;truth;Mercado de Legumes
11;386;2021-08-24;3109;Serrano, Young and Nichols;2024-10-20;Must;usually;;;Mercado de Legumes
322;461;2020-01-03;4150;Elliott Group;2024-07-27;Director;war;;;Mercado de Legumes
57;114;2020-06-26;2469;Lee Inc;2025-11-23;Plant;much;;;Mercado de Flores
90;568;2021-04-22;3374;Mitchell-Fisher;2024-12-19;Wonder;bag;109.0;term;Mercado de Fruta
30;654;2024-12-12;4681;Vargas, Santiago and Mcdonald;2024-10-25;Everyone;sound;;;Mercado de Flores
325;512;2023-05-19;1139;Barrett Group;2022-12-07;New;evening;;;Mercado de Legumes
282;144;2025-02-15;2289;Wilson LLC;2025-01-17;Low;recently;130.0;billion;Mercado de Flores
282;144;2025-02-15;2289;Wilson LLC;2025-01-17;Low;recently;167.0;wonder;Mercado de Flores
255;82;2020-12-25;3059;Rodriguez Inc;2021-07-28;Drive;military;;;Mercado de Fruta
290;236;2025-01-12;1146;Hart-Koch;2022-07-24;Cultural;control;106.0;finish;Mercado de Legumes
231;505;2021-05-11;4097;Griffin PLC;2021-03-20;Become;imagine;;;Mercado de Fruta
192;434;2023-08-26;967;Bowman Ltd;2023-10-30;Energy;marriage;;;Mercado de Legumes
466;279;2021-02-16;4113;Hernandez-Lynch;2022-02-27;Red;join;;;Mercado de Flores
177;262;2022-12-03;2640;Jenkins-Ramos;2023-10-01;Recognize;whom;;;Mercado de Fruta
212;757;2021-02-21;4490;Mckenzie Ltd;2023-12-02;Theory;make;;;Mercado de Fruta
222;377;2021-02-04;810;Fisher, Dawson and Saunders;2021-12-24;Structure;debate;;;Mercado de Legumes
106;42;2021-06-07;1745;Dodson Inc;2024-09-15;Green;knowledge;;;Mercado de Flores
119;864;2024-09-23;2301;Shelton, Odonnell and Williams;2022-11-17;Region;personal;;;Mercado de Flores
317;839;2023-02-23;2351;Snyder and Sons;2021-07-03;Security;moment;;;Mercado de Legumes
474;208;2021-06-28;3002;Alvarez, Lee and Lopez;2021-04-28;National;people;127.0;through;Mercado de Fruta
474;208;2021-06-28;3002;Alvarez, Lee and Lopez;2021-04-28;National;people;163.0;party;Mercado de Fruta
129;192;2025-05-09;1693;Gonzalez LLC;2025-09-05;Line;police;30.0;difficult;Mercado de Flores
129;192;2025-05-09;1693;Gonzalez LLC;2025-09-05;Line;police;191.0;a;Mercado de Flores
386;411;2022-05-25;2705;Hayden-Ellis;2026-01-01;Establish;author;;;Mercado de Flores
279;992;2024-07-27;2062;Craig, Gordon and Chang;2021-06-08;True;ten;;;Mercado de Legumes
441;523;2024-11-07;4685;Mclaughlin, Hernandez and Fitzpatrick;2025-05-27;Industry;buy;;;Mercado de Fruta
262;503;2023-06-20;2596;Williams and Sons;2023-12-20;Product;society;;;Mercado de Legumes
269;837;2024-08-29;2832;Garcia, Velasquez and James;2024-10-15;Military;view;;;Mercado de Flores
354;925;2021-01-17;2612;Martinez, Sanchez and Smith;2023-08-21;According;store;;;Mercado de Fruta
47;552;2024-10-19;2278;Benjamin-Reed;2024-09-25;Choose;natural;;;Mercado de Flores
372;565;2020-10-25;3602;Nichols, Moore and Meadows;2024-11-05;Interview;election;;;Mercado de Fruta
140;149;2024-09-09;768;Woodard PLC;2021-04-23;Brother;ball;;;Mercado de Legumes
323;942;2020-09-22;3075;Cummings and Sons;2022-10-22;Bill;reason;;;Mercado de Flores
374;996;2025-11-20;4677;Park-Curry;2021-09-16;List;education;;;Mercado de Flores
25;901;2022-11-03;921;Scott, Daugherty and Grant;2021-05-04;Important;actually;155.0;generation;Mercado de Fruta
98;527;2021-09-16;2592;Riley, Dunn and Mccarty;2024-07-30;Money;experience;;;Mercado de Legumes
165;320;2021-12-21;3254;Williams, Griffith and Craig;2025-01-08;Common;grow;39.0;away;Mercado de Legumes
229;293;2023-04-06;3443;Johnson, Sanders and Lam;2021-09-13;Seek;reach;;;Mercado de Legumes
97;594;2022-12-08;4093;Munoz-Lawson;2024-07-29;Sure;fight;20.0;stay;Mercado de Flores
97;594;2022-12-08;4093;Munoz-Lawson;2024-07-29;Sure;fight;23.0;total;Mercado de Flores
97;594;2022-12-08;4093;Munoz-Lawson;2024-07-29;Sure;fight;26.0;identify;Mercado de Flores
97;594;2022-12-08;4093;Munoz-Lawson;2024-07-29;Sure;fight;150.0;join;Mercado de Flores
97;594;2022-12-08;4093;Munoz-Lawson;2024-07-29;Sure;fight;181.0;grow;Mercado de Flores
132;741;2020-11-10;1207;Branch and Sons;2021-12-10;Member;other;69.0;exist;Mercado de Flores
194;93;2022-09-23;1186;Bowen and Sons;2022-07-29;Nearly;whom;;;Mercado de Flores
301;592;2021-08-22;3105;York, Carter and Hernandez;2022-10-28;Congress;difficult;52.0;institution;Mercado de Fruta
425;498;2021-10-26;552;Sims PLC;2023-09-28;Boy;though;58.0;different;Mercado de Flores
425;498;2021-10-26;552;Sims PLC;2023-09-28;Boy;though;193.0;exactly;Mercado de Flores
425;498;2021-10-26;552;Sims PLC;2023-09-28;Boy;though;196.0;personal;Mercado de Flores
114;921;2020-02-14;2816;Powers, Friedman and Atkinson;2025-12-03;Life;image;;;Mercado de Flores
382;589;2020-07-13;2061;Buchanan-Marquez;2023-03-31;Environmental;strategy;;;Mercado de Fruta
148;544;2021-12-19;249;Hicks, Smith and Watson;2026-01-22;Team;they;18.0;turn;Mercado de Fruta
226;216;2021-12-25;850;Diaz, Hunt and Jackson;2022-02-06;Sure;well;29.0;ever;Mercado de Flores
226;216;2021-12-25;850;Diaz, Hunt and Jackson;2022-02-06;Sure;well;78.0;sit;Mercado de Flores
226;216;2021-12-25;850;Diaz, Hunt and Jackson;2022-02-06;Sure;well;89.0;member;Mercado de Flores
349;51;2024-10-04;2795;Wise-Perry;2021-04-04;Attack;already;;;Mercado de Flores
88;12;2025-05-25;2007;Brewer Ltd;2023-01-19;Not;Congress;;;Mercado de Flores
58;871;2020-01-13;2640;Campos, Manning and Johnson;2021-09-03;Party;street;;;Mercado de Fruta
96;92;2025-11-13;1541;Sosa, Newton and Anderson;2022-05-18;System;dark;;;Mercado de Legumes
145;644;2024-08-09;4906;Weaver Ltd;2021-10-16;Draw;remember;;;Mercado de Legumes
475;447;2025-03-12;3611;Luna Ltd;2025-03-23;Front;population;;;Mercado de Flores
385;80;2020-03-28;556;Gonzalez Group;2024-02-14;Focus;price;;;Mercado de Legumes
115;993;2023-11-30;1066;Johnson, Brennan and Wright;2025-01-01;Coach;report;183.0;feeling;Mercado de Flores
194;763;2023-12-15;4870;Bowen and Sons;2022-07-29;Front;former;;;Mercado de Fruta
25;556;2025-01-05;2356;Scott, Daugherty and Grant;2021-05-04;Look;some;155.0;generation;Mercado de Fruta
56;92;2020-04-06;958;Wheeler-Blackburn;2025-06-13;System;dark;1.0;move;Mercado de Legumes
56;92;2020-04-06;958;Wheeler-Blackburn;2025-06-13;System;dark;132.0;sort;Mercado de Legumes
451;816;2023-12-21;2358;Clay, Rivera and Taylor;2025-12-13;Interest;standard;;;Mercado de Flores
234;579;2025-02-12;3834;Yates LLC;2025-03-18;Happen;hotel;87.0;audience;Mercado de Flores
234;579;2025-02-12;3834;Yates LLC;2025-03-18;Happen;hotel;164.0;where;Mercado de Flores
479;800;2024-12-09;585;Reynolds, Christian and Lopez;2021-07-19;Account;whom;;;Mercado de Legumes
478;136;2020-01-01;2971;Vaughan, Tucker and Jackson;2023-05-14;Turn;example;;;Mercado de Fruta
283;483;2024-03-10;4104;Nguyen-Patterson;2023-01-09;Lead;chair;;;Mercado de Flores
248;627;2022-11-28;1331;Reese, Flores and Wright;2025-04-24;Effort;effect;;;Mercado de Flores
406;935;2025-03-01;4968;Rodriguez-Spencer;2022-05-20;Alone;science;;;Mercado de Legumes
209;531;2025-02-11;4903;Savage, Tran and Atkins;2021-10-19;Clear;cost;;;Mercado de Flores
148;728;2025-02-03;4037;Hicks, Smith and Watson;2026-01-22;Thousand;difference;18.0;turn;Mercado de Legumes
302;549;2021-08-30;4032;Howard-Palmer;2022-03-21;Know;Republican;;;Mercado de Flores
105;770;2022-06-01;4446;Mccall and Sons;2022-01-20;Quite;end;5.0;meet;Mercado de Legumes
105;770;2022-06-01;4446;Mccall and Sons;2022-01-20;Quite;end;187.0;coach;Mercado de Legumes
33;38;2021-01-29;2282;Sims, Meza and Haynes;2021-09-04;Miss;forget;;;Mercado de Legumes
466;644;2020-02-27;3426;Hernandez-Lynch;2022-02-27;Draw;remember;;;Mercado de Legumes
207;963;2020-12-27;922;Warren Inc;2022-01-11;End;order;;;Mercado de Flores
33;754;2025-08-26;872;Sims, Meza and Haynes;2021-09-04;Professor;despite;;;Mercado de Fruta
174;832;2022-06-28;4787;Pope, Perez and Mcdonald;2024-06-19;Memory;low;;;Mercado de Fruta
448;431;2020-05-12;2765;Jacobs Ltd;2024-09-13;A;agent;;;Mercado de Legumes
178;560;2025-11-03;581;Hernandez, Lewis and Shields;2025-07-25;Poor;those;97.0;pay;Mercado de Legumes
245;314;2024-11-09;3544;Guzman-Cole;2024-11-20;Laugh;daughter;56.0;design;Mercado de Legumes
123;766;2020-04-07;1104;Rivas LLC;2024-11-01;Him;baby;54.0;million;Mercado de Fruta
123;766;2020-04-07;1104;Rivas LLC;2024-11-01;Him;baby;108.0;office;Mercado de Fruta
68;897;2022-10-11;2250;Howard-Olson;2023-03-02;Eat;growth;;;Mercado de Flores
53;462;2024-09-24;1572;West-Brewer;2021-11-26;Daughter;compare;188.0;both;Mercado de Flores
343;126;2025-11-27;398;Stone, Romero and Walton;2022-02-19;Player;though;;;Mercado de Flores
80;654;2020-05-07;4538;Boyd, Johnson and Miller;2024-08-15;Everyone;sound;10.0;exactly;Mercado de Flores
80;654;2020-05-07;4538;Boyd, Johnson and Miller;2024-08-15;Everyone;sound;96.0;parent;Mercado de Flores
260;82;2022-08-22;1228;Smith, Carter and Blake;2021-07-29;Drive;military;;;Mercado de Fruta
394;318;2023-11-10;3984;Mcgee-Ramirez;2024-11-29;Expect;actually;;;Mercado de Flores
293;415;2025-09-21;1113;Tyler LLC;2025-11-18;Recent;over;;;Mercado de Fruta
176;1;2020-03-28;3398;Schaefer-Brooks;2021-04-09;Effect;else;;;Mercado de Fruta
14;175;2021-01-24;2765;Harrison-Moore;2024-09-28;Southern;contain;;;Mercado de Fruta
308;529;2022-09-14;3328;Jones, Harrington and Herrera;2024-03-21;Car;season;;;Mercado de Fruta
51;259;2021-05-18;4685;Mueller-Herrera;2022-08-02;Section;continue;;;Mercado de Fruta
2;921;2025-04-12;1459;Rogers, Fernandez and Perez;2023-11-29;Life;image;176.0;price;Mercado de Flores
2;921;2025-04-12;1459;Rogers, Fernandez and Perez;2023-11-29;Life;image;199.0;lot;Mercado de Flores
46;718;2024-12-29;4953;Jones-Atkinson;2022-09-28;Eight;gun;;;Mercado de Fruta
148;922;2020-05-23;3012;Hicks, Smith and Watson;2026-01-22;Daughter;remember;18.0;turn;Mercado de Fruta
330;496;2025-04-07;3325;Robinson LLC;2022-07-27;Would;source;;;Mercado de Fruta
96;605;2020-03-23;1182;Sosa, Newton and Anderson;2022-05-18;Do;large;;;Mercado de Legumes
392;247;2025-06-21;353;Nelson-Donaldson;2024-05-14;Nice;although;107.0;sense;Mercado de Fruta
315;933;2022-08-08;1896;Garcia, Campbell and Powell;2023-02-17;Two;miss;;;Mercado de Flores
3;989;2021-02-03;2087;Cruz, Hurley and Graham;2024-07-17;Early;real;;;Mercado de Legumes
228;694;2021-12-11;1966;Butler PLC;2021-05-21;Again;nature;;;Mercado de Fruta
216;927;2023-12-12;1542;Kirk LLC;2025-02-16;Middle;enough;74.0;employee;Mercado de Flores
256;687;2020-05-02;3986;Martinez and Sons;2022-09-09;Clear;quality;6.0;bar;Mercado de Flores
292;218;2022-09-29;1519;Johnson-Garcia;2022-04-20;Including;relate;;;Mercado de Legumes
451;975;2025-10-10;1297;Clay, Rivera and Taylor;2025-12-13;Future;hear;;;Mercado de Flores
189;832;2024-03-13;4520;Clark LLC;2025-06-23;Memory;low;;;Mercado de Fruta
227;847;2020-11-02;3994;Mitchell, Hernandez and Smith;2023-04-11;Physical;else;;;Mercado de Fruta
435;226;2021-10-18;3636;Thompson-Kramer;2024-03-05;Oil;his;;;Mercado de Fruta
54;475;2022-11-22;4053;Schroeder, Hahn and Miller;2021-03-11;Reality;else;;;Mercado de Fruta
434;680;2020-03-12;1020;Reyes LLC;2023-06-10;Score;tell;;;Mercado de Legumes
106;150;2020-04-28;1958;Dodson Inc;2024-09-15;Director;myself;;;Mercado de Flores
372;21;2020-03-02;4391;Nichols, Moore and Meadows;2024-11-05;Cultural;threat;;;Mercado de Flores
452;892;2025-12-23;871;Sims LLC;2025-12-16;Kitchen;against;;;Mercado de Fruta
80;981;2023-05-30;4912;Boyd, Johnson and Miller;2024-08-15;Force;give;10.0;exactly;Mercado de Flores
80;981;2023-05-30;4912;Boyd, Johnson and Miller;2024-08-15;Force;give;96.0;parent;Mercado de Flores
170;220;2024-12-13;4744;Collins-Campos;2025-06-15;Plan;case;;;Mercado de Fruta
495;410;2025-12-01;4958;Miller, Cherry and Torres;2025-12-22;Control;goal;;;Mercado de Legumes
402;789;2022-11-28;3678;Miller-Wagner;2023-04-08;Her;fear;;;Mercado de Flores
194;231;2022-12-30;1195;Bowen and Sons;2022-07-29;Memory;wide;;;Mercado de Flores
474;57;2023-06-18;3392;Alvarez, Lee and Lopez;2021-04-28;Step;decide;127.0;through;Mercado de Flores
474;57;2023-06-18;3392;Alvarez, Lee and Lopez;2021-04-28;Step;decide;163.0;party;Mercado de Flores
201;876;2021-10-05;3638;Swanson Group;2022-06-11;End;table;195.0;state;Mercado de Flores
78;743;2020-12-02;2053;Douglas and Sons;2025-06-07;Professor;well;;;Mercado de Legumes
202;965;2020-04-07;565;Thomas-Sanders;2025-02-12;Crime;simple;;;Mercado de Legumes
432;608;2024-05-29;2034;Wright Group;2021-03-18;Answer;size;;;Mercado de Legumes
371;507;2022-01-28;4509;Wells, Jenkins and Martin;2025-08-30;Space;none;;;Mercado de Flores
412;389;2024-04-03;3272;Young Ltd;2021-10-29;Town;tend;;;Mercado de Legumes
92;601;2023-07-27;4409;Perez-Robinson;2024-12-31;Item;president;;;Mercado de Fruta
40;394;2024-11-06;614;Andrade, Mcclure and Alvarez;2025-08-03;Information;analysis;95.0;executive;Mercado de Fruta
232;851;2022-12-25;3405;Stephenson Group;2025-12-12;Third;book;;;Mercado de Legumes
348;100;2025-11-30;4433;Lyons-Mccoy;2021-09-26;Stuff;physical;76.0;involve;Mercado de Fruta
10;373;2022-04-28;3585;Woods, Taylor and Harrison;2024-07-08;Trial;box;;;Mercado de Fruta
100;704;2020-09-20;2145;Brown PLC;2025-07-17;Defense;star;;;Mercado de Legumes
480;239;2022-07-03;1150;Jones-Chavez;2022-10-24;Difference;stand;99.0;then;Mercado de Legumes
480;239;2022-07-03;1150;Jones-Chavez;2022-10-24;Difference;stand;131.0;religious;Mercado de Legumes
400;570;2024-06-16;4148;Davis Group;2024-10-27;Though;week;13.0;coach;Mercado de Flores
45;272;2020-06-16;2651;Carney-Walker;2023-06-05;Himself;finally;;;Mercado de Legumes
98;966;2022-07-28;3832;Riley, Dunn and Mccarty;2024-07-30;Still;offer;;;Mercado de Flores
298;99;2022-04-21;4357;Benson-Travis;2022-07-13;Dream;inside;34.0;will;Mercado de Flores
164;261;2024-01-22;4467;Acevedo-Potts;2021-06-29;Report;matter;;;Mercado de Flores
47;923;2023-04-19;1482;Benjamin-Reed;2024-09-25;Paper;military;;;Mercado de Legumes
168;486;2021-10-10;2559;Martinez and Sons;2023-10-25;Player;plant;4.0;along;Mercado de Flores
314;610;2025-03-25;4122;Moody LLC;2024-10-26;To;bad;;;Mercado de Fruta
360;374;2021-09-12;1017;Harris-Stephens;2024-08-29;Establish;here;48.0;rate;Mercado de Legumes
18;916;2025-01-20;1785;Ford-Garrett;2025-06-05;Anyone;reduce;;;Mercado de Fruta
85;105;2022-12-07;545;Keller, Dixon and Wilson;2025-04-06;Dog;fish;111.0;free;Mercado de Flores
240;143;2024-07-23;716;Cannon-Newman;2024-02-03;Film;could;31.0;coach;Mercado de Legumes
44;523;2022-01-11;4895;Johnson, Hooper and Norton;2022-03-04;Industry;buy;;;Mercado de Fruta
24;52;2021-08-26;3926;Yates Ltd;2021-10-02;Ask;four;64.0;away;Mercado de Fruta
305;876;2024-01-16;468;Johnson-Hunter;2023-04-03;End;table;;;Mercado de Flores
316;708;2022-09-21;1668;Rodriguez, Huff and Holland;2024-08-16;Seek;food;;;Mercado de Flores
238;663;2024-04-21;495;Whitney, Kim and Moore;2025-02-23;Financial;charge;;;Mercado de Flores
271;332;2023-04-22;789;Lucero-Dawson;2021-03-15;Show;wonder;;;Mercado de Legumes
150;271;2024-07-07;3756;Zhang, Arnold and Richmond;2021-11-15;Chair;near;;;Mercado de Fruta
297;345;2025-10-03;3191;Martin-Stuart;2023-04-09;Light;owner;;;Mercado de Flores
464;386;2020-02-03;2472;Morris Ltd;2021-10-01;Must;usually;;;Mercado de Legumes
348;304;2022-09-05;2438;Lyons-Mccoy;2021-09-26;Charge;this;76.0;involve;Mercado de Fruta
25;755;2024-12-05;235;Scott, Daugherty and Grant;2021-05-04;World;whose;155.0;generation;Mercado de Legumes
172;172;2022-03-22;334;Grant-Jordan;2024-08-24;Early;pretty;;;Mercado de Fruta
104;749;2021-11-18;1388;Mosley, Petty and Davis;2026-01-02;Practice;worker;;;Mercado de Legumes
436;163;2022-09-10;3435;Henry, Krueger and Freeman;2021-09-19;Them;adult;;;Mercado de Fruta
221;546;2024-05-18;1687;Gardner Group;2024-11-05;Cover;control;41.0;big;Mercado de Flores
398;345;2024-06-07;533;Williams-Reynolds;2021-07-19;Light;owner;38.0;ten;Mercado de Flores
398;345;2024-06-07;533;Williams-Reynolds;2021-07-19;Light;owner;200.0;professional;Mercado de Flores
450;246;2020-07-21;961;Calderon, May and Davis;2023-01-09;Somebody;thought;171.0;wait;Mercado de Flores
120;39;2022-01-01;290;Mcdaniel-Garza;2022-08-16;Hand;financial;;;Mercado de Flores
283;411;2024-12-28;2118;Nguyen-Patterson;2023-01-09;Establish;author;;;Mercado de Flores
43;242;2020-08-29;363;Hubbard-Morgan;2026-01-13;Again;eight;120.0;once;Mercado de Legumes
370;467;2025-03-16;1607;Welch Ltd;2021-10-25;Focus;democratic;;;Mercado de Legumes
18;407;2020-06-14;4280;Ford-Garrett;2025-06-05;Admit;administration;;;Mercado de Legumes
460;744;2020-11-28;3912;Davenport-Cook;2021-03-09;Effect;evening;;;Mercado de Flores
252;697;2021-12-13;2846;Mitchell, Phillips and Marshall;2024-10-27;Actually;still;105.0;partner;Mercado de Fruta
98;629;2022-09-10;1327;Riley, Dunn and Mccarty;2024-07-30;Defense;whom;;;Mercado de Legumes
482;925;2025-03-03;3418;Stout Inc;2023-05-30;According;store;;;Mercado de Fruta
371;28;2022-08-27;2227;Wells, Jenkins and Martin;2025-08-30;Last;seek;;;Mercado de Fruta
297;14;2024-02-17;2159;Martin-Stuart;2023-04-09;Image;leg;;;Mercado de Legumes
249;886;2023-05-22;3969;Dunlap, Cabrera and Thompson;2021-04-23;Compare;student;;;Mercado de Fruta
103;232;2021-10-15;1762;Miller, Rojas and Hall;2024-12-07;Parent;cut;;;Mercado de Fruta
287;427;2021-03-04;1560;Bailey, Bush and Hernandez;2024-12-15;Task;education;148.0;room;Mercado de Fruta
341;781;2025-02-08;830;Alvarez, Dunn and Browning;2023-04-02;Job;green;;;Mercado de Fruta
11;160;2023-02-06;4498;Serrano, Young and Nichols;2024-10-20;Production;far;;;Mercado de Fruta
217;802;2020-05-27;4581;Moore, Guzman and Moore;2022-12-25;Institution;among;;;Mercado de Fruta
263;298;2025-02-21;3684;Hicks, Peterson and Ayala;2022-05-20;Still;simple;45.0;total;Mercado de Fruta
263;298;2025-02-21;3684;Hicks, Peterson and Ayala;2022-05-20;Still;simple;53.0;ago;Mercado de Fruta
349;257;2021-10-09;1193;Wise-Perry;2021-04-04;If;participant;;;Mercado de Legumes
198;4;2023-01-18;4802;Bradley PLC;2021-04-20;Sound;myself;;;Mercado de Fruta
359;89;2025-11-23;2248;Thompson-Miller;2025-10-31;A;continue;;;Mercado de Legumes
451;499;2022-08-10;4172;Clay, Rivera and Taylor;2025-12-13;Leader;spend;;;Mercado de Fruta
475;117;2021-11-12;3767;Luna Ltd;2025-03-23;It;senior;;;Mercado de Flores
17;577;2022-01-31;1907;Roberts LLC;2023-12-21;Feeling;dinner;185.0;truth;Mercado de Fruta
426;23;2021-01-17;4102;Johnson-Williams;2021-10-18;Most;light;82.0;marriage;Mercado de Legumes
352;444;2025-05-06;3400;Brewer-Willis;2024-10-10;Really;specific;;;Mercado de Flores
379;602;2021-04-22;2936;Ross, Ray and Bean;2023-09-04;Machine;suffer;22.0;join;Mercado de Legumes
27;464;2025-12-18;274;Mosley-Kim;2023-04-06;Put;idea;;;Mercado de Legumes
101;635;2025-10-31;2673;Dominguez, Fry and Hill;2021-08-11;He;over;;;Mercado de Legumes
242;931;2023-08-15;3918;Bishop, Acosta and Obrien;2022-08-25;Nearly;water;;;Mercado de Fruta
39;634;2020-06-25;376;Yu-Ramirez;2025-09-02;Feeling;near;21.0;party;Mercado de Fruta
485;29;2021-09-25;1874;Allen and Sons;2023-06-18;Different;agency;;;Mercado de Legumes
338;191;2025-09-12;4397;Brown Ltd;2025-02-19;Before;middle;;;Mercado de Legumes
142;151;2025-03-28;525;Guzman Inc;2024-04-08;Learn;body;2.0;beyond;Mercado de Fruta
83;613;2021-08-30;384;Graham LLC;2022-11-25;Base;often;154.0;tree;Mercado de Fruta
482;378;2024-10-28;1187;Stout Inc;2023-05-30;Under;kitchen;;;Mercado de Flores
248;960;2025-06-14;3268;Reese, Flores and Wright;2025-04-24;Seem;west;;;Mercado de Flores
158;147;2022-07-28;1333;Moon Group;2024-08-28;Individual;court;;;Mercado de Flores
162;938;2022-01-24;799;Jacobs-Watson;2025-05-15;Within;a;;;Mercado de Legumes
396;186;2024-05-30;1899;Mclaughlin Inc;2023-12-02;Personal;within;;;Mercado de Flores
259;459;2023-03-29;1501;Pham, Farmer and Marsh;2021-04-12;Turn;bit;50.0;have;Mercado de Flores
199;636;2025-05-14;455;Hanson-Fleming;2025-09-15;Second;arrive;;;Mercado de Flores
22;669;2022-09-01;3664;Hernandez, Cain and Dalton;2021-04-23;Represent;election;158.0;outside;Mercado de Flores
177;197;2023-01-07;2903;Jenkins-Ramos;2023-10-01;Address;offer;;;Mercado de Legumes
260;674;2020-01-31;3372;Smith, Carter and Blake;2021-07-29;Remain;voice;;;Mercado de Legumes
447;864;2024-03-29;2789;Palmer, Hall and Mcintosh;2023-12-21;Region;personal;;;Mercado de Flores
24;281;2023-08-18;3049;Yates Ltd;2021-10-02;Voice;democratic;64.0;away;Mercado de Legumes
174;107;2023-05-16;2797;Pope, Perez and Mcdonald;2024-06-19;Modern;yes;;;Mercado de Legumes
333;113;2025-09-23;3020;Robinson, Riddle and Reese;2024-10-16;Itself;issue;;;Mercado de Legumes
115;589;2024-04-14;1546;Johnson, Brennan and Wright;2025-01-01;Environmental;strategy;183.0;feeling;Mercado de Fruta
455;993;2025-02-12;1539;Giles, Lewis and Sampson;2021-08-24;Coach;report;;;Mercado de Flores
44;948;2023-03-05;3822;Johnson, Hooper and Norton;2022-03-04;Star;all;;;Mercado de Flores
455;890;2025-01-31;831;Giles, Lewis and Sampson;2021-08-24;Expect;thousand;;;Mercado de Legumes
420;249;2024-04-10;1559;Brooks Ltd;2021-05-23;Kind;organization;;;Mercado de Flores
133;264;2022-03-10;4742;Bullock Ltd;2022-03-23;Blood;foot;71.0;side;Mercado de Flores
131;382;2021-10-15;2721;Schroeder, Moss and Rivas;2021-05-15;Political;Democrat;;;Mercado de Fruta
281;391;2022-09-12;3204;Carlson-Landry;2025-12-17;Every;hospital;178.0;form;Mercado de Fruta
177;306;2023-12-29;4238;Jenkins-Ramos;2023-10-01;Control;run;;;Mercado de Flores
387;812;2025-08-19;3639;Smith Group;2022-08-12;Debate;let;15.0;Mrs;Mercado de Legumes
387;812;2025-08-19;3639;Smith Group;2022-08-12;Debate;let;65.0;window;Mercado de Legumes
320;440;2021-06-11;2384;Perez, Long and Spencer;2025-10-29;Each;later;;;Mercado de Legumes
83;928;2021-05-24;1944;Graham LLC;2022-11-25;These;reveal;154.0;tree;Mercado de Fruta
485;953;2022-11-05;3457;Allen and Sons;2023-06-18;Staff;time;;;Mercado de Legumes
364;773;2023-03-31;633;Boyd-Sexton;2024-06-11;Personal;sea;;;Mercado de Legumes
116;258;2022-05-07;4293;Williams, Anderson and Lopez;2025-02-13;Amount;lawyer;28.0;difference;Mercado de Flores
391;590;2021-11-07;2781;Travis PLC;2023-06-04;Team;day;;;Mercado de Legumes
354;193;2023-12-21;3298;Martinez, Sanchez and Smith;2023-08-21;Born;across;;;Mercado de Fruta
241;109;2021-06-14;395;Bates-Rivera;2022-09-06;Degree;one;;;Mercado de Fruta
303;353;2021-01-29;2324;Bishop, Evans and Thompson;2021-12-22;See;cover;;;Mercado de Legumes
230;302;2020-09-18;4030;Shelton Inc;2023-04-03;Poor;responsibility;169.0;hot;Mercado de Legumes
10;926;2020-05-21;4874;Woods, Taylor and Harrison;2024-07-08;Enter;government;;;Mercado de Legumes
36;904;2022-09-17;4827;Williams Inc;2025-02-07;Evening;cell;152.0;increase;Mercado de Fruta
192;361;2020-05-22;158;Bowman Ltd;2023-10-30;Growth;pull;;;Mercado de Fruta
221;718;2020-07-29;2396;Gardner Group;2024-11-05;Eight;gun;41.0;big;Mercado de Fruta
7;677;2022-06-26;321;Davis, Armstrong and Brown;2023-02-05;Report;study;;;Mercado de Legumes
11;229;2023-11-20;3680;Serrano, Young and Nichols;2024-10-20;Go;run;;;Mercado de Fruta
477;908;2023-02-27;4231;Jenkins-Butler;2023-02-09;Lawyer;outside;;;Mercado de Legumes
39;750;2024-09-23;3812;Yu-Ramirez;2025-09-02;National;without;21.0;party;Mercado de Flores
31;906;2022-07-01;4483;Ball-Phillips;2025-10-21;Expect;else;;;Mercado de Flores
161;528;2024-12-19;1182;Mays-Harmon;2022-10-23;Some;must;;;Mercado de Flores
129;932;2020-05-17;440;Gonzalez LLC;2025-09-05;Rule;about;30.0;difficult;Mercado de Legumes
129;932;2020-05-17;440;Gonzalez LLC;2025-09-05;Rule;about;191.0;a;Mercado de Legumes
46;246;2024-04-21;3818;Jones-Atkinson;2022-09-28;Somebody;thought;;;Mercado de Flores
399;470;2023-02-15;1019;Scott Group;2021-11-11;Into;his;84.0;page;Mercado de Legumes
250;306;2022-09-10;4704;Williams LLC;2024-05-24;Control;run;;;Mercado de Flores
113;244;2024-06-01;2830;Beasley and Sons;2022-12-28;School;write;;;Mercado de Fruta
148;773;2021-05-08;1393;Hicks, Smith and Watson;2026-01-22;Personal;sea;18.0;turn;Mercado de Legumes
195;250;2020-01-06;1941;Ross-Davidson;2022-08-27;Memory;Democrat;;;Mercado de Fruta
422;892;2024-04-17;3735;Wright, Dickerson and Mcdonald;2023-02-13;Kitchen;against;162.0;management;Mercado de Fruta
121;222;2024-07-20;1351;Ruiz, Miller and Giles;2023-10-05;Evening;happen;;;Mercado de Flores
299;863;2024-03-28;4836;Booker PLC;2025-08-17;Any;bill;;;Mercado de Legumes
119;976;2024-03-10;3725;Shelton, Odonnell and Williams;2022-11-17;Network;almost;;;Mercado de Fruta
433;224;2024-05-03;3154;Ballard-Orozco;2024-02-08;Rather;source;136.0;of;Mercado de Legumes
165;549;2023-02-26;4315;Williams, Griffith and Craig;2025-01-08;Know;Republican;39.0;away;Mercado de Flores
119;121;2020-03-07;4454;Shelton, Odonnell and Williams;2022-11-17;Everyone;whatever;;;Mercado de Fruta
164;801;2020-07-23;2961;Acevedo-Potts;2021-06-29;Special;the;;;Mercado de Flores
165;369;2025-05-10;4865;Williams, Griffith and Craig;2025-01-08;Oil;likely;39.0;away;Mercado de Flores
497;732;2022-02-17;3174;Bowers-Townsend;2022-08-31;Test;type;;;Mercado de Flores
208;948;2020-05-25;400;Nunez-Lopez;2025-09-23;Star;all;;;Mercado de Flores
420;764;2024-10-26;4920;Brooks Ltd;2021-05-23;;friend;;;Mercado de Legumes
500;957;2025-08-27;4183;Johnson-Anderson;2024-01-02;Glass;especially;;;Mercado de Flores
127;249;2025-10-02;324;Hill PLC;2025-05-30;Kind;organization;73.0;Congress;Mercado de Flores
483;57;2023-04-30;192;Ramirez PLC;2025-10-14;Step;decide;8.0;throughout;Mercado de Flores
88;68;2024-07-22;4053;Brewer Ltd;2023-01-19;Article;they;;;Mercado de Legumes
130;236;2023-02-04;3211;Chase PLC;2024-06-12;Cultural;control;;;Mercado de Legumes
159;127;2026-01-06;4173;Johnson, Long and Benson;2022-06-05;Store;her;;;Mercado de Fruta
224;606;2025-12-06;1587;Coleman-Green;2021-04-06;More;society;137.0;mission;Mercado de Flores
372;988;2022-11-09;1657;Nichols, Moore and Meadows;2024-11-05;Near;foreign;;;Mercado de Fruta
306;651;2024-06-12;3149;Jenkins LLC;2022-02-24;Street;recently;;;Mercado de Flores
146;511;2022-06-24;2798;Christian, Lee and Stewart;2024-07-08;Huge;partner;126.0;enter;Mercado de Fruta
480;920;2024-02-12;553;Jones-Chavez;2022-10-24;Kid;son;99.0;then;Mercado de Legumes
480;920;2024-02-12;553;Jones-Chavez;2022-10-24;Kid;son;131.0;religious;Mercado de Legumes
21;549;2025-05-13;4042;Williams, Martinez and Gentry;2021-03-07;Know;Republican;;;Mercado de Flores
259;678;2020-12-29;3091;Pham, Farmer and Marsh;2021-04-12;To;contain;50.0;have;Mercado de Flores
170;75;2020-04-23;4525;Collins-Campos;2025-06-15;Relate;no;;;Mercado de Flores
192;592;2020-01-13;1227;Bowman Ltd;2023-10-30;Congress;difficult;;;Mercado de Fruta
234;93;2023-11-08;914;Yates LLC;2025-03-18;Nearly;whom;87.0;audience;Mercado de Flores
234;93;2023-11-08;914;Yates LLC;2025-03-18;Nearly;whom;164.0;where;Mercado de Flores
26;598;2025-09-28;1336;Barron, Dodson and Baker;2024-07-08;Oil;speech;;;Mercado de Fruta
470;356;2020-12-11;4691;Ray, Hall and Graves;2024-05-10;Left;although;;;Mercado de Legumes
193;210;2024-09-09;4686;Cunningham, Mcpherson and Jones;2025-05-23;Low;feel;;;Mercado de Flores
254;49;2021-04-17;919;Williams, Mcdonald and Schmidt;2025-08-24;Season;dinner;123.0;dream;Mercado de Fruta
217;844;2022-07-09;3351;Moore, Guzman and Moore;2022-12-25;Southern;thus;;;Mercado de Fruta
62;976;2022-02-16;1055;Dean Group;2023-04-26;Network;almost;;;Mercado de Fruta
489;439;2024-04-12;1403;Lee, Guerrero and Alexander;2026-01-14;Weight;clear;;;Mercado de Fruta
315;550;2023-07-17;944;Garcia, Campbell and Powell;2023-02-17;Management;not;;;Mercado de Fruta
244;14;2024-03-23;1450;Perez Ltd;2024-11-05;Image;leg;;;Mercado de Legumes
348;51;2023-10-17;3240;Lyons-Mccoy;2021-09-26;Attack;already;76.0;involve;Mercado de Flores
367;627;2022-10-04;758;Waters Inc;2025-12-04;Effort;effect;;;Mercado de Flores
63;648;2024-06-19;1982;Castro, Sherman and Flores;2025-12-01;Book;score;;;Mercado de Flores
5;498;2023-11-04;2962;Hart, Ramsey and Diaz;2021-03-14;Boy;though;113.0;tend;Mercado de Flores
432;950;2024-04-27;3480;Wright Group;2021-03-18;Entire;level;;;Mercado de Legumes
342;648;2021-12-03;3232;Hernandez-King;2022-04-10;Book;score;;;Mercado de Flores
386;994;2023-06-17;1384;Hayden-Ellis;2026-01-01;Claim;product;;;Mercado de Fruta
396;527;2020-09-20;4556;Mclaughlin Inc;2023-12-02;Money;experience;;;Mercado de Legumes
420;11;2025-10-18;1049;Brooks Ltd;2021-05-23;Cover;real;;;Mercado de Legumes
291;29;2024-09-10;2149;Hernandez LLC;2025-09-01;Different;agency;;;Mercado de Legumes
270;586;2024-06-30;4669;Knight-Alexander;2023-05-25;Fact;receive;175.0;practice;Mercado de Fruta
291;583;2023-02-10;954;Hernandez LLC;2025-09-01;Business;force;;;Mercado de Fruta
367;716;2025-07-19;4823;Waters Inc;2025-12-04;Gas;enough;;;Mercado de Legumes
57;298;2025-05-12;2752;Lee Inc;2025-11-23;Still;simple;;;Mercado de Fruta
105;349;2022-03-16;4697;Mccall and Sons;2022-01-20;Hour;think;5.0;meet;Mercado de Fruta
105;349;2022-03-16;4697;Mccall and Sons;2022-01-20;Hour;think;187.0;coach;Mercado de Fruta
83;842;2025-08-10;2228;Graham LLC;2022-11-25;Travel;occur;154.0;tree;Mercado de Legumes
118;381;2025-12-14;2346;Powell-Foster;2025-08-02;Wife;data;;;Mercado de Flores
16;787;2025-08-08;4853;Barber, Dominguez and Smith;2024-03-10;Thank;guess;122.0;any;Mercado de Fruta
16;787;2025-08-08;4853;Barber, Dominguez and Smith;2024-03-10;Thank;guess;160.0;meet;Mercado de Fruta
16;787;2025-08-08;4853;Barber, Dominguez and Smith;2024-03-10;Thank;guess;192.0;single;Mercado de Fruta
245;258;2021-11-27;4644;Guzman-Cole;2024-11-20;Amount;lawyer;56.0;design;Mercado de Flores
337;763;2024-04-26;834;Jackson Ltd;2022-01-03;Front;former;14.0;fight;Mercado de Fruta
441;470;2025-06-19;501;Mclaughlin, Hernandez and Fitzpatrick;2025-05-27;Into;his;;;Mercado de Legumes
438;43;2022-10-21;3740;Reed, Vega and Ho;2022-04-05;Doctor;wear;42.0;seem;Mercado de Fruta
18;559;2021-07-05;3125;Ford-Garrett;2025-06-05;Admit;position;;;Mercado de Fruta
495;815;2021-11-21;750;Miller, Cherry and Torres;2025-12-22;Same;cultural;;;Mercado de Legumes
285;213;2023-09-10;2903;English-Williams;2023-09-29;Despite;environment;;;Mercado de Flores
275;544;2022-03-23;1013;Cox, Wright and Price;2023-10-30;Team;they;;;Mercado de Fruta
20;215;2020-12-23;1059;Wilkerson PLC;2021-05-09;Whom;wear;116.0;explain;Mercado de Legumes
488;382;2021-12-23;3799;Rodriguez and Sons;2022-03-26;Political;Democrat;;;Mercado de Fruta
55;513;2020-04-23;4207;Hill, Allen and Rodriguez;2022-07-31;Determine;ready;114.0;ability;Mercado de Flores
84;882;2024-06-13;4100;Daniels LLC;2023-11-15;Station;possible;;;Mercado de Flores
445;485;2022-03-30;2215;Rodriguez LLC;2023-11-14;However;debate;;;Mercado de Legumes
331;513;2021-10-14;3389;Lawrence Inc;2023-06-02;Determine;ready;149.0;service;Mercado de Flores
81;213;2021-06-23;3655;Norton, Mccoy and Torres;2021-07-03;Despite;environment;;;Mercado de Flores
401;475;2023-01-28;3754;Bell, Nelson and Walker;2026-01-20;Reality;else;;;Mercado de Fruta
16;917;2020-07-15;2969;Barber, Dominguez and Smith;2024-03-10;Everyone;sense;122.0;any;Mercado de Legumes
16;917;2020-07-15;2969;Barber, Dominguez and Smith;2024-03-10;Everyone;sense;160.0;meet;Mercado de Legumes
16;917;2020-07-15;2969;Barber, Dominguez and Smith;2024-03-10;Everyone;sense;192.0;single;Mercado de Legumes
467;169;2025-12-10;4586;Wilson PLC;2021-12-24;Light;scene;;;Mercado de Fruta
231;714;2020-04-28;842;Griffin PLC;2021-03-20;Range;late;;;Mercado de Flores
61;180;2021-03-18;3722;Stewart, Hopkins and Williams;2021-12-31;Entire;choose;;;Mercado de Flores
446;302;2020-08-29;1716;Duffy-Molina;2022-11-01;Poor;responsibility;93.0;paper;Mercado de Legumes
157;326;2021-07-18;3912;West Group;2021-06-12;Sit;remain;;;Mercado de Legumes
64;549;2023-03-17;1023;Gonzalez, Vasquez and Powers;2024-07-20;Know;Republican;;;Mercado de Flores
424;606;2025-05-06;3563;Lopez-Palmer;2024-08-05;More;society;;;Mercado de Flores
63;576;2020-07-01;4976;Castro, Sherman and Flores;2025-12-01;Support;close;;;Mercado de Flores
73;280;2024-05-11;4616;Adams, Lamb and Ellis;2022-05-26;Stock;civil;;;Mercado de Fruta
110;361;2022-09-06;4096;Price Inc;2025-10-27;Growth;pull;121.0;what;Mercado de Fruta
11;778;2026-01-18;1867;Serrano, Young and Nichols;2024-10-20;Stuff;despite;;;Mercado de Fruta
464;324;2024-11-09;3280;Morris Ltd;2021-10-01;Reach;upon;;;Mercado de Flores
200;337;2021-12-09;4266;Hernandez, Rojas and Rodriguez;2024-02-06;Article;raise;;;Mercado de Fruta
104;211;2021-04-01;3795;Mosley, Petty and Davis;2026-01-02;Across;prove;;;Mercado de Fruta
108;982;2024-11-09;2710;Mejia Ltd;2021-06-22;Their;ever;;;Mercado de Fruta
363;683;2020-10-10;3609;Adams Group;2023-01-02;Set;half;27.0;college;Mercado de Legumes
363;683;2020-10-10;3609;Adams Group;2023-01-02;Set;half;170.0;clearly;Mercado de Legumes
4;956;2020-07-07;156;Compton, Gonzalez and Banks;2021-03-20;Community;almost;49.0;next;Mercado de Legumes
178;873;2020-02-02;1816;Hernandez, Lewis and Shields;2025-07-25;Strategy;success;97.0;pay;Mercado de Flores
412;443;2025-09-10;245;Young Ltd;2021-10-29;Several;hand;;;Mercado de Legumes
120;228;2021-10-12;517;Mcdaniel-Garza;2022-08-16;Still;degree;;;Mercado de Flores
478;930;2020-08-11;776;Vaughan, Tucker and Jackson;2023-05-14;Government;old;;;Mercado de Flores
429;338;2023-07-20;2682;Foster-Murphy;2023-08-16;Executive;agent;;;Mercado de Legumes
39;600;2024-11-09;3334;Yu-Ramirez;2025-09-02;Television;why;21.0;party;Mercado de Flores
419;931;2024-07-05;757;Johnson, Hamilton and Price;2023-10-29;Nearly;water;;;Mercado de Fruta
146;447;2022-12-24;3162;Christian, Lee and Stewart;2024-07-08;Front;population;126.0;enter;Mercado de Flores
5;259;2021-07-08;4572;Hart, Ramsey and Diaz;2021-03-14;Section;continue;113.0;tend;Mercado de Fruta
255;77;2020-12-29;2311;Rodriguez Inc;2021-07-28;Class;city;;;Mercado de Legumes
136;769;2025-12-21;3052;Knight Group;2025-03-11;Upon;describe;;;Mercado de Fruta
64;434;2021-05-01;4149;Gonzalez, Vasquez and Powers;2024-07-20;Energy;marriage;;;Mercado de Legumes
464;223;2023-02-27;3496;Morris Ltd;2021-10-01;Recognize;because;;;Mercado de Fruta
425;687;2024-12-21;2467;Sims PLC;2023-09-28;Clear;quality;58.0;different;Mercado de Flores
425;687;2024-12-21;2467;Sims PLC;2023-09-28;Clear;quality;193.0;exactly;Mercado de Flores
425;687;2024-12-21;2467;Sims PLC;2023-09-28;Clear;quality;196.0;personal;Mercado de Flores
164;132;2025-10-20;851;Acevedo-Potts;2021-06-29;Reveal;create;;;Mercado de Flores
74;360;2021-11-04;285;Campbell Inc;2023-06-06;Television;base;;;Mercado de Flores
11;564;2022-03-15;4184;Serrano, Young and Nichols;2024-10-20;Firm;majority;;;Mercado de Flores
472;81;2020-06-17;2299;Camacho Inc;2022-03-16;Coach;ago;;;Mercado de Flores
383;685;2023-02-02;3525;Price-Pearson;2022-09-23;Ask;good;;;Mercado de Fruta
57;361;2022-01-18;3977;Lee Inc;2025-11-23;Growth;pull;;;Mercado de Fruta
198;768;2020-05-19;4173;Bradley PLC;2021-04-20;Drive;audience;;;Mercado de Flores
265;78;2022-07-03;550;Baker-Wheeler;2021-11-02;Generation;there;;;Mercado de Flores
94;609;2025-03-23;1111;Boyd, Mcdaniel and Marsh;2022-05-03;Mrs;in;16.0;thing;Mercado de Flores
286;344;2023-11-02;4038;James PLC;2024-11-09;Piece;million;;;Mercado de Legumes
89;982;2024-05-11;1382;Johns, Wolf and Osborne;2023-07-02;Their;ever;;;Mercado de Fruta
423;275;2024-11-30;341;Goodman-Hayes;2024-12-18;Course;result;;;Mercado de Legumes
458;816;2024-04-21;3362;Long, Walker and Allison;2025-03-29;Interest;standard;;;Mercado de Flores
263;745;2020-02-04;4426;Hicks, Peterson and Ayala;2022-05-20;Large;nature;45.0;total;Mercado de Fruta
263;745;2020-02-04;4426;Hicks, Peterson and Ayala;2022-05-20;Large;nature;53.0;ago;Mercado de Fruta
129;601;2024-09-07;1279;Gonzalez LLC;2025-09-05;Item;president;30.0;difficult;Mercado de Fruta
129;601;2024-09-07;1279;Gonzalez LLC;2025-09-05;Item;president;191.0;a;Mercado de Fruta
250;969;2022-04-11;3258;Williams LLC;2024-05-24;Hundred;resource;;;Mercado de Flores
442;691;2023-12-13;3415;Savage Ltd;2025-04-01;Outside;card;;;Mercado de Fruta
173;779;2023-09-27;3413;Roberts, Nichols and Simon;2023-07-04;Lawyer;explain;;;Mercado de Legumes
1;975;2022-11-06;719;Cooper and Sons;2022-04-26;Future;hear;;;Mercado de Flores
398;939;2025-05-01;3735;Williams-Reynolds;2021-07-19;Herself;win;38.0;ten;Mercado de Flores
398;939;2025-05-01;3735;Williams-Reynolds;2021-07-19;Herself;win;200.0;professional;Mercado de Flores
205;932;2022-10-29;4726;Turner-Cook;2023-12-03;Rule;about;;;Mercado de Legumes
13;942;2020-12-06;1854;Conley, Snyder and Stone;2025-05-01;Bill;reason;100.0;each;Mercado de Flores
13;942;2020-12-06;1854;Conley, Snyder and Stone;2025-05-01;Bill;reason;198.0;themselves;Mercado de Flores
204;656;2021-01-06;1910;Flynn-Knight;2023-08-04;Republican;off;;;Mercado de Legumes
457;609;2023-06-10;1082;Olsen LLC;2024-01-29;Mrs;in;;;Mercado de Flores
247;262;2020-09-19;836;Rivera Group;2021-12-30;Recognize;whom;197.0;possible;Mercado de Fruta
74;235;2024-06-02;1482;Campbell Inc;2023-06-06;Deal;go;;;Mercado de Fruta
147;79;2025-03-29;3399;Hess-Dickson;2022-09-18;Discuss;style;119.0;force;Mercado de Fruta
426;113;2020-05-15;416;Johnson-Williams;2021-10-18;Itself;issue;82.0;marriage;Mercado de Legumes
202;645;2022-01-12;1194;Thomas-Sanders;2025-02-12;Turn;herself;;;Mercado de Flores
473;4;2024-09-03;2255;Brock PLC;2024-01-10;Sound;myself;;;Mercado de Fruta
72;394;2020-02-01;3131;Crane-Torres;2022-06-18;Information;analysis;86.0;school;Mercado de Fruta
316;255;2020-11-28;3084;Rodriguez, Huff and Holland;2024-08-16;Better;scientist;;;Mercado de Flores
449;177;2022-12-17;1632;Price-Mckay;2023-01-29;Sister;able;;;Mercado de Flores
198;930;2022-04-09;1403;Bradley PLC;2021-04-20;Government;old;;;Mercado de Flores
182;10;2025-05-26;2491;Moore, Rivera and Nguyen;2024-06-18;News;treat;;;Mercado de Fruta
137;790;2026-01-09;1365;Gray, Kim and Doyle;2023-09-10;Several;politics;;;Mercado de Fruta
347;810;2021-05-15;4657;Becker, Flynn and Silva;2023-12-04;Music;expect;;;Mercado de Flores
367;725;2023-04-10;4759;Waters Inc;2025-12-04;Since;reduce;;;Mercado de Legumes
298;977;2020-09-11;3048;Benson-Travis;2022-07-13;Decision;off;34.0;will;Mercado de Legumes
380;674;2025-05-10;3630;Hill, Brown and Clark;2023-05-13;Remain;voice;;;Mercado de Legumes
367;562;2022-01-27;2985;Waters Inc;2025-12-04;Laugh;impact;;;Mercado de Fruta
399;330;2020-08-10;3881;Scott Group;2021-11-11;Because;now;84.0;page;Mercado de Flores
264;979;2021-08-17;2900;Hopkins, Jackson and Ortiz;2025-01-24;Any;system;;;Mercado de Fruta
431;672;2021-11-11;3480;Taylor Inc;2024-08-22;Total;hold;104.0;account;Mercado de Flores
216;350;2023-12-06;845;Kirk LLC;2025-02-16;Mission;sing;74.0;employee;Mercado de Legumes
58;713;2020-10-02;2405;Campos, Manning and Johnson;2021-09-03;Send;thought;;;Mercado de Legumes
87;737;2025-10-15;365;Mason Inc;2025-07-04;Cell;may;;;Mercado de Legumes
64;867;2024-03-21;1813;Gonzalez, Vasquez and Powers;2024-07-20;Culture;turn;;;Mercado de Flores
449;400;2021-02-23;3817;Price-Mckay;2023-01-29;Season;whatever;;;Mercado de Fruta
472;656;2023-01-10;4296;Camacho Inc;2022-03-16;Republican;off;;;Mercado de Legumes
328;675;2021-08-21;2690;Lee, Figueroa and Silva;2023-01-06;Land;easy;;;Mercado de Flores
128;822;2024-02-13;4163;Butler-Washington;2021-05-01;Medical;scene;;;Mercado de Flores
265;679;2024-02-29;472;Baker-Wheeler;2021-11-02;Also;husband;;;Mercado de Fruta
95;709;2022-12-20;2100;Woods and Sons;2022-04-09;Account;moment;32.0;follow;Mercado de Fruta
277;849;2020-11-11;2648;Bennett Group;2021-03-31;Security;well;;;Mercado de Flores
452;5;2023-12-05;3634;Sims LLC;2025-12-16;They;describe;;;Mercado de Legumes
202;332;2024-06-15;1060;Thomas-Sanders;2025-02-12;Show;wonder;;;Mercado de Legumes
18;101;2025-07-24;995;Ford-Garrett;2025-06-05;Include;happen;;;Mercado de Legumes
494;884;2021-10-10;3551;Rasmussen Group;2023-04-05;Describe;model;;;Mercado de Legumes
445;93;2020-02-28;112;Rodriguez LLC;2023-11-14;Nearly;whom;;;Mercado de Flores
252;477;2024-10-22;561;Mitchell, Phillips and Marshall;2024-10-27;Pay;sport;105.0;partner;Mercado de Flores
91;380;2024-05-17;2992;Lee-Osborne;2023-03-17;Character;forward;;;Mercado de Legumes
331;594;2023-11-16;454;Lawrence Inc;2023-06-02;Sure;fight;149.0;service;Mercado de Flores
366;653;2023-02-02;1040;Martinez-West;2024-04-10;Loss;east;125.0;add;Mercado de Legumes
193;52;2022-12-10;3946;Cunningham, Mcpherson and Jones;2025-05-23;Ask;four;;;Mercado de Fruta
351;954;2025-12-15;2257;Curtis Inc;2024-10-01;Quality;goal;101.0;both;Mercado de Flores
230;490;2021-07-14;2440;Shelton Inc;2023-04-03;Bar;former;169.0;hot;Mercado de Fruta
2;712;2020-06-12;3936;Rogers, Fernandez and Perez;2023-11-29;Industry;purpose;176.0;price;Mercado de Fruta
2;712;2020-06-12;3936;Rogers, Fernandez and Perez;2023-11-29;Industry;purpose;199.0;lot;Mercado de Fruta
200;753;2024-04-24;2502;Hernandez, Rojas and Rodriguez;2024-02-06;First;last;;;Mercado de Flores
391;827;2023-11-20;3294;Travis PLC;2023-06-04;Million;air;;;Mercado de Legumes
166;373;2020-02-09;2268;Savage-Martin;2025-07-07;Trial;box;;;Mercado de Fruta
13;326;2025-11-05;1843;Conley, Snyder and Stone;2025-05-01;Sit;remain;100.0;each;Mercado de Legumes
13;326;2025-11-05;1843;Conley, Snyder and Stone;2025-05-01;Sit;remain;198.0;themselves;Mercado de Legumes
164;355;2021-03-16;4800;Acevedo-Potts;2021-06-29;Real;wife;;;Mercado de Fruta
155;611;2024-11-07;1284;Harris-Travis;2023-09-23;Career;rate;;;Mercado de Legumes
346;934;2022-01-09;1609;Paul, Stewart and Pierce;2024-08-13;Toward;act;44.0;house;Mercado de Fruta
214;652;2023-03-27;2877;Weaver LLC;2023-05-04;Thought;provide;;;Mercado de Fruta
499;754;2025-01-07;176;Jacobs, Johnson and Clark;2022-01-05;Professor;despite;9.0;piece;Mercado de Fruta
499;754;2025-01-07;176;Jacobs, Johnson and Clark;2022-01-05;Professor;despite;43.0;here;Mercado de Fruta
435;734;2020-03-31;3866;Thompson-Kramer;2024-03-05;Win;prevent;;;Mercado de Legumes
111;395;2020-10-11;1425;Huff-Garcia;2024-06-20;Course;remain;;;Mercado de Legumes
381;455;2021-10-19;2703;Hunter-Wood;2023-06-13;Read;measure;;;Mercado de Legumes
293;336;2022-08-27;2009;Tyler LLC;2025-11-18;Unit;list;;;Mercado de Flores
149;403;2025-08-23;1921;Sawyer LLC;2026-01-27;Choose;beat;;;Mercado de Fruta
353;204;2021-12-03;4381;Jones-Rollins;2024-02-10;Father;lawyer;;;Mercado de Flores
229;406;2024-12-30;3938;Johnson, Sanders and Lam;2021-09-13;Go;ability;;;Mercado de Fruta
26;890;2020-10-25;2416;Barron, Dodson and Baker;2024-07-08;Expect;thousand;;;Mercado de Legumes
174;79;2024-06-28;276;Pope, Perez and Mcdonald;2024-06-19;Discuss;style;;;Mercado de Fruta
333;571;2022-07-22;4088;Robinson, Riddle and Reese;2024-10-16;Wife;bill;;;Mercado de Fruta
475;873;2023-09-26;4255;Luna Ltd;2025-03-23;Strategy;success;;;Mercado de Flores
376;807;2021-04-08;2011;Miller-Fields;2024-08-18;To;nice;;;Mercado de Flores
419;988;2020-05-04;105;Johnson, Hamilton and Price;2023-10-29;Near;foreign;;;Mercado de Fruta
298;949;2024-01-08;3714;Benson-Travis;2022-07-13;Watch;usually;34.0;will;Mercado de Fruta
405;570;2022-05-30;173;Valenzuela-Meyer;2024-09-09;Though;week;;;Mercado de Flores
354;542;2021-02-10;752;Martinez, Sanchez and Smith;2023-08-21;School;itself;;;Mercado de Legumes
280;619;2021-02-18;4836;Fitzgerald, Good and Curtis;2021-09-14;Decade;generation;68.0;glass;Mercado de Fruta
280;619;2021-02-18;4836;Fitzgerald, Good and Curtis;2021-09-14;Decade;generation;186.0;ball;Mercado de Fruta
58;119;2024-06-03;3418;Campos, Manning and Johnson;2021-09-03;Theory;account;;;Mercado de Legumes
43;595;2026-02-10;3046;Hubbard-Morgan;2026-01-13;Especially;staff;120.0;once;Mercado de Fruta
328;171;2025-03-09;4501;Lee, Figueroa and Silva;2023-01-06;Style;bill;;;Mercado de Flores
111;434;2023-04-17;4853;Huff-Garcia;2024-06-20;Energy;marriage;;;Mercado de Legumes
336;920;2025-08-02;4930;Michael and Sons;2022-10-12;Kid;son;;;Mercado de Legumes
384;227;2022-03-24;3821;Gilbert, Schmidt and Macias;2025-03-21;Still;religious;161.0;policy;Mercado de Legumes
376;146;2023-09-30;4426;Miller-Fields;2024-08-18;Direction;skin;;;Mercado de Legumes
492;896;2022-01-11;4605;Lyons, Gomez and Oconnor;2021-04-27;Sister;economic;;;Mercado de Legumes
323;645;2021-07-10;594;Cummings and Sons;2022-10-22;Turn;herself;;;Mercado de Flores
128;513;2023-09-05;1721;Butler-Washington;2021-05-01;Determine;ready;;;Mercado de Flores
409;436;2023-03-30;642;Long Ltd;2024-03-21;Today;impact;;;Mercado de Fruta
391;635;2021-12-26;1156;Travis PLC;2023-06-04;He;over;;;Mercado de Legumes
46;892;2024-03-25;1017;Jones-Atkinson;2022-09-28;Kitchen;against;;;Mercado de Fruta
122;743;2024-08-03;1348;Scott-Bowers;2024-12-19;Professor;well;;;Mercado de Legumes
288;336;2025-03-31;4195;Hicks, Griffin and Craig;2026-01-22;Unit;list;33.0;conference;Mercado de Flores
189;826;2020-07-02;3217;Clark LLC;2025-06-23;Name;moment;;;Mercado de Fruta
245;398;2023-01-06;120;Guzman-Cole;2024-11-20;Fact;expect;56.0;design;Mercado de Legumes
257;364;2023-12-01;4381;Mclaughlin, Noble and Mccall;2023-07-02;Find;learn;;;Mercado de Fruta
312;705;2021-06-28;4203;Roberts, Sanchez and Cook;2021-10-18;Size;whole;;;Mercado de Flores
293;818;2021-04-21;994;Tyler LLC;2025-11-18;Now;he;;;Mercado de Legumes
74;38;2021-08-18;3781;Campbell Inc;2023-06-06;Miss;forget;;;Mercado de Legumes
313;404;2021-09-23;2216;Stout-Rodgers;2022-09-19;He;read;92.0;why;Mercado de Legumes
340;687;2025-12-23;4300;James Inc;2024-10-08;Clear;quality;165.0;full;Mercado de Flores
214;29;2020-03-08;1501;Weaver LLC;2023-05-04;Different;agency;;;Mercado de Legumes
387;413;2021-10-06;2820;Smith Group;2022-08-12;Really;traditional;15.0;Mrs;Mercado de Legumes
387;413;2021-10-06;2820;Smith Group;2022-08-12;Really;traditional;65.0;window;Mercado de Legumes
276;425;2020-12-16;788;Spencer PLC;2025-06-17;Party;yes;;;Mercado de Legumes
95;878;2022-11-09;165;Woods and Sons;2022-04-09;Personal;could;32.0;follow;Mercado de Legumes
215;425;2021-09-21;563;Jimenez-Gates;2022-10-05;Party;yes;;;Mercado de Legumes
184;401;2020-09-06;3333;Moore, Lopez and Santos;2021-12-10;Admit;politics;;;Mercado de Legumes
392;662;2024-01-12;4272;Nelson-Donaldson;2024-05-14;Customer;current;107.0;sense;Mercado de Legumes
187;512;2025-08-06;4809;Hanson, White and Jackson;2024-06-25;New;evening;;;Mercado de Legumes
55;847;2024-01-07;3863;Hill, Allen and Rodriguez;2022-07-31;Physical;else;114.0;ability;Mercado de Fruta
109;709;2022-07-26;1628;Sanchez-Atkinson;2024-07-27;Account;moment;;;Mercado de Fruta
390;210;2026-02-06;4093;Lawrence, Gardner and Harris;2023-03-17;Low;feel;;;Mercado de Flores
110;214;2025-11-24;4578;Price Inc;2025-10-27;Available;evidence;121.0;what;Mercado de Fruta
107;394;2025-05-07;614;Jones, Keith and Wiggins;2021-05-06;Information;analysis;;;Mercado de Fruta
486;343;2020-08-11;2684;Stewart Inc;2024-10-25;Camera;theory;180.0;party;Mercado de Fruta
198;252;2022-07-23;4641;Bradley PLC;2021-04-20;Despite;establish;;;Mercado de Flores
123;123;2025-06-30;204;Rivas LLC;2024-11-01;Morning;box;54.0;million;Mercado de Flores
123;123;2025-06-30;204;Rivas LLC;2024-11-01;Morning;box;108.0;office;Mercado de Flores
249;107;2023-04-11;2525;Dunlap, Cabrera and Thompson;2021-04-23;Modern;yes;;;Mercado de Legumes
483;295;2022-03-23;3145;Ramirez PLC;2025-10-14;Subject;order;8.0;throughout;Mercado de Fruta
235;971;2022-04-27;101;Walker-Garcia;2025-06-30;Education;play;166.0;suffer;Mercado de Legumes
188;780;2021-08-09;340;Davis, Cortez and Young;2022-03-06;Charge;beyond;133.0;assume;Mercado de Flores
188;780;2021-08-09;340;Davis, Cortez and Young;2022-03-06;Charge;beyond;135.0;support;Mercado de Flores
411;338;2025-06-29;1155;Howard-Gomez;2021-12-18;Executive;agent;62.0;care;Mercado de Legumes
142;125;2022-02-07;2493;Guzman Inc;2024-04-08;Risk;level;2.0;beyond;Mercado de Legumes
38;735;2023-02-19;3187;Moore LLC;2022-08-15;Prevent;real;;;Mercado de Flores
182;377;2025-06-01;903;Moore, Rivera and Nguyen;2024-06-18;Structure;debate;;;Mercado de Legumes
216;777;2024-01-29;3139;Kirk LLC;2025-02-16;Few;citizen;74.0;employee;Mercado de Flores
456;333;2022-08-17;3891;Price, Franklin and Duarte;2025-01-08;To;watch;;;Mercado de Flores
180;536;2022-02-12;4172;Tran-Huynh;2021-10-01;Left;increase;3.0;teach;Mercado de Legumes
301;515;2021-03-21;4333;York, Carter and Hernandez;2022-10-28;Light;there;52.0;institution;Mercado de Legumes
490;210;2023-05-09;3085;Pruitt-Young;2021-04-13;Low;feel;;;Mercado de Flores
171;201;2026-01-25;2005;Holt Ltd;2021-04-28;Senior;many;57.0;seek;Mercado de Flores
488;977;2024-01-14;3246;Rodriguez and Sons;2022-03-26;Decision;off;;;Mercado de Legumes
263;729;2020-05-06;2550;Hicks, Peterson and Ayala;2022-05-20;Age;near;45.0;total;Mercado de Flores
263;729;2020-05-06;2550;Hicks, Peterson and Ayala;2022-05-20;Age;near;53.0;ago;Mercado de Flores
391;249;2025-02-21;4649;Travis PLC;2023-06-04;Kind;organization;;;Mercado de Flores
226;875;2021-02-11;1776;Diaz, Hunt and Jackson;2022-02-06;Bit;may;29.0;ever;Mercado de Legumes
226;875;2021-02-11;1776;Diaz, Hunt and Jackson;2022-02-06;Bit;may;78.0;sit;Mercado de Legumes
226;875;2021-02-11;1776;Diaz, Hunt and Jackson;2022-02-06;Bit;may;89.0;member;Mercado de Legumes
242;649;2021-02-02;898;Bishop, Acosta and Obrien;2022-08-25;Arm;memory;;;Mercado de Fruta
357;326;2023-08-15;4179;Curry, Luna and White;2023-03-17;Sit;remain;;;Mercado de Legumes
275;789;2022-08-13;1132;Cox, Wright and Price;2023-10-30;Her;fear;;;Mercado de Flores
66;298;2022-01-24;1915;Lara, Baker and Young;2025-09-16;Still;simple;182.0;current;Mercado de Fruta
73;818;2021-08-02;1744;Adams, Lamb and Ellis;2022-05-26;Now;he;;;Mercado de Legumes
84;932;2024-07-08;2182;Daniels LLC;2023-11-15;Rule;about;;;Mercado de Legumes
254;791;2021-07-16;917;Williams, Mcdonald and Schmidt;2025-08-24;Project;become;123.0;dream;Mercado de Legumes
397;275;2021-01-17;4428;Choi Ltd;2023-02-14;Course;result;;;Mercado de Legumes
382;582;2023-01-15;4592;Buchanan-Marquez;2023-03-31;Better;no;;;Mercado de Flores
101;857;2025-11-03;3771;Dominguez, Fry and Hill;2021-08-11;Painting;so;;;Mercado de Legumes
335;411;2023-10-26;1875;Webb Inc;2023-03-12;Establish;author;;;Mercado de Flores
129;501;2024-03-05;3485;Gonzalez LLC;2025-09-05;Offer;after;30.0;difficult;Mercado de Flores
129;501;2024-03-05;3485;Gonzalez LLC;2025-09-05;Offer;after;191.0;a;Mercado de Flores
72;921;2023-12-13;1050;Crane-Torres;2022-06-18;Life;image;86.0;school;Mercado de Flores
301;363;2022-09-12;1462;York, Carter and Hernandez;2022-10-28;Again;large;52.0;institution;Mercado de Flores
298;81;2024-08-11;626;Benson-Travis;2022-07-13;Coach;ago;34.0;will;Mercado de Flores
288;290;2023-12-29;2766;Hicks, Griffin and Craig;2026-01-22;Education;share;33.0;conference;Mercado de Legumes
206;34;2024-04-29;4554;Glass, Berry and Williams;2024-08-17;Party;speak;;;Mercado de Fruta
107;689;2021-12-20;2983;Jones, Keith and Wiggins;2021-05-06;Raise;clear;;;Mercado de Legumes
254;365;2023-10-30;2848;Williams, Mcdonald and Schmidt;2025-08-24;Main;thank;123.0;dream;Mercado de Legumes
39;690;2020-11-18;4206;Yu-Ramirez;2025-09-02;Modern;strategy;21.0;party;Mercado de Flores
306;543;2024-01-19;4098;Jenkins LLC;2022-02-24;Pick;already;;;Mercado de Flores
156;353;2020-04-30;4604;Wilkinson, George and Turner;2024-05-22;See;cover;;;Mercado de Legumes
337;335;2022-10-28;1302;Jackson Ltd;2022-01-03;Girl;serious;14.0;fight;Mercado de Legumes
48;847;2021-02-01;1467;Munoz Ltd;2021-03-17;Physical;else;;;Mercado de Fruta
363;660;2021-01-16;1386;Adams Group;2023-01-02;Senior;song;27.0;college;Mercado de Flores
363;660;2021-01-16;1386;Adams Group;2023-01-02;Senior;song;170.0;clearly;Mercado de Flores
443;154;2022-02-25;3059;Avila Group;2026-01-21;Data;marriage;7.0;might;Mercado de Fruta
443;154;2022-02-25;3059;Avila Group;2026-01-21;Data;marriage;75.0;grow;Mercado de Fruta
92;926;2022-11-17;4134;Perez-Robinson;2024-12-31;Enter;government;;;Mercado de Legumes
94;99;2021-05-07;4980;Boyd, Mcdaniel and Marsh;2022-05-03;Dream;inside;16.0;thing;Mercado de Flores
214;574;2022-05-26;836;Weaver LLC;2023-05-04;Down;serve;;;Mercado de Fruta
30;18;2023-06-25;4989;Vargas, Santiago and Mcdonald;2024-10-25;Large;skill;;;Mercado de Flores
24;616;2022-06-05;361;Yates Ltd;2021-10-02;Side;drive;64.0;away;Mercado de Fruta
123;116;2025-10-12;2483;Rivas LLC;2024-11-01;Heart;whose;54.0;million;Mercado de Legumes
123;116;2025-10-12;2483;Rivas LLC;2024-11-01;Heart;whose;108.0;office;Mercado de Legumes
174;95;2024-03-25;973;Pope, Perez and Mcdonald;2024-06-19;Sure;lose;;;Mercado de Legumes
348;75;2022-06-16;4951;Lyons-Mccoy;2021-09-26;Relate;no;76.0;involve;Mercado de Flores
296;678;2020-06-13;783;Coleman-Reyes;2025-07-26;To;contain;83.0;responsibility;Mercado de Flores
296;678;2020-06-13;783;Coleman-Reyes;2025-07-26;To;contain;145.0;somebody;Mercado de Flores
175;267;2021-05-08;4985;Alvarado, Cobb and Dillon;2023-09-19;Movie;event;85.0;over;Mercado de Flores
385;638;2022-12-10;3273;Gonzalez Group;2024-02-14;Material;care;;;Mercado de Legumes
153;180;2025-12-24;1083;Wilson, Spears and Mitchell;2025-04-21;Entire;choose;79.0;image;Mercado de Flores
193;116;2020-09-25;1158;Cunningham, Mcpherson and Jones;2025-05-23;Heart;whose;;;Mercado de Legumes
367;338;2021-09-26;260;Waters Inc;2025-12-04;Executive;agent;;;Mercado de Legumes
76;61;2024-05-29;2877;Sparks Ltd;2022-05-22;Everybody;stay;;;Mercado de Fruta
35;569;2024-03-11;1425;Nolan, Jones and Gordon;2021-04-03;Process;body;61.0;record;Mercado de Legumes
379;856;2023-09-07;1575;Ross, Ray and Bean;2023-09-04;Something;summer;22.0;join;Mercado de Fruta
391;217;2021-08-02;1241;Travis PLC;2023-06-04;Do;every;;;Mercado de Fruta
283;471;2021-04-06;446;Nguyen-Patterson;2023-01-09;Effect;force;;;Mercado de Flores
495;922;2024-10-15;235;Miller, Cherry and Torres;2025-12-22;Daughter;remember;;;Mercado de Fruta
332;278;2022-01-02;3723;Dixon and Sons;2022-12-29;Action;wish;;;Mercado de Legumes
7;504;2024-11-20;4961;Davis, Armstrong and Brown;2023-02-05;Kitchen;medical;;;Mercado de Flores
62;216;2023-05-09;836;Dean Group;2023-04-26;Sure;well;;;Mercado de Flores
14;308;2022-01-12;4069;Harrison-Moore;2024-09-28;May;rock;;;Mercado de Legumes
42;74;2021-12-24;3088;Goodwin-Murphy;2023-05-27;Then;no;;;Mercado de Legumes
438;833;2020-09-11;2246;Reed, Vega and Ho;2022-04-05;Each;even;42.0;seem;Mercado de Legumes
13;958;2022-04-09;3896;Conley, Snyder and Stone;2025-05-01;Property;store;100.0;each;Mercado de Fruta
13;958;2022-04-09;3896;Conley, Snyder and Stone;2025-05-01;Property;store;198.0;themselves;Mercado de Fruta
210;269;2021-09-20;3841;Clark Ltd;2024-07-20;Rock;figure;19.0;perhaps;Mercado de Legumes
496;53;2020-07-03;1164;Barrett, Patrick and Morton;2025-03-09;Special;be;129.0;nor;Mercado de Legumes
397;507;2021-07-14;2060;Choi Ltd;2023-02-14;Space;none;;;Mercado de Flores
94;369;2020-02-19;4017;Boyd, Mcdaniel and Marsh;2022-05-03;Oil;likely;16.0;thing;Mercado de Flores
64;746;2023-01-16;277;Gonzalez, Vasquez and Powers;2024-07-20;Source;rather;;;Mercado de Legumes
216;898;2023-02-20;4798;Kirk LLC;2025-02-16;Million;role;74.0;employee;Mercado de Fruta
327;788;2022-08-10;415;Mills, Mclaughlin and Smith;2026-02-09;Brother;meet;66.0;certainly;Mercado de Legumes
70;311;2024-01-07;489;Brown Inc;2024-12-20;Today;organization;139.0;mission;Mercado de Legumes
70;311;2024-01-07;489;Brown Inc;2024-12-20;Today;organization;143.0;prevent;Mercado de Legumes
431;148;2024-01-11;2685;Taylor Inc;2024-08-22;Continue;by;104.0;account;Mercado de Fruta
14;54;2023-02-23;1944;Harrison-Moore;2024-09-28;View;eat;;;Mercado de Flores
365;348;2025-04-04;641;Cantu, Palmer and Thomas;2025-01-03;End;maintain;;;Mercado de Flores
82;535;2026-01-08;1009;Perez PLC;2022-08-24;Recognize;name;;;Mercado de Fruta
447;842;2022-07-19;853;Palmer, Hall and Mcintosh;2023-12-21;Travel;occur;;;Mercado de Legumes
177;104;2024-11-14;3222;Jenkins-Ramos;2023-10-01;Likely;teach;;;Mercado de Legumes
324;732;2021-03-21;4431;Pearson-Dean;2022-05-18;Test;type;;;Mercado de Flores
210;76;2023-02-17;158;Clark Ltd;2024-07-20;Black;across;19.0;perhaps;Mercado de Fruta
189;629;2023-05-26;4362;Clark LLC;2025-06-23;Defense;whom;;;Mercado de Legumes
244;520;2025-08-29;755;Perez Ltd;2024-11-05;Science;poor;;;Mercado de Fruta
393;754;2024-04-01;3801;Carson and Sons;2021-11-06;Professor;despite;;;Mercado de Fruta
51;643;2022-11-23;4946;Mueller-Herrera;2022-08-02;First;set;;;Mercado de Fruta
328;442;2024-12-05;4165;Lee, Figueroa and Silva;2023-01-06;Public;require;;;Mercado de Fruta
107;434;2021-12-22;562;Jones, Keith and Wiggins;2021-05-06;Energy;marriage;;;Mercado de Legumes
272;811;2026-02-03;3248;Barrett PLC;2022-06-07;Nor;remember;;;Mercado de Fruta
402;69;2020-01-21;1565;Miller-Wagner;2023-04-08;True;stay;;;Mercado de Flores
363;524;2024-12-02;3662;Adams Group;2023-01-02;Black;very;27.0;college;Mercado de Legumes
363;524;2024-12-02;3662;Adams Group;2023-01-02;Black;very;170.0;clearly;Mercado de Legumes
170;975;2025-07-04;3691;Collins-Campos;2025-06-15;Future;hear;;;Mercado de Flores
455;517;2021-03-23;3910;Giles, Lewis and Sampson;2021-08-24;Which;ago;;;Mercado de Fruta
37;90;2020-05-14;1637;Meyer-Kim;2022-04-17;Possible;sit;40.0;do;Mercado de Flores
102;513;2025-08-29;147;Hood-Potter;2024-06-23;Determine;ready;;;Mercado de Flores
490;625;2024-06-03;4179;Pruitt-Young;2021-04-13;Adult;special;;;Mercado de Fruta
52;962;2020-05-27;1339;Hess PLC;2022-07-05;Reflect;write;112.0;that;Mercado de Legumes
401;700;2024-04-28;4554;Bell, Nelson and Walker;2026-01-20;Great;against;;;Mercado de Fruta
45;712;2022-02-28;4009;Carney-Walker;2023-06-05;Industry;purpose;;;Mercado de Fruta
35;929;2025-12-31;3753;Nolan, Jones and Gordon;2021-04-03;Mrs;avoid;61.0;record;Mercado de Legumes
261;657;2020-06-06;1915;Long-Ellis;2022-07-28;Area;reality;55.0;between;Mercado de Flores
347;775;2020-06-30;3465;Becker, Flynn and Silva;2023-12-04;Same;coach;;;Mercado de Fruta
216;32;2022-11-10;4045;Kirk LLC;2025-02-16;The;ball;74.0;employee;Mercado de Legumes
89;10;2025-07-03;2267;Johns, Wolf and Osborne;2023-07-02;News;treat;;;Mercado de Fruta
359;748;2021-11-26;699;Thompson-Miller;2025-10-31;But;until;;;Mercado de Fruta
434;627;2020-07-29;3520;Reyes LLC;2023-06-10;Effort;effect;;;Mercado de Flores
126;391;2021-06-14;440;Patterson-Oconnor;2023-06-03;Every;hospital;;;Mercado de Fruta
353;617;2022-04-10;4079;Jones-Rollins;2024-02-10;Ok;thought;;;Mercado de Legumes
69;508;2024-04-14;130;Goodman-Kirby;2022-12-31;Shoulder;garden;67.0;hair;Mercado de Fruta
378;426;2021-03-14;3378;Clark, Sloan and Maldonado;2024-06-22;Fly;commercial;;;Mercado de Flores
193;431;2020-08-23;1330;Cunningham, Mcpherson and Jones;2025-05-23;A;agent;;;Mercado de Legumes
367;169;2025-10-17;4337;Waters Inc;2025-12-04;Light;scene;;;Mercado de Fruta
447;311;2024-02-15;2709;Palmer, Hall and Mcintosh;2023-12-21;Today;organization;;;Mercado de Legumes
493;857;2023-12-20;1561;Blake Group;2025-03-31;Painting;so;110.0;truth;Mercado de Legumes
273;442;2025-04-10;1973;Deleon, Conway and Sanchez;2024-12-11;Public;require;134.0;leg;Mercado de Fruta
405;151;2021-12-04;3633;Valenzuela-Meyer;2024-09-09;Learn;body;;;Mercado de Fruta
431;680;2021-09-18;522;Taylor Inc;2024-08-22;Score;tell;104.0;account;Mercado de Legumes
37;88;2021-07-15;4792;Meyer-Kim;2022-04-17;Floor;reach;40.0;do;Mercado de Fruta
211;12;2022-01-28;480;Robinson LLC;2022-02-07;Not;Congress;153.0;thus;Mercado de Flores
421;820;2024-10-06;3553;Martin LLC;2023-10-20;Buy;focus;;;Mercado de Fruta
345;506;2020-03-10;3105;Perez-Shannon;2023-09-04;Game;forward;;;Mercado de Legumes
87;882;2022-11-27;4341;Mason Inc;2025-07-04;Station;possible;;;Mercado de Flores
159;130;2024-08-19;3828;Johnson, Long and Benson;2022-06-05;They;really;;;Mercado de Fruta
111;850;2023-12-08;1459;Huff-Garcia;2024-06-20;Just;market;;;Mercado de Fruta
415;252;2020-07-31;1063;Anderson, Yoder and Taylor;2021-08-26;Despite;establish;60.0;thing;Mercado de Flores
88;748;2024-09-07;4245;Brewer Ltd;2023-01-19;But;until;;;Mercado de Fruta
325;477;2022-02-12;2530;Barrett Group;2022-12-07;Pay;sport;;;Mercado de Flores
61;207;2020-03-17;4195;Stewart, Hopkins and Williams;2021-12-31;Pass;ask;;;Mercado de Flores
459;744;2020-08-18;3859;Holland, Evans and Myers;2023-04-18;Effect;evening;25.0;large;Mercado de Flores
408;673;2022-03-23;1759;Wright-Jones;2022-01-26;Night;continue;;;Mercado de Fruta
54;83;2022-04-10;2890;Schroeder, Hahn and Miller;2021-03-11;Husband;sit;;;Mercado de Legumes
299;920;2024-05-30;4928;Booker PLC;2025-08-17;Kid;son;;;Mercado de Legumes
279;609;2021-06-22;684;Craig, Gordon and Chang;2021-06-08;Mrs;in;;;Mercado de Flores
117;431;2023-12-25;4518;Avila, Duke and Medina;2024-04-05;A;agent;184.0;specific;Mercado de Legumes
489;443;2021-04-23;2497;Lee, Guerrero and Alexander;2026-01-14;Several;hand;;;Mercado de Legumes
219;408;2024-03-27;1044;Adams-Ferguson;2024-08-20;Agree;represent;151.0;event;Mercado de Flores
449;463;2026-01-03;4508;Price-Mckay;2023-01-29;Class;face;;;Mercado de Fruta
442;371;2021-09-10;1798;Savage Ltd;2025-04-01;Price;material;;;Mercado de Legumes
317;721;2025-10-23;2647;Snyder and Sons;2021-07-03;Among;begin;;;Mercado de Fruta
400;608;2024-12-29;2034;Davis Group;2024-10-27;Answer;size;13.0;coach;Mercado de Legumes
132;984;2023-04-12;668;Branch and Sons;2021-12-10;Foot;forward;69.0;exist;Mercado de Flores
430;761;2025-02-06;2916;Guerrero-Hernandez;2024-02-11;Government;system;146.0;amount;Mercado de Legumes
307;10;2025-01-05;3903;Cooper-Gates;2022-08-19;News;treat;;;Mercado de Fruta
112;489;2022-10-23;1012;Colon, King and Evans;2022-10-21;Culture;artist;;;Mercado de Flores
67;676;2020-03-24;2233;Jones, Wolf and Smith;2022-08-07;Red;dog;;;Mercado de Fruta
177;404;2023-04-25;2157;Jenkins-Ramos;2023-10-01;He;read;;;Mercado de Legumes
469;425;2025-07-06;427;Hall Ltd;2024-01-09;Party;yes;173.0;seem;Mercado de Legumes
81;396;2023-01-11;307;Norton, Mccoy and Torres;2021-07-03;Drug;let;;;Mercado de Flores
466;885;2024-10-16;4436;Hernandez-Lynch;2022-02-27;Event;father;;;Mercado de Flores
422;36;2021-01-31;838;Wright, Dickerson and Mcdonald;2023-02-13;Identify;movie;162.0;management;Mercado de Flores
157;210;2023-05-12;2952;West Group;2021-06-12;Low;feel;;;Mercado de Flores
228;162;2025-12-23;3759;Butler PLC;2021-05-21;Enjoy;per;;;Mercado de Flores
236;665;2022-05-10;646;Butler, Williams and Hoffman;2023-04-13;Night;experience;;;Mercado de Legumes
481;756;2023-09-08;1527;Green, Price and Lucas;2024-01-29;Short;blue;;;Mercado de Flores
66;326;2023-05-29;3109;Lara, Baker and Young;2025-09-16;Sit;remain;182.0;current;Mercado de Legumes
190;999;2023-07-25;2328;Lyons-Cook;2023-06-02;Indeed;bed;;;Mercado de Flores
413;937;2021-01-18;529;Shelton Inc;2024-03-19;Increase;piece;;;Mercado de Fruta
8;461;2020-12-22;1196;Garcia-Lawson;2024-11-18;Director;war;;;Mercado de Legumes
177;764;2025-12-21;2449;Jenkins-Ramos;2023-10-01;;friend;;;Mercado de Legumes
30;402;2020-05-24;3205;Vargas, Santiago and Mcdonald;2024-10-25;International;and;;;Mercado de Flores
134;324;2025-07-10;4027;Riddle-Jones;2023-07-15;Reach;upon;;;Mercado de Flores
40;780;2020-06-22;3409;Andrade, Mcclure and Alvarez;2025-08-03;Charge;beyond;95.0;executive;Mercado de Flores
1;705;2023-07-02;1280;Cooper and Sons;2022-04-26;Size;whole;;;Mercado de Flores
482;418;2021-12-11;843;Stout Inc;2023-05-30;May;tend;;;Mercado de Fruta
354;617;2021-03-23;4769;Martinez, Sanchez and Smith;2023-08-21;Ok;thought;;;Mercado de Legumes
474;3;2020-05-22;2478;Alvarez, Lee and Lopez;2021-04-28;Development;approach;127.0;through;Mercado de Flores
474;3;2020-05-22;2478;Alvarez, Lee and Lopez;2021-04-28;Development;approach;163.0;party;Mercado de Flores
305;692;2020-01-08;2309;Johnson-Hunter;2023-04-03;Fact;finally;;;Mercado de Legumes
328;616;2022-12-02;2098;Lee, Figueroa and Silva;2023-01-06;Side;drive;;;Mercado de Fruta
198;41;2022-04-05;2389;Bradley PLC;2021-04-20;Guy;require;;;Mercado de Legumes
210;284;2022-02-19;2912;Clark Ltd;2024-07-20;Box;level;19.0;perhaps;Mercado de Legumes
247;866;2025-05-12;1155;Rivera Group;2021-12-30;Base;compare;197.0;possible;Mercado de Legumes
318;126;2023-01-09;3992;Gutierrez, Cisneros and Phillips;2021-07-28;Player;though;;;Mercado de Flores
255;438;2025-08-16;2912;Rodriguez Inc;2021-07-28;Attack;have;;;Mercado de Flores
4;5;2025-10-26;494;Compton, Gonzalez and Banks;2021-03-20;They;describe;49.0;next;Mercado de Legumes
392;993;2025-07-26;4961;Nelson-Donaldson;2024-05-14;Coach;report;107.0;sense;Mercado de Flores
461;148;2021-02-08;2981;Smith-Stanley;2021-06-23;Continue;by;;;Mercado de Fruta
109;247;2020-04-27;3307;Sanchez-Atkinson;2024-07-27;Nice;although;;;Mercado de Fruta
265;904;2024-02-18;360;Baker-Wheeler;2021-11-02;Evening;cell;;;Mercado de Fruta
404;803;2021-07-24;4652;Jordan, Kim and Bowman;2024-02-28;Case;simply;;;Mercado de Legumes
218;377;2021-12-21;1848;Olson Inc;2026-01-06;Structure;debate;;;Mercado de Legumes
359;251;2021-10-21;390;Thompson-Miller;2025-10-31;Create;media;;;Mercado de Legumes
54;385;2024-12-29;2561;Schroeder, Hahn and Miller;2021-03-11;Position;turn;;;Mercado de Fruta
389;217;2023-07-11;2136;Snyder, Reese and Wagner;2021-07-04;Do;every;102.0;as;Mercado de Fruta
243;777;2025-12-29;1422;Jensen, Flores and Barnes;2021-07-05;Few;citizen;;;Mercado de Flores
228;686;2023-09-27;1500;Butler PLC;2021-05-21;Difference;black;;;Mercado de Legumes
463;23;2022-10-06;4204;Sullivan-Hernandez;2021-08-01;Most;light;;;Mercado de Legumes
419;418;2025-04-02;3548;Johnson, Hamilton and Price;2023-10-29;May;tend;;;Mercado de Fruta
220;91;2020-10-24;1914;Sharp-Williams;2024-08-10;South;system;;;Mercado de Fruta
444;168;2023-08-22;4233;Mack-Castillo;2024-04-27;Address;product;;;Mercado de Flores
9;937;2024-01-08;2833;Perez-Hurley;2022-02-11;Increase;piece;;;Mercado de Fruta
102;863;2020-01-10;1260;Hood-Potter;2024-06-23;Any;bill;;;Mercado de Legumes
73;506;2023-07-15;3554;Adams, Lamb and Ellis;2022-05-26;Game;forward;;;Mercado de Legumes
141;63;2025-05-30;3458;Gordon LLC;2022-04-11;Paper;street;;;Mercado de Flores
127;166;2022-07-20;4519;Hill PLC;2025-05-30;Give;certainly;73.0;Congress;Mercado de Fruta
238;187;2023-02-13;2387;Whitney, Kim and Moore;2025-02-23;Cost;finally;;;Mercado de Fruta
166;835;2022-04-01;2295;Savage-Martin;2025-07-07;Worker;near;;;Mercado de Fruta
275;238;2021-10-20;1248;Cox, Wright and Price;2023-10-30;Draw;let;;;Mercado de Fruta
433;844;2025-06-07;1733;Ballard-Orozco;2024-02-08;Southern;thus;136.0;of;Mercado de Fruta
430;265;2025-05-29;2409;Guerrero-Hernandez;2024-02-11;Town;play;146.0;amount;Mercado de Fruta
114;244;2020-04-02;3915;Powers, Friedman and Atkinson;2025-12-03;School;write;;;Mercado de Fruta
161;303;2025-10-30;328;Mays-Harmon;2022-10-23;Either;whom;;;Mercado de Flores
86;558;2021-08-18;1219;Frederick, Kelly and Willis;2023-11-24;Suddenly;analysis;;;Mercado de Flores
129;933;2025-03-17;1605;Gonzalez LLC;2025-09-05;Two;miss;30.0;difficult;Mercado de Flores
129;933;2025-03-17;1605;Gonzalez LLC;2025-09-05;Two;miss;191.0;a;Mercado de Flores
85;708;2021-09-14;834;Keller, Dixon and Wilson;2025-04-06;Seek;food;111.0;free;Mercado de Flores
183;296;2024-06-12;934;Velez, Price and Cortez;2022-02-23;Yet;serve;;;Mercado de Legumes
341;269;2023-10-16;2480;Alvarez, Dunn and Browning;2023-04-02;Rock;figure;;;Mercado de Legumes
251;299;2022-04-12;3894;Fernandez Inc;2021-07-16;General;parent;59.0;western;Mercado de Legumes
362;619;2026-01-20;4732;Mccullough-Mckinney;2024-11-08;Decade;generation;94.0;all;Mercado de Fruta
362;619;2026-01-20;4732;Mccullough-Mckinney;2024-11-08;Decade;generation;157.0;environment;Mercado de Fruta
124;566;2022-02-09;2133;Baker Inc;2021-05-29;Something;computer;72.0;language;Mercado de Legumes
423;498;2025-05-19;4392;Goodman-Hayes;2024-12-18;Boy;though;;;Mercado de Flores
212;320;2020-09-09;1183;Mckenzie Ltd;2023-12-02;Common;grow;;;Mercado de Legumes
197;753;2022-06-02;4094;Tate, Wilson and Wilson;2026-02-16;First;last;142.0;pattern;Mercado de Flores
121;751;2025-05-15;2346;Ruiz, Miller and Giles;2023-10-05;If;identify;;;Mercado de Fruta
15;377;2020-05-09;2666;Jackson, Miller and Chang;2024-05-13;Structure;debate;;;Mercado de Legumes
260;590;2023-03-10;2079;Smith, Carter and Blake;2021-07-29;Team;day;;;Mercado de Legumes
198;252;2023-02-21;2890;Bradley PLC;2021-04-20;Despite;establish;;;Mercado de Flores
438;984;2022-12-14;1468;Reed, Vega and Ho;2022-04-05;Foot;forward;42.0;seem;Mercado de Flores
470;613;2022-08-15;1844;Ray, Hall and Graves;2024-05-10;Base;often;;;Mercado de Fruta
311;602;2021-10-05;3948;Johnson-Blankenship;2021-09-21;Machine;suffer;46.0;far;Mercado de Legumes
326;601;2025-06-17;1502;Jackson Group;2024-02-03;Item;president;;;Mercado de Fruta
472;930;2021-02-21;1962;Camacho Inc;2022-03-16;Government;old;;;Mercado de Flores
444;817;2024-12-12;2001;Mack-Castillo;2024-04-27;Charge;ball;;;Mercado de Fruta
280;342;2023-01-12;3262;Fitzgerald, Good and Curtis;2021-09-14;May;good;68.0;glass;Mercado de Flores
280;342;2023-01-12;3262;Fitzgerald, Good and Curtis;2021-09-14;May;good;186.0;ball;Mercado de Flores
282;336;2024-07-02;4993;Wilson LLC;2025-01-17;Unit;list;130.0;billion;Mercado de Flores
282;336;2024-07-02;4993;Wilson LLC;2025-01-17;Unit;list;167.0;wonder;Mercado de Flores
241;363;2026-02-08;3859;Bates-Rivera;2022-09-06;Again;large;;;Mercado de Flores
195;781;2020-11-16;3780;Ross-Davidson;2022-08-27;Job;green;;;Mercado de Fruta
51;908;2020-05-01;1043;Mueller-Herrera;2022-08-02;Lawyer;outside;;;Mercado de Legumes
376;552;2022-03-24;698;Miller-Fields;2024-08-18;Choose;natural;;;Mercado de Flores
235;514;2024-03-17;4228;Walker-Garcia;2025-06-30;Head;wife;166.0;suffer;Mercado de Fruta
44;646;2020-11-16;4930;Johnson, Hooper and Norton;2022-03-04;Important;face;;;Mercado de Fruta
486;654;2023-12-22;3685;Stewart Inc;2024-10-25;Everyone;sound;180.0;party;Mercado de Flores
453;275;2024-02-19;2781;Tran PLC;2023-10-18;Course;result;88.0;inside;Mercado de Legumes
71;924;2021-06-05;2033;Krueger, Trujillo and Gonzalez;2022-01-15;Know;something;;;Mercado de Flores
63;886;2024-07-11;2475;Castro, Sherman and Flores;2025-12-01;Compare;student;;;Mercado de Fruta
371;145;2022-09-12;1125;Wells, Jenkins and Martin;2025-08-30;Deal;all;;;Mercado de Fruta
333;867;2022-06-25;1269;Robinson, Riddle and Reese;2024-10-16;Culture;turn;;;Mercado de Flores
270;233;2021-10-27;904;Knight-Alexander;2023-05-25;Evidence;four;175.0;practice;Mercado de Legumes
394;982;2025-08-17;4417;Mcgee-Ramirez;2024-11-29;Their;ever;;;Mercado de Fruta
124;72;2022-10-07;533;Baker Inc;2021-05-29;Eat;accept;72.0;language;Mercado de Flores
307;664;2024-12-29;4629;Cooper-Gates;2022-08-19;Seat;according;;;Mercado de Fruta
19;346;2025-07-08;2794;Taylor Group;2023-12-11;Wrong;task;;;Mercado de Fruta
287;805;2022-12-08;101;Bailey, Bush and Hernandez;2024-12-15;Six;entire;148.0;room;Mercado de Fruta
117;960;2020-10-31;531;Avila, Duke and Medina;2024-04-05;Seem;west;184.0;specific;Mercado de Flores
3;825;2021-01-02;540;Cruz, Hurley and Graham;2024-07-17;Central;magazine;;;Mercado de Flores
252;548;2020-09-18;3441;Mitchell, Phillips and Marshall;2024-10-27;Drug;last;105.0;partner;Mercado de Legumes
169;645;2025-04-29;2176;Hall Inc;2025-03-03;Turn;herself;;;Mercado de Flores
99;765;2022-02-13;3998;Stokes, Taylor and Wallace;2023-11-03;Nor;can;147.0;miss;Mercado de Flores
99;765;2022-02-13;3998;Stokes, Taylor and Wallace;2023-11-03;Nor;can;168.0;party;Mercado de Flores
470;928;2024-08-07;4933;Ray, Hall and Graves;2024-05-10;These;reveal;;;Mercado de Fruta
390;759;2020-01-04;2723;Lawrence, Gardner and Harris;2023-03-17;Own;recognize;;;Mercado de Flores
192;491;2022-06-12;690;Bowman Ltd;2023-10-30;Point;place;;;Mercado de Legumes
295;277;2024-04-04;1735;Sandoval, Castillo and Golden;2025-02-04;For;relationship;;;Mercado de Fruta
330;983;2024-01-29;3975;Robinson LLC;2022-07-27;Realize;doctor;;;Mercado de Legumes
485;825;2021-09-13;2498;Allen and Sons;2023-06-18;Central;magazine;;;Mercado de Flores
377;126;2023-12-29;2186;Humphrey-Hancock;2023-12-16;Player;though;;;Mercado de Flores
194;436;2020-08-14;286;Bowen and Sons;2022-07-29;Today;impact;;;Mercado de Fruta
193;4;2022-04-03;4011;Cunningham, Mcpherson and Jones;2025-05-23;Sound;myself;;;Mercado de Fruta
26;514;2023-12-12;2862;Barron, Dodson and Baker;2024-07-08;Head;wife;;;Mercado de Fruta
208;824;2024-09-20;279;Nunez-Lopez;2025-09-23;Teach;campaign;;;Mercado de Legumes
407;392;2022-05-27;1097;Ford, Spencer and Copeland;2021-10-25;Democrat;everyone;;;Mercado de Legumes
201;213;2023-11-17;2738;Swanson Group;2022-06-11;Despite;environment;195.0;state;Mercado de Flores
383;127;2022-04-22;4913;Price-Pearson;2022-09-23;Store;her;;;Mercado de Fruta
247;941;2024-10-14;645;Rivera Group;2021-12-30;Picture;lay;197.0;possible;Mercado de Legumes
269;380;2025-09-13;3919;Garcia, Velasquez and James;2024-10-15;Character;forward;;;Mercado de Legumes
420;190;2023-09-17;1231;Brooks Ltd;2021-05-23;Ago;pass;;;Mercado de Fruta
458;366;2023-04-14;1995;Long, Walker and Allison;2025-03-29;Above;manage;;;Mercado de Flores
137;299;2025-09-15;4885;Gray, Kim and Doyle;2023-09-10;General;parent;;;Mercado de Legumes
383;581;2024-10-02;2617;Price-Pearson;2022-09-23;Similar;small;;;Mercado de Legumes
186;284;2021-04-14;4001;Glass LLC;2021-02-27;Box;level;;;Mercado de Legumes
61;295;2023-12-31;4235;Stewart, Hopkins and Williams;2021-12-31;Subject;order;;;Mercado de Fruta
96;316;2022-05-30;2552;Sosa, Newton and Anderson;2022-05-18;Where;so;;;Mercado de Fruta
21;633;2022-01-19;2786;Williams, Martinez and Gentry;2021-03-07;Action;its;;;Mercado de Flores
334;585;2022-01-11;1977;Hernandez-Mason;2024-04-05;Top;middle;140.0;ok;Mercado de Flores
437;191;2023-10-17;1478;Chan Ltd;2026-01-15;Before;middle;;;Mercado de Legumes
330;767;2021-05-04;587;Robinson LLC;2022-07-27;Source;keep;;;Mercado de Legumes
278;389;2022-11-15;4110;Morrow-Compton;2025-06-19;Town;tend;90.0;star;Mercado de Legumes
96;36;2020-06-05;1559;Sosa, Newton and Anderson;2022-05-18;Identify;movie;;;Mercado de Flores
249;371;2023-04-29;260;Dunlap, Cabrera and Thompson;2021-04-23;Price;material;;;Mercado de Legumes
312;955;2024-03-26;4891;Roberts, Sanchez and Cook;2021-10-18;True;house;;;Mercado de Fruta
280;975;2022-02-17;932;Fitzgerald, Good and Curtis;2021-09-14;Future;hear;68.0;glass;Mercado de Flores
280;975;2022-02-17;932;Fitzgerald, Good and Curtis;2021-09-14;Future;hear;186.0;ball;Mercado de Flores
104;65;2020-05-13;4381;Mosley, Petty and Davis;2026-01-02;Unit;day;;;Mercado de Legumes
346;457;2022-09-08;3405;Paul, Stewart and Pierce;2024-08-13;Either;late;44.0;house;Mercado de Fruta
14;386;2025-09-21;2940;Harrison-Moore;2024-09-28;Must;usually;;;Mercado de Legumes
401;986;2020-04-30;3511;Bell, Nelson and Walker;2026-01-20;Need;player;;;Mercado de Legumes
168;976;2021-09-14;1531;Martinez and Sons;2023-10-25;Network;almost;4.0;along;Mercado de Fruta
283;352;2020-12-22;4960;Nguyen-Patterson;2023-01-09;Before;minute;;;Mercado de Fruta
424;794;2022-09-25;4607;Lopez-Palmer;2024-08-05;Institution;glass;;;Mercado de Legumes
470;213;2023-03-13;4560;Ray, Hall and Graves;2024-05-10;Despite;environment;;;Mercado de Flores
19;542;2021-06-04;2980;Taylor Group;2023-12-11;School;itself;;;Mercado de Legumes
310;663;2025-04-12;1555;Turner, Bowman and Williams;2021-08-06;Financial;charge;;;Mercado de Flores
297;690;2023-03-17;3172;Martin-Stuart;2023-04-09;Modern;strategy;;;Mercado de Flores
73;268;2021-10-10;1458;Adams, Lamb and Ellis;2022-05-26;Them;often;;;Mercado de Fruta
354;153;2024-10-29;4284;Martinez, Sanchez and Smith;2023-08-21;Look;at;;;Mercado de Flores
477;602;2021-02-11;3737;Jenkins-Butler;2023-02-09;Machine;suffer;;;Mercado de Legumes
305;481;2025-07-31;747;Johnson-Hunter;2023-04-03;Wish;writer;;;Mercado de Fruta
312;287;2021-04-11;684;Roberts, Sanchez and Cook;2021-10-18;Find;discussion;;;Mercado de Legumes
111;166;2022-11-30;2472;Huff-Garcia;2024-06-20;Give;certainly;;;Mercado de Fruta
179;747;2021-10-08;3654;Bowman, Boyer and Smith;2025-03-16;Respond;night;;;Mercado de Flores
116;830;2022-03-28;312;Williams, Anderson and Lopez;2025-02-13;Customer;cut;28.0;difference;Mercado de Legumes
415;490;2023-12-13;451;Anderson, Yoder and Taylor;2021-08-26;Bar;former;60.0;thing;Mercado de Fruta
468;211;2026-02-03;3999;Crawford, Barnes and Aguilar;2021-04-19;Across;prove;;;Mercado de Fruta
130;916;2022-04-30;2863;Chase PLC;2024-06-12;Anyone;reduce;;;Mercado de Fruta
385;219;2020-11-27;3678;Gonzalez Group;2024-02-14;Speak;some;;;Mercado de Flores
111;802;2023-06-10;2808;Huff-Garcia;2024-06-20;Institution;among;;;Mercado de Fruta
400;648;2020-11-25;1340;Davis Group;2024-10-27;Book;score;13.0;coach;Mercado de Flores
99;487;2023-09-10;621;Stokes, Taylor and Wallace;2023-11-03;Court;address;147.0;miss;Mercado de Fruta
99;487;2023-09-10;621;Stokes, Taylor and Wallace;2023-11-03;Court;address;168.0;party;Mercado de Fruta
252;846;2024-09-13;2532;Mitchell, Phillips and Marshall;2024-10-27;Wind;training;105.0;partner;Mercado de Flores
152;172;2024-11-15;4041;Schultz-Glass;2023-06-16;Early;pretty;118.0;western;Mercado de Fruta
410;475;2025-02-01;4311;Clark Ltd;2021-04-02;Reality;else;;;Mercado de Fruta
318;147;2020-05-10;4582;Gutierrez, Cisneros and Phillips;2021-07-28;Individual;court;;;Mercado de Flores
74;636;2022-06-20;1666;Campbell Inc;2023-06-06;Second;arrive;;;Mercado de Flores
407;513;2023-02-09;197;Ford, Spencer and Copeland;2021-10-25;Determine;ready;;;Mercado de Flores
311;676;2023-04-05;2644;Johnson-Blankenship;2021-09-21;Red;dog;46.0;far;Mercado de Fruta
221;271;2021-04-22;4303;Gardner Group;2024-11-05;Chair;near;41.0;big;Mercado de Fruta
209;30;2025-05-24;252;Savage, Tran and Atkins;2021-10-19;Maybe;system;;;Mercado de Flores
375;768;2024-07-23;4870;Dixon-Williams;2021-07-20;Drive;audience;;;Mercado de Flores
267;289;2024-11-18;2970;Wagner Inc;2022-03-29;Get;six;;;Mercado de Fruta
468;14;2020-05-24;1713;Crawford, Barnes and Aguilar;2021-04-19;Image;leg;;;Mercado de Legumes
56;898;2021-01-25;4496;Wheeler-Blackburn;2025-06-13;Million;role;1.0;move;Mercado de Fruta
56;898;2021-01-25;4496;Wheeler-Blackburn;2025-06-13;Million;role;132.0;sort;Mercado de Fruta
32;978;2021-02-11;4463;Arnold, Hernandez and Hines;2022-10-16;Western;artist;51.0;sense;Mercado de Flores
350;805;2024-11-22;2344;Medina-Johnson;2023-03-01;Six;entire;;;Mercado de Fruta
482;785;2025-07-24;1152;Stout Inc;2023-05-30;Four;his;;;Mercado de Legumes
377;411;2025-01-26;3774;Humphrey-Hancock;2023-12-16;Establish;author;;;Mercado de Flores
469;272;2022-08-05;4607;Hall Ltd;2024-01-09;Himself;finally;173.0;seem;Mercado de Legumes
143;771;2020-10-19;4768;Flores and Sons;2024-12-02;Stuff;mother;;;Mercado de Flores
76;568;2025-08-03;3060;Sparks Ltd;2022-05-22;Wonder;bag;;;Mercado de Fruta
215;876;2022-07-30;3971;Jimenez-Gates;2022-10-05;End;table;;;Mercado de Flores
292;945;2024-04-12;1714;Johnson-Garcia;2022-04-20;Peace;student;;;Mercado de Flores
460;926;2026-01-10;3871;Davenport-Cook;2021-03-09;Enter;government;;;Mercado de Legumes
378;665;2020-03-26;3049;Clark, Sloan and Maldonado;2024-06-22;Night;experience;;;Mercado de Legumes
133;361;2024-10-19;4855;Bullock Ltd;2022-03-23;Growth;pull;71.0;side;Mercado de Fruta
305;841;2021-07-25;2804;Johnson-Hunter;2023-04-03;Relationship;site;;;Mercado de Fruta
477;991;2023-02-25;4849;Jenkins-Butler;2023-02-09;Meeting;trial;;;Mercado de Fruta
393;641;2020-06-13;4316;Carson and Sons;2021-11-06;Point;yourself;;;Mercado de Legumes
500;456;2022-08-19;2456;Johnson-Anderson;2024-01-02;Kitchen;cultural;;;Mercado de Flores
154;920;2025-05-09;4252;Coffey, Hodges and Tanner;2024-09-16;Kid;son;179.0;democratic;Mercado de Legumes
154;920;2025-05-09;4252;Coffey, Hodges and Tanner;2024-09-16;Kid;son;189.0;kind;Mercado de Legumes
133;403;2023-06-14;4778;Bullock Ltd;2022-03-23;Choose;beat;71.0;side;Mercado de Fruta
376;129;2024-08-18;1402;Miller-Fields;2024-08-18;Way;but;;;Mercado de Flores
342;894;2023-01-10;106;Hernandez-King;2022-04-10;Camera;field;;;Mercado de Flores
88;586;2020-01-25;3290;Brewer Ltd;2023-01-19;Fact;receive;;;Mercado de Fruta
187;913;2025-05-26;4150;Hanson, White and Jackson;2024-06-25;Bed;remember;;;Mercado de Fruta
33;261;2024-12-16;2352;Sims, Meza and Haynes;2021-09-04;Report;matter;;;Mercado de Flores
99;447;2021-11-29;1888;Stokes, Taylor and Wallace;2023-11-03;Front;population;147.0;miss;Mercado de Flores
99;447;2021-11-29;1888;Stokes, Taylor and Wallace;2023-11-03;Front;population;168.0;party;Mercado de Flores
91;297;2022-12-11;3191;Lee-Osborne;2023-03-17;Ball;senior;;;Mercado de Flores
30;521;2024-11-07;2056;Vargas, Santiago and Mcdonald;2024-10-25;Carry;several;;;Mercado de Legumes
310;162;2024-03-10;3145;Turner, Bowman and Williams;2021-08-06;Enjoy;per;;;Mercado de Flores
69;462;2021-10-12;2087;Goodman-Kirby;2022-12-31;Daughter;compare;67.0;hair;Mercado de Flores
81;254;2025-10-02;2945;Norton, Mccoy and Torres;2021-07-03;They;pay;;;Mercado de Legumes
232;408;2020-08-01;3811;Stephenson Group;2025-12-12;Agree;represent;;;Mercado de Flores
432;872;2025-07-18;1682;Wright Group;2021-03-18;Lot;kitchen;;;Mercado de Legumes
409;318;2022-10-05;2936;Long Ltd;2024-03-21;Expect;actually;;;Mercado de Flores
481;247;2025-11-21;456;Green, Price and Lucas;2024-01-29;Nice;although;;;Mercado de Fruta
405;126;2021-09-13;1408;Valenzuela-Meyer;2024-09-09;Player;though;;;Mercado de Flores
462;604;2023-06-09;4260;Hansen-Lewis;2024-07-07;Small;which;;;Mercado de Fruta
264;159;2024-01-11;2956;Hopkins, Jackson and Ortiz;2025-01-24;Newspaper;herself;;;Mercado de Flores
394;967;2021-08-28;135;Mcgee-Ramirez;2024-11-29;Center;score;;;Mercado de Fruta
398;166;2021-07-21;1763;Williams-Reynolds;2021-07-19;Give;certainly;38.0;ten;Mercado de Fruta
398;166;2021-07-21;1763;Williams-Reynolds;2021-07-19;Give;certainly;200.0;professional;Mercado de Fruta
437;130;2022-12-11;4487;Chan Ltd;2026-01-15;They;really;;;Mercado de Fruta
266;855;2023-01-28;1088;Carney-Gomez;2023-01-17;Matter;marriage;91.0;serious;Mercado de Flores
340;161;2021-10-02;1483;James Inc;2024-10-08;Participant;no;165.0;full;Mercado de Legumes
282;770;2020-12-25;2857;Wilson LLC;2025-01-17;Quite;end;130.0;billion;Mercado de Legumes
282;770;2020-12-25;2857;Wilson LLC;2025-01-17;Quite;end;167.0;wonder;Mercado de Legumes
396;907;2020-02-12;2604;Mclaughlin Inc;2023-12-02;Too;school;;;Mercado de Fruta
497;753;2022-05-06;3400;Bowers-Townsend;2022-08-31;First;last;;;Mercado de Flores
110;494;2021-11-22;1433;Price Inc;2025-10-27;And;suffer;121.0;what;Mercado de Legumes
341;724;2025-12-25;801;Alvarez, Dunn and Browning;2023-04-02;Western;have;;;Mercado de Fruta
25;677;2022-02-22;3146;Scott, Daugherty and Grant;2021-05-04;Report;study;155.0;generation;Mercado de Legumes
41;661;2020-11-29;3518;Stephenson-Lee;2025-10-15;Line;friend;;;Mercado de Fruta
394;326;2022-01-31;3974;Mcgee-Ramirez;2024-11-29;Sit;remain;;;Mercado de Legumes
280;272;2025-04-29;3720;Fitzgerald, Good and Curtis;2021-09-14;Himself;finally;68.0;glass;Mercado de Legumes
280;272;2025-04-29;3720;Fitzgerald, Good and Curtis;2021-09-14;Himself;finally;186.0;ball;Mercado de Legumes
84;785;2024-08-19;3595;Daniels LLC;2023-11-15;Four;his;;;Mercado de Legumes
151;478;2022-05-27;4814;Duncan PLC;2023-08-10;Able;through;;;Mercado de Fruta
130;66;2020-12-16;2828;Chase PLC;2024-06-12;Community;majority;;;Mercado de Flores
95;416;2023-09-10;1394;Woods and Sons;2022-04-09;Be;stay;32.0;follow;Mercado de Legumes
188;623;2024-12-10;1067;Davis, Cortez and Young;2022-03-06;Art;from;133.0;assume;Mercado de Legumes
188;623;2024-12-10;1067;Davis, Cortez and Young;2022-03-06;Art;from;135.0;support;Mercado de Legumes
405;725;2024-05-15;4424;Valenzuela-Meyer;2024-09-09;Since;reduce;;;Mercado de Legumes
452;822;2020-12-16;1477;Sims LLC;2025-12-16;Medical;scene;;;Mercado de Flores
29;390;2025-11-25;3614;Mills Group;2024-12-01;Meeting;language;37.0;sister;Mercado de Flores
29;390;2025-11-25;3614;Mills Group;2024-12-01;Meeting;language;174.0;might;Mercado de Flores
356;944;2020-02-06;1973;Cook, Boyer and Cox;2024-02-10;Stay;detail;;;Mercado de Legumes
322;531;2020-12-21;3343;Elliott Group;2024-07-27;Clear;cost;;;Mercado de Flores
342;479;2022-04-16;1525;Hernandez-King;2022-04-10;Floor;organization;;;Mercado de Legumes
274;421;2024-02-08;107;Sosa Group;2026-01-19;Director;fine;;;Mercado de Fruta
369;143;2023-02-07;296;Frank-Glover;2023-12-24;Film;could;;;Mercado de Legumes
286;584;2022-09-07;4803;James PLC;2024-11-09;Consumer;half;;;Mercado de Legumes
22;12;2024-09-19;1624;Hernandez, Cain and Dalton;2021-04-23;Not;Congress;158.0;outside;Mercado de Flores
331;357;2022-05-14;3287;Lawrence Inc;2023-06-02;One;his;149.0;service;Mercado de Flores
399;776;2024-08-25;1406;Scott Group;2021-11-11;Long;yard;84.0;page;Mercado de Legumes
231;298;2023-06-15;3355;Griffin PLC;2021-03-20;Still;simple;;;Mercado de Fruta
385;594;2021-11-25;1774;Gonzalez Group;2024-02-14;Sure;fight;;;Mercado de Flores
418;416;2021-12-03;3750;Shelton Ltd;2022-01-04;Be;stay;;;Mercado de Legumes
243;712;2023-08-02;3984;Jensen, Flores and Barnes;2021-07-05;Industry;purpose;;;Mercado de Fruta
157;506;2021-08-22;313;West Group;2021-06-12;Game;forward;;;Mercado de Legumes
170;678;2021-12-23;2396;Collins-Campos;2025-06-15;To;contain;;;Mercado de Flores
48;866;2024-02-08;4889;Munoz Ltd;2021-03-17;Base;compare;;;Mercado de Legumes
391;247;2022-09-03;1146;Travis PLC;2023-06-04;Nice;although;;;Mercado de Fruta
275;511;2023-03-18;3177;Cox, Wright and Price;2023-10-30;Huge;partner;;;Mercado de Fruta
36;392;2024-12-29;4972;Williams Inc;2025-02-07;Democrat;everyone;152.0;increase;Mercado de Legumes
439;351;2022-10-19;4761;Lopez, Jimenez and Miller;2024-03-06;Enough;character;;;Mercado de Flores
224;333;2024-03-30;4783;Coleman-Green;2021-04-06;To;watch;137.0;mission;Mercado de Flores
445;552;2025-10-01;1843;Rodriguez LLC;2023-11-14;Choose;natural;;;Mercado de Flores
255;551;2025-02-17;1763;Rodriguez Inc;2021-07-28;Now;help;;;Mercado de Legumes
96;752;2025-04-15;4075;Sosa, Newton and Anderson;2022-05-18;Job;strong;;;Mercado de Legumes
191;199;2020-07-06;2668;Cross, Skinner and Hart;2022-12-01;Before;around;;;Mercado de Fruta
379;890;2024-10-31;2384;Ross, Ray and Bean;2023-09-04;Expect;thousand;22.0;join;Mercado de Legumes
205;62;2025-07-13;217;Turner-Cook;2023-12-03;Present;girl;;;Mercado de Legumes
225;844;2023-02-23;558;Bradley-Phillips;2021-10-31;Southern;thus;;;Mercado de Fruta
38;137;2020-06-07;4272;Moore LLC;2022-08-15;Modern;people;;;Mercado de Legumes
134;480;2025-06-14;699;Riddle-Jones;2023-07-15;Actually;various;;;Mercado de Flores
219;84;2023-01-29;3334;Adams-Ferguson;2024-08-20;Decade;compare;151.0;event;Mercado de Flores
351;606;2025-06-05;2600;Curtis Inc;2024-10-01;More;society;101.0;both;Mercado de Flores
295;680;2025-04-12;3957;Sandoval, Castillo and Golden;2025-02-04;Score;tell;;;Mercado de Legumes
101;722;2021-01-02;4298;Dominguez, Fry and Hill;2021-08-11;Executive;training;;;Mercado de Legumes
233;350;2022-12-06;486;Hernandez-Hart;2021-08-13;Mission;sing;177.0;media;Mercado de Legumes
307;343;2024-06-10;2587;Cooper-Gates;2022-08-19;Camera;theory;;;Mercado de Fruta
80;405;2023-07-27;3158;Boyd, Johnson and Miller;2024-08-15;Structure;wide;10.0;exactly;Mercado de Flores
80;405;2023-07-27;3158;Boyd, Johnson and Miller;2024-08-15;Structure;wide;96.0;parent;Mercado de Flores
134;427;2022-07-09;1127;Riddle-Jones;2023-07-15;Task;education;;;Mercado de Fruta
399;892;2022-10-17;669;Scott Group;2021-11-11;Kitchen;against;84.0;page;Mercado de Fruta
223;478;2021-09-05;1322;Wilcox, Johnson and Dunlap;2025-04-12;Able;through;17.0;character;Mercado de Fruta
86;747;2026-01-13;152;Frederick, Kelly and Willis;2023-11-24;Respond;night;;;Mercado de Flores
328;823;2024-07-26;3912;Lee, Figueroa and Silva;2023-01-06;Music;certainly;;;Mercado de Fruta
180;586;2022-03-24;3933;Tran-Huynh;2021-10-01;Fact;receive;3.0;teach;Mercado de Fruta
132;682;2023-10-19;789;Branch and Sons;2021-12-10;Wrong;organization;69.0;exist;Mercado de Fruta
347;788;2020-03-01;409;Becker, Flynn and Silva;2023-12-04;Brother;meet;;;Mercado de Legumes
78;877;2021-04-29;2258;Douglas and Sons;2025-06-07;Quickly;late;;;Mercado de Fruta
449;487;2025-11-08;1244;Price-Mckay;2023-01-29;Court;address;;;Mercado de Fruta
111;390;2021-09-21;4931;Huff-Garcia;2024-06-20;Meeting;language;;;Mercado de Flores
355;118;2026-01-27;470;Snyder-Kane;2024-09-28;Determine;recognize;;;Mercado de Fruta
395;477;2021-11-11;1459;Santana-Ray;2022-09-09;Pay;sport;;;Mercado de Flores
337;234;2022-07-06;3077;Jackson Ltd;2022-01-03;Edge;woman;14.0;fight;Mercado de Flores
490;853;2023-12-02;2982;Pruitt-Young;2021-04-13;Light;politics;;;Mercado de Fruta
253;88;2020-03-24;929;Kelley Ltd;2023-12-20;Floor;reach;;;Mercado de Fruta
146;664;2023-10-28;4559;Christian, Lee and Stewart;2024-07-08;Seat;according;126.0;enter;Mercado de Fruta
456;288;2025-08-29;2186;Price, Franklin and Duarte;2025-01-08;There;ask;;;Mercado de Flores
338;411;2021-10-29;814;Brown Ltd;2025-02-19;Establish;author;;;Mercado de Flores
322;387;2023-05-16;4818;Elliott Group;2024-07-27;Sing;smile;;;Mercado de Flores
45;658;2025-10-13;1212;Carney-Walker;2023-06-05;Able;last;;;Mercado de Fruta
38;65;2020-09-14;2025;Moore LLC;2022-08-15;Unit;day;;;Mercado de Legumes
463;749;2020-06-26;849;Sullivan-Hernandez;2021-08-01;Practice;worker;;;Mercado de Legumes
26;969;2025-04-18;852;Barron, Dodson and Baker;2024-07-08;Hundred;resource;;;Mercado de Flores
39;114;2023-08-18;1887;Yu-Ramirez;2025-09-02;Plant;much;21.0;party;Mercado de Flores
459;471;2022-10-22;2996;Holland, Evans and Myers;2023-04-18;Effect;force;25.0;large;Mercado de Flores
97;20;2022-09-19;1435;Munoz-Lawson;2024-07-29;Increase;field;20.0;stay;Mercado de Legumes
97;20;2022-09-19;1435;Munoz-Lawson;2024-07-29;Increase;field;23.0;total;Mercado de Legumes
97;20;2022-09-19;1435;Munoz-Lawson;2024-07-29;Increase;field;26.0;identify;Mercado de Legumes
97;20;2022-09-19;1435;Munoz-Lawson;2024-07-29;Increase;field;150.0;join;Mercado de Legumes
97;20;2022-09-19;1435;Munoz-Lawson;2024-07-29;Increase;field;181.0;grow;Mercado de Legumes
188;911;2021-09-01;4437;Davis, Cortez and Young;2022-03-06;Form;any;133.0;assume;Mercado de Legumes
188;911;2021-09-01;4437;Davis, Cortez and Young;2022-03-06;Form;any;135.0;support;Mercado de Legumes
181;928;2022-02-23;2236;Jackson, Munoz and Guzman;2025-04-01;These;reveal;;;Mercado de Fruta
315;853;2025-09-06;3077;Garcia, Campbell and Powell;2023-02-17;Light;politics;;;Mercado de Fruta
369;972;2023-07-08;4748;Frank-Glover;2023-12-24;Necessary;member;;;Mercado de Flores
162;968;2023-09-19;2749;Jacobs-Watson;2025-05-15;Responsibility;read;;;Mercado de Legumes
231;242;2020-04-09;4619;Griffin PLC;2021-03-20;Again;eight;;;Mercado de Legumes
158;136;2020-02-04;4364;Moon Group;2024-08-28;Turn;example;;;Mercado de Fruta
312;26;2025-04-17;2757;Roberts, Sanchez and Cook;2021-10-18;Available;yard;;;Mercado de Legumes
454;45;2024-12-30;4619;Gonzales-Gonzales;2022-11-22;Still;whose;;;Mercado de Flores
348;116;2024-08-21;1077;Lyons-Mccoy;2021-09-26;Heart;whose;76.0;involve;Mercado de Legumes
28;376;2022-08-28;213;Hancock, Walker and Miller;2022-11-08;Myself;accept;;;Mercado de Fruta
24;458;2023-07-08;4492;Yates Ltd;2021-10-02;Eat;list;64.0;away;Mercado de Legumes
403;262;2020-03-03;3740;Reynolds PLC;2023-07-11;Recognize;whom;70.0;score;Mercado de Fruta
83;335;2022-02-02;837;Graham LLC;2022-11-25;Girl;serious;154.0;tree;Mercado de Legumes
261;527;2021-09-22;661;Long-Ellis;2022-07-28;Money;experience;55.0;between;Mercado de Legumes
195;913;2021-07-05;2263;Ross-Davidson;2022-08-27;Bed;remember;;;Mercado de Fruta
124;313;2024-01-21;1689;Baker Inc;2021-05-29;Three;firm;72.0;language;Mercado de Fruta
492;270;2025-10-04;2502;Lyons, Gomez and Oconnor;2021-04-27;Article;political;;;Mercado de Flores
181;763;2023-05-26;4561;Jackson, Munoz and Guzman;2025-04-01;Front;former;;;Mercado de Fruta
209;26;2021-12-06;1517;Savage, Tran and Atkins;2021-10-19;Available;yard;;;Mercado de Legumes
148;99;2021-02-17;1342;Hicks, Smith and Watson;2026-01-22;Dream;inside;18.0;turn;Mercado de Flores
408;809;2024-02-04;620;Wright-Jones;2022-01-26;Maybe;thousand;;;Mercado de Legumes
476;881;2021-03-04;203;Johnson-Curtis;2021-06-10;Wear;table;36.0;dream;Mercado de Legumes
68;317;2025-12-21;3184;Howard-Olson;2023-03-02;President;responsibility;;;Mercado de Legumes
464;818;2024-11-21;1155;Morris Ltd;2021-10-01;Now;he;;;Mercado de Legumes
96;155;2024-04-05;1699;Sosa, Newton and Anderson;2022-05-18;Question;future;;;Mercado de Legumes
404;461;2021-01-10;3533;Jordan, Kim and Bowman;2024-02-28;Director;war;;;Mercado de Legumes
341;374;2026-02-09;1026;Alvarez, Dunn and Browning;2023-04-02;Establish;here;;;Mercado de Legumes
175;851;2026-01-08;523;Alvarado, Cobb and Dillon;2023-09-19;Third;book;85.0;over;Mercado de Legumes
153;193;2023-09-01;483;Wilson, Spears and Mitchell;2025-04-21;Born;across;79.0;image;Mercado de Fruta
411;963;2024-09-10;2286;Howard-Gomez;2021-12-18;End;order;62.0;care;Mercado de Flores
202;762;2025-09-14;2399;Thomas-Sanders;2025-02-12;Republican;audience;;;Mercado de Flores
259;280;2021-09-06;1349;Pham, Farmer and Marsh;2021-04-12;Stock;civil;50.0;have;Mercado de Fruta
226;25;2023-07-17;1463;Diaz, Hunt and Jackson;2022-02-06;The;magazine;29.0;ever;Mercado de Fruta
226;25;2023-07-17;1463;Diaz, Hunt and Jackson;2022-02-06;The;magazine;78.0;sit;Mercado de Fruta
226;25;2023-07-17;1463;Diaz, Hunt and Jackson;2022-02-06;The;magazine;89.0;member;Mercado de Fruta
111;475;2022-06-12;4279;Huff-Garcia;2024-06-20;Reality;else;;;Mercado de Fruta
470;482;2026-02-04;619;Ray, Hall and Graves;2024-05-10;Manager;behavior;;;Mercado de Legumes
442;86;2021-03-13;283;Savage Ltd;2025-04-01;Most;dog;;;Mercado de Legumes
493;68;2022-04-28;4243;Blake Group;2025-03-31;Article;they;110.0;truth;Mercado de Legumes
214;307;2024-09-27;3504;Weaver LLC;2023-05-04;Traditional;appear;;;Mercado de Fruta
44;814;2024-12-08;945;Johnson, Hooper and Norton;2022-03-04;Natural;foot;;;Mercado de Fruta
25;258;2023-02-10;3658;Scott, Daugherty and Grant;2021-05-04;Amount;lawyer;155.0;generation;Mercado de Flores
135;307;2020-03-11;2758;Williams-Smith;2021-11-26;Traditional;appear;;;Mercado de Fruta
306;329;2022-09-21;2153;Jenkins LLC;2022-02-24;Without;piece;;;Mercado de Legumes
32;471;2025-12-30;4421;Arnold, Hernandez and Hines;2022-10-16;Effect;force;51.0;sense;Mercado de Flores
294;531;2025-06-07;618;Jones, Leon and Edwards;2024-02-02;Clear;cost;98.0;human;Mercado de Flores
7;199;2021-11-26;2751;Davis, Armstrong and Brown;2023-02-05;Before;around;;;Mercado de Fruta
30;488;2025-10-13;910;Vargas, Santiago and Mcdonald;2024-10-25;Despite;exactly;;;Mercado de Legumes
81;732;2021-02-21;1973;Norton, Mccoy and Torres;2021-07-03;Test;type;;;Mercado de Flores
243;266;2020-10-24;1282;Jensen, Flores and Barnes;2021-07-05;Speak;fill;;;Mercado de Legumes
450;82;2025-04-24;4371;Calderon, May and Davis;2023-01-09;Drive;military;171.0;wait;Mercado de Fruta
452;296;2025-01-23;3943;Sims LLC;2025-12-16;Yet;serve;;;Mercado de Legumes
52;386;2025-08-06;4433;Hess PLC;2022-07-05;Must;usually;112.0;that;Mercado de Legumes
356;628;2025-08-05;1707;Cook, Boyer and Cox;2024-02-10;More;not;;;Mercado de Fruta
244;44;2026-01-02;856;Perez Ltd;2024-11-05;Ready;level;;;Mercado de Legumes
67;463;2025-08-30;1511;Jones, Wolf and Smith;2022-08-07;Class;face;;;Mercado de Fruta
323;963;2023-03-17;337;Cummings and Sons;2022-10-22;End;order;;;Mercado de Flores
14;159;2020-07-10;1343;Harrison-Moore;2024-09-28;Newspaper;herself;;;Mercado de Flores
43;200;2024-01-16;2310;Hubbard-Morgan;2026-01-13;Image;those;120.0;once;Mercado de Legumes
436;594;2024-03-22;4726;Henry, Krueger and Freeman;2021-09-19;Sure;fight;;;Mercado de Flores
119;215;2025-12-21;1730;Shelton, Odonnell and Williams;2022-11-17;Whom;wear;;;Mercado de Legumes
43;236;2020-04-14;2213;Hubbard-Morgan;2026-01-13;Cultural;control;120.0;once;Mercado de Legumes
105;562;2022-03-21;548;Mccall and Sons;2022-01-20;Laugh;impact;5.0;meet;Mercado de Fruta
105;562;2022-03-21;548;Mccall and Sons;2022-01-20;Laugh;impact;187.0;coach;Mercado de Fruta
418;644;2024-11-30;1999;Shelton Ltd;2022-01-04;Draw;remember;;;Mercado de Legumes
221;759;2025-04-19;2080;Gardner Group;2024-11-05;Own;recognize;41.0;big;Mercado de Flores
31;786;2022-12-04;2945;Ball-Phillips;2025-10-21;Season;base;;;Mercado de Flores
331;181;2024-12-10;2171;Lawrence Inc;2023-06-02;She;our;149.0;service;Mercado de Fruta
142;391;2022-03-18;4900;Guzman Inc;2024-04-08;Every;hospital;2.0;beyond;Mercado de Fruta
146;537;2021-05-29;484;Christian, Lee and Stewart;2024-07-08;Skin;you;126.0;enter;Mercado de Flores
51;752;2021-05-12;1381;Mueller-Herrera;2022-08-02;Job;strong;;;Mercado de Legumes
403;720;2024-05-29;4464;Reynolds PLC;2023-07-11;Actually;garden;70.0;score;Mercado de Flores
377;545;2020-04-20;1467;Humphrey-Hancock;2023-12-16;Provide;tree;;;Mercado de Legumes
313;830;2025-05-19;189;Stout-Rodgers;2022-09-19;Customer;cut;92.0;why;Mercado de Legumes
267;789;2026-01-23;1044;Wagner Inc;2022-03-29;Her;fear;;;Mercado de Flores
75;360;2024-08-13;2926;Conley LLC;2025-11-10;Television;base;;;Mercado de Flores
399;870;2023-05-28;2628;Scott Group;2021-11-11;Open;perhaps;84.0;page;Mercado de Flores
269;539;2024-04-12;3337;Garcia, Velasquez and James;2024-10-15;Whom;what;;;Mercado de Legumes
113;464;2026-02-15;4778;Beasley and Sons;2022-12-28;Put;idea;;;Mercado de Legumes
404;716;2020-08-21;3580;Jordan, Kim and Bowman;2024-02-28;Gas;enough;;;Mercado de Legumes
155;94;2025-11-11;317;Harris-Travis;2023-09-23;Difficult;set;;;Mercado de Fruta
444;968;2023-01-26;4989;Mack-Castillo;2024-04-27;Responsibility;read;;;Mercado de Legumes
114;118;2020-02-28;3261;Powers, Friedman and Atkinson;2025-12-03;Determine;recognize;;;Mercado de Fruta
213;92;2025-10-10;1814;Gonzalez-George;2021-03-23;System;dark;11.0;off;Mercado de Legumes
189;624;2023-03-04;2582;Clark LLC;2025-06-23;Arm;establish;;;Mercado de Flores
486;865;2024-02-26;1869;Stewart Inc;2024-10-25;Reveal;human;180.0;party;Mercado de Fruta
321;408;2022-05-09;379;Frost-Wolfe;2023-12-28;Agree;represent;;;Mercado de Flores
450;372;2024-07-12;3392;Calderon, May and Davis;2023-01-09;Now;fear;171.0;wait;Mercado de Flores
158;385;2022-06-15;1986;Moon Group;2024-08-28;Position;turn;;;Mercado de Fruta
310;496;2021-04-08;2080;Turner, Bowman and Williams;2021-08-06;Would;source;;;Mercado de Fruta
78;234;2024-01-02;4716;Douglas and Sons;2025-06-07;Edge;woman;;;Mercado de Flores
406;869;2024-05-05;2442;Rodriguez-Spencer;2022-05-20;Who;glass;;;Mercado de Legumes
32;412;2022-11-11;3231;Arnold, Hernandez and Hines;2022-10-16;Player;soon;51.0;sense;Mercado de Fruta
145;140;2023-02-13;3349;Weaver Ltd;2021-10-16;Nothing;apply;;;Mercado de Legumes
27;720;2020-01-16;789;Mosley-Kim;2023-04-06;Actually;garden;;;Mercado de Flores
144;166;2020-03-27;649;Mercado-Thomas;2024-04-11;Give;certainly;103.0;need;Mercado de Fruta
153;679;2020-06-29;2697;Wilson, Spears and Mitchell;2025-04-21;Also;husband;79.0;image;Mercado de Fruta
121;765;2024-12-03;2560;Ruiz, Miller and Giles;2023-10-05;Nor;can;;;Mercado de Flores
114;357;2025-02-15;3807;Powers, Friedman and Atkinson;2025-12-03;One;his;;;Mercado de Flores
117;430;2020-10-27;3822;Avila, Duke and Medina;2024-04-05;Piece;our;184.0;specific;Mercado de Fruta
46;456;2023-04-10;4849;Jones-Atkinson;2022-09-28;Kitchen;cultural;;;Mercado de Flores
102;686;2020-02-17;4620;Hood-Potter;2024-06-23;Difference;black;;;Mercado de Legumes
279;874;2023-03-07;4964;Craig, Gordon and Chang;2021-06-08;Win;enjoy;;;Mercado de Fruta
483;720;2022-03-23;2088;Ramirez PLC;2025-10-14;Actually;garden;8.0;throughout;Mercado de Flores
68;736;2025-07-05;3814;Howard-Olson;2023-03-02;Design;author;;;Mercado de Fruta
350;715;2024-06-15;2860;Medina-Johnson;2023-03-01;Dog;wish;;;Mercado de Fruta
469;406;2021-10-14;919;Hall Ltd;2024-01-09;Go;ability;173.0;seem;Mercado de Fruta
86;553;2022-11-07;3731;Frederick, Kelly and Willis;2023-11-24;Pick;member;;;Mercado de Fruta
97;602;2023-06-18;2341;Munoz-Lawson;2024-07-29;Machine;suffer;20.0;stay;Mercado de Legumes
97;602;2023-06-18;2341;Munoz-Lawson;2024-07-29;Machine;suffer;23.0;total;Mercado de Legumes
97;602;2023-06-18;2341;Munoz-Lawson;2024-07-29;Machine;suffer;26.0;identify;Mercado de Legumes
97;602;2023-06-18;2341;Munoz-Lawson;2024-07-29;Machine;suffer;150.0;join;Mercado de Legumes
97;602;2023-06-18;2341;Munoz-Lawson;2024-07-29;Machine;suffer;181.0;grow;Mercado de Legumes
352;71;2023-10-23;4071;Brewer-Willis;2024-10-10;Hundred;rather;;;Mercado de Legumes
232;224;2024-04-27;2009;Stephenson Group;2025-12-12;Rather;source;;;Mercado de Legumes
69;303;2025-11-12;3011;Goodman-Kirby;2022-12-31;Either;whom;67.0;hair;Mercado de Flores
323;43;2024-03-14;3097;Cummings and Sons;2022-10-22;Doctor;wear;;;Mercado de Fruta
114;16;2020-05-01;424;Powers, Friedman and Atkinson;2025-12-03;Reduce;toward;;;Mercado de Fruta
432;263;2023-12-14;4616;Wright Group;2021-03-18;Wrong;image;;;Mercado de Legumes
328;668;2023-04-06;4071;Lee, Figueroa and Silva;2023-01-06;Assume;argue;;;Mercado de Legumes
12;413;2021-02-10;4410;Bradley LLC;2024-08-05;Really;traditional;;;Mercado de Legumes
269;635;2025-01-02;2670;Garcia, Velasquez and James;2024-10-15;He;over;;;Mercado de Legumes
363;291;2021-06-07;365;Adams Group;2023-01-02;Check;wife;27.0;college;Mercado de Flores
363;291;2021-06-07;365;Adams Group;2023-01-02;Check;wife;170.0;clearly;Mercado de Flores
364;891;2024-01-02;342;Boyd-Sexton;2024-06-11;Goal;account;;;Mercado de Flores
386;262;2025-11-06;4008;Hayden-Ellis;2026-01-01;Recognize;whom;;;Mercado de Fruta
172;50;2023-10-31;1182;Grant-Jordan;2024-08-24;Up;foot;;;Mercado de Legumes
343;174;2022-07-07;3337;Stone, Romero and Walton;2022-02-19;Culture;back;;;Mercado de Flores
249;336;2024-05-16;3171;Dunlap, Cabrera and Thompson;2021-04-23;Unit;list;;;Mercado de Flores
479;906;2022-03-13;4018;Reynolds, Christian and Lopez;2021-07-19;Expect;else;;;Mercado de Flores
355;410;2024-03-21;3751;Snyder-Kane;2024-09-28;Control;goal;;;Mercado de Legumes
126;400;2022-11-22;2382;Patterson-Oconnor;2023-06-03;Season;whatever;;;Mercado de Fruta
29;112;2025-03-31;4736;Mills Group;2024-12-01;Happen;human;37.0;sister;Mercado de Fruta
29;112;2025-03-31;4736;Mills Group;2024-12-01;Happen;human;174.0;might;Mercado de Fruta
209;358;2021-11-25;2043;Savage, Tran and Atkins;2021-10-19;Suggest;too;;;Mercado de Fruta
253;944;2020-02-23;3380;Kelley Ltd;2023-12-20;Stay;detail;;;Mercado de Legumes
375;822;2022-03-30;2877;Dixon-Williams;2021-07-20;Medical;scene;;;Mercado de Flores
373;230;2026-01-17;4710;Martinez, Taylor and Howard;2025-04-04;Theory;study;;;Mercado de Legumes
137;718;2023-11-04;2719;Gray, Kim and Doyle;2023-09-10;Eight;gun;;;Mercado de Fruta
53;231;2021-06-22;3755;West-Brewer;2021-11-26;Memory;wide;188.0;both;Mercado de Flores
122;512;2025-11-25;3297;Scott-Bowers;2024-12-19;New;evening;;;Mercado de Legumes
248;438;2021-08-28;2141;Reese, Flores and Wright;2025-04-24;Attack;have;;;Mercado de Flores
371;442;2020-11-11;1303;Wells, Jenkins and Martin;2025-08-30;Public;require;;;Mercado de Fruta
41;594;2020-08-12;2841;Stephenson-Lee;2025-10-15;Sure;fight;;;Mercado de Flores
349;321;2021-09-30;4175;Wise-Perry;2021-04-04;Financial;detail;;;Mercado de Flores
374;269;2020-08-15;3674;Park-Curry;2021-09-16;Rock;figure;;;Mercado de Legumes
285;286;2025-01-21;4442;English-Williams;2023-09-29;Campaign;mind;;;Mercado de Fruta
475;891;2022-08-09;2961;Luna Ltd;2025-03-23;Goal;account;;;Mercado de Flores
398;980;2022-11-21;1530;Williams-Reynolds;2021-07-19;If;meet;38.0;ten;Mercado de Legumes
398;980;2022-11-21;1530;Williams-Reynolds;2021-07-19;If;meet;200.0;professional;Mercado de Legumes
124;681;2024-01-08;3801;Baker Inc;2021-05-29;Blue;window;72.0;language;Mercado de Flores
239;852;2020-05-06;2537;Garcia LLC;2025-07-11;Off;another;;;Mercado de Flores
449;807;2021-08-31;4621;Price-Mckay;2023-01-29;To;nice;;;Mercado de Flores
42;746;2024-05-30;1758;Goodwin-Murphy;2023-05-27;Source;rather;;;Mercado de Legumes
182;786;2025-02-10;2072;Moore, Rivera and Nguyen;2024-06-18;Season;base;;;Mercado de Flores
167;528;2026-01-07;4938;Walker LLC;2023-07-29;Some;must;;;Mercado de Flores
42;358;2020-12-04;2634;Goodwin-Murphy;2023-05-27;Suggest;too;;;Mercado de Fruta
474;29;2021-12-26;2329;Alvarez, Lee and Lopez;2021-04-28;Different;agency;127.0;through;Mercado de Legumes
474;29;2021-12-26;2329;Alvarez, Lee and Lopez;2021-04-28;Different;agency;163.0;party;Mercado de Legumes
206;732;2021-03-02;987;Glass, Berry and Williams;2024-08-17;Test;type;;;Mercado de Flores
234;337;2023-06-26;286;Yates LLC;2025-03-18;Article;raise;87.0;audience;Mercado de Fruta
234;337;2023-06-26;286;Yates LLC;2025-03-18;Article;raise;164.0;where;Mercado de Fruta
78;104;2024-11-27;4449;Douglas and Sons;2025-06-07;Likely;teach;;;Mercado de Legumes
357;325;2022-09-08;4063;Curry, Luna and White;2023-03-17;Politics;simple;;;Mercado de Fruta
318;846;2024-01-18;2488;Gutierrez, Cisneros and Phillips;2021-07-28;Wind;training;;;Mercado de Flores
70;90;2023-04-19;559;Brown Inc;2024-12-20;Possible;sit;139.0;mission;Mercado de Flores
70;90;2023-04-19;559;Brown Inc;2024-12-20;Possible;sit;143.0;prevent;Mercado de Flores
208;803;2020-05-25;2765;Nunez-Lopez;2025-09-23;Case;simply;;;Mercado de Legumes
207;737;2021-07-05;1794;Warren Inc;2022-01-11;Cell;may;;;Mercado de Legumes
71;830;2020-06-23;114;Krueger, Trujillo and Gonzalez;2022-01-15;Customer;cut;;;Mercado de Legumes
14;408;2020-01-16;1773;Harrison-Moore;2024-09-28;Agree;represent;;;Mercado de Flores
459;516;2022-02-11;285;Holland, Evans and Myers;2023-04-18;Majority;participant;25.0;large;Mercado de Flores
139;831;2024-12-14;104;Ramirez, Powell and Chen;2025-10-04;Yard;everyone;81.0;majority;Mercado de Flores
386;729;2021-07-06;4680;Hayden-Ellis;2026-01-01;Age;near;;;Mercado de Flores
43;637;2025-10-04;2932;Hubbard-Morgan;2026-01-13;Well;determine;120.0;once;Mercado de Fruta
258;1;2024-10-29;261;Sims, Miller and Chavez;2021-06-01;Effect;else;;;Mercado de Fruta
283;55;2020-03-21;4346;Nguyen-Patterson;2023-01-09;Themselves;believe;;;Mercado de Fruta
2;335;2020-08-13;570;Rogers, Fernandez and Perez;2023-11-29;Girl;serious;176.0;price;Mercado de Legumes
2;335;2020-08-13;570;Rogers, Fernandez and Perez;2023-11-29;Girl;serious;199.0;lot;Mercado de Legumes
430;201;2021-02-02;2403;Guerrero-Hernandez;2024-02-11;Senior;many;146.0;amount;Mercado de Flores
104;843;2024-01-23;4463;Mosley, Petty and Davis;2026-01-02;Woman;century;;;Mercado de Flores
33;553;2024-07-23;303;Sims, Meza and Haynes;2021-09-04;Pick;member;;;Mercado de Fruta
121;19;2024-07-04;1479;Ruiz, Miller and Giles;2023-10-05;Social;message;;;Mercado de Fruta
9;235;2023-11-10;3011;Perez-Hurley;2022-02-11;Deal;go;;;Mercado de Fruta
204;309;2023-02-23;4479;Flynn-Knight;2023-08-04;Social;shake;;;Mercado de Flores
358;140;2021-03-23;4953;Mccormick and Sons;2023-11-06;Nothing;apply;24.0;during;Mercado de Legumes
358;140;2021-03-23;4953;Mccormick and Sons;2023-11-06;Nothing;apply;138.0;democratic;Mercado de Legumes
138;858;2021-01-21;432;Lee-Keller;2023-10-06;Coach;concern;117.0;staff;Mercado de Flores
392;444;2020-09-07;991;Nelson-Donaldson;2024-05-14;Really;specific;107.0;sense;Mercado de Flores
418;25;2021-07-16;671;Shelton Ltd;2022-01-04;The;magazine;;;Mercado de Fruta
405;64;2023-09-21;3457;Valenzuela-Meyer;2024-09-09;Sell;care;;;Mercado de Fruta
335;847;2022-12-27;3430;Webb Inc;2023-03-12;Physical;else;;;Mercado de Fruta
468;712;2025-11-01;2115;Crawford, Barnes and Aguilar;2021-04-19;Industry;purpose;;;Mercado de Fruta
237;548;2025-01-31;2103;Holland-Mckay;2025-02-19;Drug;last;128.0;so;Mercado de Legumes
396;882;2023-08-01;2235;Mclaughlin Inc;2023-12-02;Station;possible;;;Mercado de Flores
448;215;2023-09-12;1881;Jacobs Ltd;2024-09-13;Whom;wear;;;Mercado de Legumes
288;438;2022-03-16;3301;Hicks, Griffin and Craig;2026-01-22;Attack;have;33.0;conference;Mercado de Flores
34;151;2022-04-29;649;Martinez, Beck and Moyer;2022-10-22;Learn;body;47.0;too;Mercado de Fruta
103;996;2022-05-12;1894;Miller, Rojas and Hall;2024-12-07;List;education;;;Mercado de Flores
310;115;2021-08-04;4267;Turner, Bowman and Williams;2021-08-06;Current;describe;;;Mercado de Fruta
129;176;2022-09-18;405;Gonzalez LLC;2025-09-05;Believe;for;30.0;difficult;Mercado de Legumes
129;176;2022-09-18;405;Gonzalez LLC;2025-09-05;Believe;for;191.0;a;Mercado de Legumes
92;342;2025-12-27;2650;Perez-Robinson;2024-12-31;May;good;;;Mercado de Flores
19;960;2023-01-02;2242;Taylor Group;2023-12-11;Seem;west;;;Mercado de Flores
262;803;2022-07-09;152;Williams and Sons;2023-12-20;Case;simply;;;Mercado de Legumes
177;118;2021-11-07;666;Jenkins-Ramos;2023-10-01;Determine;recognize;;;Mercado de Fruta
383;127;2022-07-30;1759;Price-Pearson;2022-09-23;Store;her;;;Mercado de Fruta
103;925;2024-02-23;1398;Miller, Rojas and Hall;2024-12-07;According;store;;;Mercado de Fruta
40;818;2025-12-30;3330;Andrade, Mcclure and Alvarez;2025-08-03;Now;he;95.0;executive;Mercado de Legumes
181;984;2024-12-20;3907;Jackson, Munoz and Guzman;2025-04-01;Foot;forward;;;Mercado de Flores
471;411;2020-02-24;4523;Mason-Rogers;2025-10-13;Establish;author;;;Mercado de Flores
135;941;2025-11-03;2852;Williams-Smith;2021-11-26;Picture;lay;;;Mercado de Legumes
282;192;2024-05-08;2482;Wilson LLC;2025-01-17;Line;police;130.0;billion;Mercado de Flores
282;192;2024-05-08;2482;Wilson LLC;2025-01-17;Line;police;167.0;wonder;Mercado de Flores
193;573;2024-09-19;4762;Cunningham, Mcpherson and Jones;2025-05-23;Speech;whether;;;Mercado de Flores
187;190;2021-08-25;571;Hanson, White and Jackson;2024-06-25;Ago;pass;;;Mercado de Fruta
46;668;2020-10-08;2481;Jones-Atkinson;2022-09-28;Assume;argue;;;Mercado de Legumes
357;494;2022-01-24;3697;Curry, Luna and White;2023-03-17;And;suffer;;;Mercado de Legumes
69;423;2025-02-19;624;Goodman-Kirby;2022-12-31;Politics;teacher;67.0;hair;Mercado de Flores
242;136;2020-05-08;3504;Bishop, Acosta and Obrien;2022-08-25;Turn;example;;;Mercado de Fruta
335;465;2021-10-12;3283;Webb Inc;2023-03-12;Perform;gun;;;Mercado de Flores
365;450;2023-06-03;350;Cantu, Palmer and Thomas;2025-01-03;Study;personal;;;Mercado de Flores
109;979;2020-08-29;3435;Sanchez-Atkinson;2024-07-27;Any;system;;;Mercado de Fruta
310;608;2021-03-02;4292;Turner, Bowman and Williams;2021-08-06;Answer;size;;;Mercado de Legumes
389;781;2021-01-02;1224;Snyder, Reese and Wagner;2021-07-04;Job;green;102.0;as;Mercado de Fruta
318;652;2022-09-13;959;Gutierrez, Cisneros and Phillips;2021-07-28;Thought;provide;;;Mercado de Fruta
56;8;2020-07-19;4373;Wheeler-Blackburn;2025-06-13;Thus;allow;1.0;move;Mercado de Legumes
56;8;2020-07-19;4373;Wheeler-Blackburn;2025-06-13;Thus;allow;132.0;sort;Mercado de Legumes
256;967;2021-09-04;827;Martinez and Sons;2022-09-09;Center;score;6.0;bar;Mercado de Fruta
154;982;2023-08-11;1144;Coffey, Hodges and Tanner;2024-09-16;Their;ever;179.0;democratic;Mercado de Fruta
154;982;2023-08-11;1144;Coffey, Hodges and Tanner;2024-09-16;Their;ever;189.0;kind;Mercado de Fruta
239;55;2022-10-22;288;Garcia LLC;2025-07-11;Themselves;believe;;;Mercado de Fruta
490;286;2021-04-06;2880;Pruitt-Young;2021-04-13;Campaign;mind;;;Mercado de Fruta
452;383;2021-06-09;2775;Sims LLC;2025-12-16;Yeah;determine;;;Mercado de Legumes
436;938;2020-07-13;2443;Henry, Krueger and Freeman;2021-09-19;Within;a;;;Mercado de Legumes
12;803;2020-04-09;2025;Bradley LLC;2024-08-05;Case;simply;;;Mercado de Legumes
94;18;2024-10-22;1431;Boyd, Mcdaniel and Marsh;2022-05-03;Large;skill;16.0;thing;Mercado de Flores
108;655;2022-05-18;1390;Mejia Ltd;2021-06-22;Water;truth;;;Mercado de Fruta
500;217;2022-10-11;3007;Johnson-Anderson;2024-01-02;Do;every;;;Mercado de Fruta
461;319;2020-07-04;4406;Smith-Stanley;2021-06-23;Green;almost;;;Mercado de Fruta
22;231;2025-03-25;3705;Hernandez, Cain and Dalton;2021-04-23;Memory;wide;158.0;outside;Mercado de Flores
49;458;2025-11-25;425;Black and Sons;2021-10-18;Eat;list;;;Mercado de Legumes
304;591;2024-01-01;4437;Welch Ltd;2022-10-24;Article;interest;190.0;give;Mercado de Flores
49;550;2025-01-04;140;Black and Sons;2021-10-18;Management;not;;;Mercado de Fruta
199;382;2020-04-27;3094;Hanson-Fleming;2025-09-15;Political;Democrat;;;Mercado de Fruta
231;881;2023-07-02;2493;Griffin PLC;2021-03-20;Wear;table;;;Mercado de Legumes
265;515;2023-06-03;4067;Baker-Wheeler;2021-11-02;Light;there;;;Mercado de Legumes
441;410;2022-05-19;2190;Mclaughlin, Hernandez and Fitzpatrick;2025-05-27;Control;goal;;;Mercado de Legumes
214;662;2022-10-05;4849;Weaver LLC;2023-05-04;Customer;current;;;Mercado de Legumes
172;78;2021-12-08;1659;Grant-Jordan;2024-08-24;Generation;there;;;Mercado de Flores
360;898;2023-03-24;3527;Harris-Stephens;2024-08-29;Million;role;48.0;rate;Mercado de Fruta
150;303;2025-05-21;1263;Zhang, Arnold and Richmond;2021-11-15;Either;whom;;;Mercado de Flores
2;123;2025-11-19;2031;Rogers, Fernandez and Perez;2023-11-29;Morning;box;176.0;price;Mercado de Flores
2;123;2025-11-19;2031;Rogers, Fernandez and Perez;2023-11-29;Morning;box;199.0;lot;Mercado de Flores
490;51;2022-07-08;4490;Pruitt-Young;2021-04-13;Attack;already;;;Mercado de Flores
271;552;2024-07-26;802;Lucero-Dawson;2021-03-15;Choose;natural;;;Mercado de Flores
298;979;2022-01-10;2311;Benson-Travis;2022-07-13;Any;system;34.0;will;Mercado de Fruta
59;744;2020-06-13;4228;Sullivan, Johnston and Rosales;2024-12-03;Effect;evening;;;Mercado de Flores
276;722;2023-06-27;3106;Spencer PLC;2025-06-17;Executive;training;;;Mercado de Legumes
414;968;2025-10-15;2358;Nguyen-Becker;2023-04-12;Responsibility;read;;;Mercado de Legumes
250;90;2020-06-23;3371;Williams LLC;2024-05-24;Possible;sit;;;Mercado de Flores
466;889;2022-03-09;1869;Hernandez-Lynch;2022-02-27;Executive;level;;;Mercado de Fruta
307;172;2021-01-25;4781;Cooper-Gates;2022-08-19;Early;pretty;;;Mercado de Fruta
133;457;2024-08-07;4320;Bullock Ltd;2022-03-23;Either;late;71.0;side;Mercado de Fruta
53;97;2025-09-18;4240;West-Brewer;2021-11-26;Dog;all;188.0;both;Mercado de Fruta
375;806;2025-01-04;1474;Dixon-Williams;2021-07-20;Care;cell;;;Mercado de Legumes
191;887;2022-01-15;2631;Cross, Skinner and Hart;2022-12-01;Remember;friend;;;Mercado de Legumes
389;15;2025-04-18;1926;Snyder, Reese and Wagner;2021-07-04;Fast;character;102.0;as;Mercado de Flores
383;101;2025-08-05;2618;Price-Pearson;2022-09-23;Include;happen;;;Mercado de Legumes
337;741;2020-01-24;4686;Jackson Ltd;2022-01-03;Member;other;14.0;fight;Mercado de Flores
277;269;2020-05-28;2705;Bennett Group;2021-03-31;Rock;figure;;;Mercado de Legumes
482;100;2025-02-01;2942;Stout Inc;2023-05-30;Stuff;physical;;;Mercado de Fruta
257;222;2026-02-01;2174;Mclaughlin, Noble and Mccall;2023-07-02;Evening;happen;;;Mercado de Flores
129;234;2023-09-28;740;Gonzalez LLC;2025-09-05;Edge;woman;30.0;difficult;Mercado de Flores
129;234;2023-09-28;740;Gonzalez LLC;2025-09-05;Edge;woman;191.0;a;Mercado de Flores
392;72;2021-01-06;504;Nelson-Donaldson;2024-05-14;Eat;accept;107.0;sense;Mercado de Flores
201;284;2022-12-27;4097;Swanson Group;2022-06-11;Box;level;195.0;state;Mercado de Legumes
484;333;2022-09-26;1918;Greene Inc;2024-11-23;To;watch;124.0;follow;Mercado de Flores
377;539;2024-01-01;724;Humphrey-Hancock;2023-12-16;Whom;what;;;Mercado de Legumes
485;147;2022-12-14;2774;Allen and Sons;2023-06-18;Individual;court;;;Mercado de Flores
31;155;2022-01-11;4446;Ball-Phillips;2025-10-21;Question;future;;;Mercado de Legumes
411;548;2024-02-01;624;Howard-Gomez;2021-12-18;Drug;last;62.0;care;Mercado de Legumes
293;313;2025-08-27;1543;Tyler LLC;2025-11-18;Three;firm;;;Mercado de Fruta
92;700;2023-04-17;1546;Perez-Robinson;2024-12-31;Great;against;;;Mercado de Fruta
104;946;2021-02-05;4738;Mosley, Petty and Davis;2026-01-02;Ago;box;;;Mercado de Fruta
177;382;2025-07-05;3005;Jenkins-Ramos;2023-10-01;Political;Democrat;;;Mercado de Fruta
339;724;2024-08-30;4682;Hill, Dalton and Bolton;2021-10-09;Western;have;77.0;property;Mercado de Fruta
366;382;2022-07-31;2532;Martinez-West;2024-04-10;Political;Democrat;125.0;add;Mercado de Fruta
398;532;2024-07-10;3377;Williams-Reynolds;2021-07-19;Million;fall;38.0;ten;Mercado de Fruta
398;532;2024-07-10;3377;Williams-Reynolds;2021-07-19;Million;fall;200.0;professional;Mercado de Fruta
17;627;2021-04-07;2467;Roberts LLC;2023-12-21;Effort;effect;185.0;truth;Mercado de Flores
372;548;2021-03-16;1611;Nichols, Moore and Meadows;2024-11-05;Drug;last;;;Mercado de Legumes
475;843;2025-08-31;3113;Luna Ltd;2025-03-23;Woman;century;;;Mercado de Flores
325;479;2022-08-03;4671;Barrett Group;2022-12-07;Floor;organization;;;Mercado de Legumes
128;421;2022-04-17;1672;Butler-Washington;2021-05-01;Director;fine;;;Mercado de Fruta
67;407;2020-04-21;2884;Jones, Wolf and Smith;2022-08-07;Admit;administration;;;Mercado de Legumes
229;522;2020-01-23;2057;Johnson, Sanders and Lam;2021-09-13;Which;whatever;;;Mercado de Flores
344;491;2021-11-13;4866;Smith-Cochran;2024-06-15;Point;place;;;Mercado de Legumes
98;458;2022-11-25;609;Riley, Dunn and Mccarty;2024-07-30;Eat;list;;;Mercado de Legumes
478;707;2021-06-12;2044;Vaughan, Tucker and Jackson;2023-05-14;House;red;;;Mercado de Legumes
97;900;2021-05-31;3064;Munoz-Lawson;2024-07-29;Something;message;20.0;stay;Mercado de Flores
97;900;2021-05-31;3064;Munoz-Lawson;2024-07-29;Something;message;23.0;total;Mercado de Flores
97;900;2021-05-31;3064;Munoz-Lawson;2024-07-29;Something;message;26.0;identify;Mercado de Flores
97;900;2021-05-31;3064;Munoz-Lawson;2024-07-29;Something;message;150.0;join;Mercado de Flores
97;900;2021-05-31;3064;Munoz-Lawson;2024-07-29;Something;message;181.0;grow;Mercado de Flores
320;165;2025-10-13;991;Perez, Long and Spencer;2025-10-29;Partner;leave;;;Mercado de Flores
52;749;2026-01-24;4706;Hess PLC;2022-07-05;Practice;worker;112.0;that;Mercado de Legumes
300;820;2022-08-31;4858;Saunders-Marshall;2022-10-25;Buy;focus;;;Mercado de Fruta
361;195;2023-10-29;3203;Martinez Ltd;2023-11-22;Line;charge;80.0;by;Mercado de Flores
302;757;2021-05-18;4691;Howard-Palmer;2022-03-21;Theory;make;;;Mercado de Fruta
93;719;2020-05-16;498;Russell Ltd;2025-01-13;Contain;memory;194.0;quickly;Mercado de Legumes
353;690;2020-12-30;411;Jones-Rollins;2024-02-10;Modern;strategy;;;Mercado de Flores
436;762;2025-09-15;1649;Henry, Krueger and Freeman;2021-09-19;Republican;audience;;;Mercado de Flores
36;396;2021-06-26;699;Williams Inc;2025-02-07;Drug;let;152.0;increase;Mercado de Flores
124;232;2020-05-10;2063;Baker Inc;2021-05-29;Parent;cut;72.0;language;Mercado de Fruta
399;521;2023-06-02;3373;Scott Group;2021-11-11;Carry;several;84.0;page;Mercado de Legumes
356;113;2020-09-30;4159;Cook, Boyer and Cox;2024-02-10;Itself;issue;;;Mercado de Legumes
125;781;2025-07-12;2892;Rice, Freeman and Brown;2024-12-11;Job;green;115.0;reality;Mercado de Fruta
7;529;2024-10-23;4000;Davis, Armstrong and Brown;2023-02-05;Car;season;;;Mercado de Fruta
405;868;2020-10-14;4360;Valenzuela-Meyer;2024-09-09;Sister;join;;;Mercado de Fruta
301;215;2020-04-04;1311;York, Carter and Hernandez;2022-10-28;Whom;wear;52.0;institution;Mercado de Legumes
156;672;2020-02-13;2717;Wilkinson, George and Turner;2024-05-22;Total;hold;;;Mercado de Flores
355;708;2023-01-28;1987;Snyder-Kane;2024-09-28;Seek;food;;;Mercado de Flores
414;535;2020-02-13;2787;Nguyen-Becker;2023-04-12;Recognize;name;;;Mercado de Fruta
108;345;2026-01-15;3803;Mejia Ltd;2021-06-22;Light;owner;;;Mercado de Flores
364;270;2022-10-13;3371;Boyd-Sexton;2024-06-11;Article;political;;;Mercado de Flores
115;338;2025-08-30;4072;Johnson, Brennan and Wright;2025-01-01;Executive;agent;183.0;feeling;Mercado de Legumes
353;179;2025-02-07;1505;Jones-Rollins;2024-02-10;Level;drop;;;Mercado de Legumes
119;3;2020-03-05;2281;Shelton, Odonnell and Williams;2022-11-17;Development;approach;;;Mercado de Flores
120;80;2024-01-24;848;Mcdaniel-Garza;2022-08-16;Focus;price;;;Mercado de Legumes
201;47;2021-09-20;1616;Swanson Group;2022-06-11;It;form;195.0;state;Mercado de Legumes
262;575;2021-10-20;1866;Williams and Sons;2023-12-20;Great;age;;;Mercado de Legumes
65;796;2023-08-02;4628;Serrano-Hoover;2024-05-14;Prevent;evidence;144.0;total;Mercado de Fruta
121;459;2025-11-26;2020;Ruiz, Miller and Giles;2023-10-05;Turn;bit;;;Mercado de Flores
124;615;2024-10-28;4493;Baker Inc;2021-05-29;Speech;training;72.0;language;Mercado de Flores
362;470;2022-06-08;500;Mccullough-Mckinney;2024-11-08;Into;his;94.0;all;Mercado de Legumes
362;470;2022-06-08;500;Mccullough-Mckinney;2024-11-08;Into;his;157.0;environment;Mercado de Legumes
27;523;2023-08-27;2304;Mosley-Kim;2023-04-06;Industry;buy;;;Mercado de Fruta
195;879;2022-08-08;4406;Ross-Davidson;2022-08-27;Manager;ok;;;Mercado de Flores
497;33;2020-01-16;327;Bowers-Townsend;2022-08-31;;visit;;;Mercado de Flores
180;890;2023-03-19;1260;Tran-Huynh;2021-10-01;Expect;thousand;3.0;teach;Mercado de Legumes
196;19;2025-05-04;238;Robinson-Cowan;2025-03-23;Social;message;;;Mercado de Fruta
47;727;2023-01-08;2390;Benjamin-Reed;2024-09-25;Threat;soon;;;Mercado de Fruta
455;22;2024-07-07;2516;Giles, Lewis and Sampson;2021-08-24;Stand;choice;;;Mercado de Fruta
116;874;2021-04-17;2124;Williams, Anderson and Lopez;2025-02-13;Win;enjoy;28.0;difference;Mercado de Fruta
89;728;2022-07-17;4014;Johns, Wolf and Osborne;2023-07-02;Thousand;difference;;;Mercado de Legumes
152;440;2021-02-12;248;Schultz-Glass;2023-06-16;Each;later;118.0;western;Mercado de Legumes
90;755;2020-06-02;1156;Mitchell-Fisher;2024-12-19;World;whose;109.0;term;Mercado de Legumes
235;955;2020-07-23;2021;Walker-Garcia;2025-06-30;True;house;166.0;suffer;Mercado de Fruta
165;897;2025-05-20;289;Williams, Griffith and Craig;2025-01-08;Eat;growth;39.0;away;Mercado de Flores
317;795;2022-05-28;318;Snyder and Sons;2021-07-03;Hotel;standard;;;Mercado de Flores
360;794;2021-01-08;4366;Harris-Stephens;2024-08-29;Institution;glass;48.0;rate;Mercado de Legumes
161;177;2021-06-27;4465;Mays-Harmon;2022-10-23;Sister;able;;;Mercado de Flores
491;366;2024-11-02;4462;Smith LLC;2025-01-19;Above;manage;156.0;hair;Mercado de Flores
491;366;2024-11-02;4462;Smith LLC;2025-01-19;Above;manage;172.0;moment;Mercado de Flores
493;171;2025-03-25;497;Blake Group;2025-03-31;Style;bill;110.0;truth;Mercado de Flores
321;509;2025-06-01;4864;Frost-Wolfe;2023-12-28;Picture;finish;;;Mercado de Legumes
64;823;2025-01-30;3081;Gonzalez, Vasquez and Powers;2024-07-20;Music;certainly;;;Mercado de Fruta
451;871;2025-05-28;789;Clay, Rivera and Taylor;2025-12-13;Party;street;;;Mercado de Fruta
17;943;2025-01-26;3162;Roberts LLC;2023-12-21;Set;physical;185.0;truth;Mercado de Fruta
98;180;2023-09-04;1162;Riley, Dunn and Mccarty;2024-07-30;Entire;choose;;;Mercado de Flores
454;827;2023-11-02;943;Gonzales-Gonzales;2022-11-22;Million;air;;;Mercado de Legumes
489;467;2022-11-20;1892;Lee, Guerrero and Alexander;2026-01-14;Focus;democratic;;;Mercado de Legumes
310;372;2020-11-09;2824;Turner, Bowman and Williams;2021-08-06;Now;fear;;;Mercado de Flores
456;891;2021-12-12;260;Price, Franklin and Duarte;2025-01-08;Goal;account;;;Mercado de Flores
147;101;2022-07-17;1557;Hess-Dickson;2022-09-18;Include;happen;119.0;force;Mercado de Legumes
68;517;2022-07-25;2429;Howard-Olson;2023-03-02;Which;ago;;;Mercado de Fruta
88;835;2024-04-13;2138;Brewer Ltd;2023-01-19;Worker;near;;;Mercado de Fruta
429;840;2022-10-25;2775;Foster-Murphy;2023-08-16;Population;bill;;;Mercado de Flores
198;938;2021-01-27;2137;Bradley PLC;2021-04-20;Within;a;;;Mercado de Legumes
335;599;2022-12-24;3101;Webb Inc;2023-03-12;Friend;along;;;Mercado de Legumes
304;765;2022-11-26;4889;Welch Ltd;2022-10-24;Nor;can;190.0;give;Mercado de Flores
80;56;2022-05-05;4136;Boyd, Johnson and Miller;2024-08-15;Forward;note;10.0;exactly;Mercado de Legumes
80;56;2022-05-05;4136;Boyd, Johnson and Miller;2024-08-15;Forward;note;96.0;parent;Mercado de Legumes
87;419;2024-07-28;1793;Mason Inc;2025-07-04;Available;citizen;;;Mercado de Legumes
165;16;2021-12-02;4210;Williams, Griffith and Craig;2025-01-08;Reduce;toward;39.0;away;Mercado de Fruta
421;774;2023-04-27;4732;Martin LLC;2023-10-20;Miss;chair;;;Mercado de Flores
119;146;2025-03-24;4851;Shelton, Odonnell and Williams;2022-11-17;Direction;skin;;;Mercado de Legumes
22;271;2024-10-08;161;Hernandez, Cain and Dalton;2021-04-23;Chair;near;158.0;outside;Mercado de Fruta
292;399;2023-08-22;4240;Johnson-Garcia;2022-04-20;Professor;couple;;;Mercado de Flores
144;223;2024-05-26;4006;Mercado-Thomas;2024-04-11;Recognize;because;103.0;need;Mercado de Fruta
168;854;2024-06-10;3679;Martinez and Sons;2023-10-25;Somebody;once;4.0;along;Mercado de Legumes
417;490;2021-10-04;3747;Wells Group;2026-01-14;Bar;former;;;Mercado de Fruta
308;290;2024-07-22;1629;Jones, Harrington and Herrera;2024-03-21;Education;share;;;Mercado de Legumes
20;92;2021-06-04;3548;Wilkerson PLC;2021-05-09;System;dark;116.0;explain;Mercado de Legumes
137;335;2021-07-21;1228;Gray, Kim and Doyle;2023-09-10;Girl;serious;;;Mercado de Legumes
237;226;2021-01-16;4720;Holland-Mckay;2025-02-19;Oil;his;128.0;so;Mercado de Fruta
287;435;2023-05-28;2168;Bailey, Bush and Hernandez;2024-12-15;Already;run;148.0;room;Mercado de Flores
350;340;2024-02-28;1705;Medina-Johnson;2023-03-01;During;national;;;Mercado de Fruta
146;928;2023-09-23;922;Christian, Lee and Stewart;2024-07-08;These;reveal;126.0;enter;Mercado de Fruta
408;419;2023-01-07;1185;Wright-Jones;2022-01-26;Available;citizen;;;Mercado de Legumes
264;897;2023-12-22;1514;Hopkins, Jackson and Ortiz;2025-01-24;Eat;growth;;;Mercado de Flores
132;47;2025-05-25;2032;Branch and Sons;2021-12-10;It;form;69.0;exist;Mercado de Legumes
391;543;2024-03-04;2388;Travis PLC;2023-06-04;Pick;already;;;Mercado de Flores
82;422;2021-05-10;1254;Perez PLC;2022-08-24;Beautiful;tax;;;Mercado de Legumes
309;731;2023-03-01;657;Maldonado-Macias;2021-03-27;By;finally;;;Mercado de Legumes
353;184;2023-01-03;362;Jones-Rollins;2024-02-10;Movie;many;;;Mercado de Fruta
168;250;2020-05-25;4749;Martinez and Sons;2023-10-25;Memory;Democrat;4.0;along;Mercado de Fruta
153;190;2022-11-10;4283;Wilson, Spears and Mitchell;2025-04-21;Ago;pass;79.0;image;Mercado de Fruta
107;564;2023-11-28;745;Jones, Keith and Wiggins;2021-05-06;Firm;majority;;;Mercado de Flores
122;2;2020-08-27;3777;Scott-Bowers;2024-12-19;Not;interesting;;;Mercado de Legumes
21;518;2021-01-20;2162;Williams, Martinez and Gentry;2021-03-07;True;effort;;;Mercado de Legumes
149;390;2026-01-06;2430;Sawyer LLC;2026-01-27;Meeting;language;;;Mercado de Flores
432;594;2024-08-17;1875;Wright Group;2021-03-18;Sure;fight;;;Mercado de Flores
58;370;2020-08-05;1689;Campos, Manning and Johnson;2021-09-03;Nice;adult;;;Mercado de Fruta
174;590;2023-02-17;1462;Pope, Perez and Mcdonald;2024-06-19;Team;day;;;Mercado de Legumes
403;102;2021-11-18;1319;Reynolds PLC;2023-07-11;We;office;70.0;score;Mercado de Flores
402;352;2025-02-22;360;Miller-Wagner;2023-04-08;Before;minute;;;Mercado de Fruta
42;858;2024-09-21;878;Goodwin-Murphy;2023-05-27;Coach;concern;;;Mercado de Flores
179;672;2021-01-18;687;Bowman, Boyer and Smith;2025-03-16;Total;hold;;;Mercado de Flores
99;360;2020-05-25;2676;Stokes, Taylor and Wallace;2023-11-03;Television;base;147.0;miss;Mercado de Flores
99;360;2020-05-25;2676;Stokes, Taylor and Wallace;2023-11-03;Television;base;168.0;party;Mercado de Flores
420;71;2024-03-23;4320;Brooks Ltd;2021-05-23;Hundred;rather;;;Mercado de Legumes
387;296;2020-06-15;3409;Smith Group;2022-08-12;Yet;serve;15.0;Mrs;Mercado de Legumes
387;296;2020-06-15;3409;Smith Group;2022-08-12;Yet;serve;65.0;window;Mercado de Legumes
452;218;2023-07-30;3220;Sims LLC;2025-12-16;Including;relate;;;Mercado de Legumes
188;315;2020-10-22;144;Davis, Cortez and Young;2022-03-06;Attorney;financial;133.0;assume;Mercado de Flores
188;315;2020-10-22;144;Davis, Cortez and Young;2022-03-06;Attorney;financial;135.0;support;Mercado de Flores
158;675;2020-04-02;2839;Moon Group;2024-08-28;Land;easy;;;Mercado de Flores
181;295;2021-09-25;382;Jackson, Munoz and Guzman;2025-04-01;Subject;order;;;Mercado de Fruta
434;635;2022-04-26;1183;Reyes LLC;2023-06-10;He;over;;;Mercado de Legumes
182;751;2021-04-10;4067;Moore, Rivera and Nguyen;2024-06-18;If;identify;;;Mercado de Fruta
447;428;2020-05-30;1539;Palmer, Hall and Mcintosh;2023-12-21;Any;front;;;Mercado de Legumes
252;80;2024-10-15;1533;Mitchell, Phillips and Marshall;2024-10-27;Focus;price;105.0;partner;Mercado de Legumes
65;22;2021-09-28;1632;Serrano-Hoover;2024-05-14;Stand;choice;144.0;total;Mercado de Fruta
6;948;2022-11-01;163;Parker, Kelly and Golden;2022-01-20;Star;all;12.0;sign;Mercado de Flores
10;311;2023-08-17;1854;Woods, Taylor and Harrison;2024-07-08;Today;organization;;;Mercado de Legumes
407;756;2020-12-24;720;Ford, Spencer and Copeland;2021-10-25;Short;blue;;;Mercado de Flores
67;993;2022-11-28;1084;Jones, Wolf and Smith;2022-08-07;Coach;report;;;Mercado de Flores
256;93;2024-04-03;1473;Martinez and Sons;2022-09-09;Nearly;whom;6.0;bar;Mercado de Flores
437;612;2024-02-15;2847;Chan Ltd;2026-01-15;Cut;meet;;;Mercado de Flores
361;530;2021-12-29;2287;Martinez Ltd;2023-11-22;Film;physical;80.0;by;Mercado de Legumes
154;580;2023-05-02;1921;Coffey, Hodges and Tanner;2024-09-16;Open;vote;179.0;democratic;Mercado de Fruta
154;580;2023-05-02;1921;Coffey, Hodges and Tanner;2024-09-16;Open;vote;189.0;kind;Mercado de Fruta
76;198;2025-12-04;731;Sparks Ltd;2022-05-22;Personal;religious;;;Mercado de Flores
242;843;2025-02-08;1103;Bishop, Acosta and Obrien;2022-08-25;Woman;century;;;Mercado de Flores
33;510;2022-03-21;1692;Sims, Meza and Haynes;2021-09-04;Suffer;nature;;;Mercado de Flores
281;394;2020-07-14;167;Carlson-Landry;2025-12-17;Information;analysis;178.0;form;Mercado de Fruta
282;220;2025-09-21;1943;Wilson LLC;2025-01-17;Plan;case;130.0;billion;Mercado de Fruta
282;220;2025-09-21;1943;Wilson LLC;2025-01-17;Plan;case;167.0;wonder;Mercado de Fruta
273;331;2021-03-17;3858;Deleon, Conway and Sanchez;2024-12-11;Any;respond;134.0;leg;Mercado de Fruta
396;960;2021-03-12;2040;Mclaughlin Inc;2023-12-02;Seem;west;;;Mercado de Flores
199;347;2024-02-26;3118;Hanson-Fleming;2025-09-15;Speak;far;;;Mercado de Legumes
334;986;2023-01-06;4107;Hernandez-Mason;2024-04-05;Need;player;140.0;ok;Mercado de Legumes
489;788;2020-12-06;1164;Lee, Guerrero and Alexander;2026-01-14;Brother;meet;;;Mercado de Legumes
161;19;2024-07-22;3994;Mays-Harmon;2022-10-23;Social;message;;;Mercado de Fruta
366;417;2025-03-01;986;Martinez-West;2024-04-10;Agreement;girl;125.0;add;Mercado de Flores
106;58;2022-03-13;4249;Dodson Inc;2024-09-15;Animal;occur;;;Mercado de Fruta
366;386;2024-09-21;2902;Martinez-West;2024-04-10;Must;usually;125.0;add;Mercado de Legumes
288;164;2023-03-14;4057;Hicks, Griffin and Craig;2026-01-22;Almost;describe;33.0;conference;Mercado de Legumes
337;720;2025-09-13;4795;Jackson Ltd;2022-01-03;Actually;garden;14.0;fight;Mercado de Flores
179;107;2022-06-13;4376;Bowman, Boyer and Smith;2025-03-16;Modern;yes;;;Mercado de Legumes
490;377;2023-07-26;1241;Pruitt-Young;2021-04-13;Structure;debate;;;Mercado de Legumes
161;186;2022-12-30;2241;Mays-Harmon;2022-10-23;Personal;within;;;Mercado de Flores
88;635;2020-01-12;2656;Brewer Ltd;2023-01-19;He;over;;;Mercado de Legumes
239;595;2023-11-01;3844;Garcia LLC;2025-07-11;Especially;staff;;;Mercado de Fruta
344;788;2020-12-25;246;Smith-Cochran;2024-06-15;Brother;meet;;;Mercado de Legumes
353;343;2025-07-25;1064;Jones-Rollins;2024-02-10;Camera;theory;;;Mercado de Fruta
227;854;2024-05-24;1893;Mitchell, Hernandez and Smith;2023-04-11;Somebody;once;;;Mercado de Legumes
133;541;2022-10-28;590;Bullock Ltd;2022-03-23;Group;rather;71.0;side;Mercado de Fruta
392;167;2025-02-25;3671;Nelson-Donaldson;2024-05-14;Final;message;107.0;sense;Mercado de Legumes
16;777;2023-11-10;809;Barber, Dominguez and Smith;2024-03-10;Few;citizen;122.0;any;Mercado de Flores
16;777;2023-11-10;809;Barber, Dominguez and Smith;2024-03-10;Few;citizen;160.0;meet;Mercado de Flores
16;777;2023-11-10;809;Barber, Dominguez and Smith;2024-03-10;Few;citizen;192.0;single;Mercado de Flores
193;173;2024-02-03;3508;Cunningham, Mcpherson and Jones;2025-05-23;Throughout;early;;;Mercado de Legumes
102;776;2022-01-28;1542;Hood-Potter;2024-06-23;Long;yard;;;Mercado de Legumes
99;636;2024-06-26;1690;Stokes, Taylor and Wallace;2023-11-03;Second;arrive;147.0;miss;Mercado de Flores
99;636;2024-06-26;1690;Stokes, Taylor and Wallace;2023-11-03;Second;arrive;168.0;party;Mercado de Flores
432;49;2026-02-06;3768;Wright Group;2021-03-18;Season;dinner;;;Mercado de Fruta
322;887;2021-12-12;3435;Elliott Group;2024-07-27;Remember;friend;;;Mercado de Legumes
324;136;2023-04-07;3891;Pearson-Dean;2022-05-18;Turn;example;;;Mercado de Fruta
400;669;2021-04-19;824;Davis Group;2024-10-27;Represent;election;13.0;coach;Mercado de Flores
260;763;2023-02-25;4614;Smith, Carter and Blake;2021-07-29;Front;former;;;Mercado de Fruta
49;412;2025-10-11;3667;Black and Sons;2021-10-18;Player;soon;;;Mercado de Fruta
424;588;2021-06-24;1060;Lopez-Palmer;2024-08-05;Wear;region;;;Mercado de Flores
283;953;2022-05-28;3307;Nguyen-Patterson;2023-01-09;Staff;time;;;Mercado de Legumes
273;507;2023-08-06;488;Deleon, Conway and Sanchez;2024-12-11;Space;none;134.0;leg;Mercado de Flores
240;161;2025-05-15;2477;Cannon-Newman;2024-02-03;Participant;no;31.0;coach;Mercado de Legumes
229;91;2023-07-03;2161;Johnson, Sanders and Lam;2021-09-13;South;system;;;Mercado de Fruta
207;6;2023-05-29;197;Warren Inc;2022-01-11;Response;shoulder;;;Mercado de Flores
109;285;2022-11-01;4245;Sanchez-Atkinson;2024-07-27;Commercial;evidence;;;Mercado de Flores
193;973;2024-04-01;2758;Cunningham, Mcpherson and Jones;2025-05-23;Loss;term;;;Mercado de Fruta
226;204;2023-09-22;4992;Diaz, Hunt and Jackson;2022-02-06;Father;lawyer;29.0;ever;Mercado de Flores
226;204;2023-09-22;4992;Diaz, Hunt and Jackson;2022-02-06;Father;lawyer;78.0;sit;Mercado de Flores
226;204;2023-09-22;4992;Diaz, Hunt and Jackson;2022-02-06;Father;lawyer;89.0;member;Mercado de Flores
16;262;2022-09-02;1428;Barber, Dominguez and Smith;2024-03-10;Recognize;whom;122.0;any;Mercado de Fruta
16;262;2022-09-02;1428;Barber, Dominguez and Smith;2024-03-10;Recognize;whom;160.0;meet;Mercado de Fruta
16;262;2022-09-02;1428;Barber, Dominguez and Smith;2024-03-10;Recognize;whom;192.0;single;Mercado de Fruta
265;61;2022-04-24;318;Baker-Wheeler;2021-11-02;Everybody;stay;;;Mercado de Fruta
322;398;2024-07-01;3869;Elliott Group;2024-07-27;Fact;expect;;;Mercado de Legumes
4;215;2020-06-18;2084;Compton, Gonzalez and Banks;2021-03-20;Whom;wear;49.0;next;Mercado de Legumes
150;14;2024-07-30;2772;Zhang, Arnold and Richmond;2021-11-15;Image;leg;;;Mercado de Legumes
283;754;2020-06-16;4253;Nguyen-Patterson;2023-01-09;Professor;despite;;;Mercado de Fruta
382;864;2022-03-23;2272;Buchanan-Marquez;2023-03-31;Region;personal;;;Mercado de Flores
124;84;2025-03-09;154;Baker Inc;2021-05-29;Decade;compare;72.0;language;Mercado de Flores
331;621;2021-09-14;3433;Lawrence Inc;2023-06-02;Former;second;149.0;service;Mercado de Flores
78;886;2023-04-16;4284;Douglas and Sons;2025-06-07;Compare;student;;;Mercado de Fruta
122;772;2022-09-23;3302;Scott-Bowers;2024-12-19;Technology;dinner;;;Mercado de Fruta
201;329;2022-02-03;1056;Swanson Group;2022-06-11;Without;piece;195.0;state;Mercado de Legumes
273;296;2023-07-29;1556;Deleon, Conway and Sanchez;2024-12-11;Yet;serve;134.0;leg;Mercado de Legumes
101;148;2021-08-17;369;Dominguez, Fry and Hill;2021-08-11;Continue;by;;;Mercado de Fruta
485;60;2022-05-19;734;Allen and Sons;2023-06-18;Accept;low;;;Mercado de Flores
238;906;2023-01-06;436;Whitney, Kim and Moore;2025-02-23;Expect;else;;;Mercado de Flores
122;115;2024-09-28;3543;Scott-Bowers;2024-12-19;Current;describe;;;Mercado de Fruta
35;645;2024-11-02;2988;Nolan, Jones and Gordon;2021-04-03;Turn;herself;61.0;record;Mercado de Flores
8;264;2021-10-30;4291;Garcia-Lawson;2024-11-18;Blood;foot;;;Mercado de Flores
73;329;2021-08-10;4790;Adams, Lamb and Ellis;2022-05-26;Without;piece;;;Mercado de Legumes
203;453;2020-04-27;3121;Roberts LLC;2024-09-29;Require;situation;;;Mercado de Flores
203;251;2024-08-28;2359;Roberts LLC;2024-09-29;Create;media;;;Mercado de Legumes
67;575;2023-09-20;144;Jones, Wolf and Smith;2022-08-07;Great;age;;;Mercado de Legumes
307;155;2021-08-26;4898;Cooper-Gates;2022-08-19;Question;future;;;Mercado de Legumes
210;939;2025-05-27;2999;Clark Ltd;2024-07-20;Herself;win;19.0;perhaps;Mercado de Flores
117;831;2021-08-26;3896;Avila, Duke and Medina;2024-04-05;Yard;everyone;184.0;specific;Mercado de Flores
375;746;2020-07-12;3250;Dixon-Williams;2021-07-20;Source;rather;;;Mercado de Legumes
482;605;2023-02-02;1602;Stout Inc;2023-05-30;Do;large;;;Mercado de Legumes
423;5;2023-11-12;4633;Goodman-Hayes;2024-12-18;They;describe;;;Mercado de Legumes
118;989;2024-10-13;4360;Powell-Foster;2025-08-02;Early;real;;;Mercado de Legumes
428;78;2020-12-22;4985;Baldwin-Chandler;2022-06-04;Generation;there;141.0;think;Mercado de Flores
212;331;2021-08-17;1522;Mckenzie Ltd;2023-12-02;Any;respond;;;Mercado de Fruta
422;706;2020-10-12;977;Wright, Dickerson and Mcdonald;2023-02-13;Yourself;high;162.0;management;Mercado de Fruta
30;793;2023-01-07;1162;Vargas, Santiago and Mcdonald;2024-10-25;Party;situation;;;Mercado de Fruta
418;911;2024-03-02;4512;Shelton Ltd;2022-01-04;Form;any;;;Mercado de Legumes
132;222;2021-06-15;526;Branch and Sons;2021-12-10;Evening;happen;69.0;exist;Mercado de Flores
222;19;2025-03-02;1237;Fisher, Dawson and Saunders;2021-12-24;Social;message;;;Mercado de Fruta
169;846;2020-01-31;447;Hall Inc;2025-03-03;Wind;training;;;Mercado de Flores
483;874;2020-01-10;2334;Ramirez PLC;2025-10-14;Win;enjoy;8.0;throughout;Mercado de Fruta
186;85;2020-05-31;3980;Glass LLC;2021-02-27;Through;south;;;Mercado de Fruta
298;421;2024-01-23;1120;Benson-Travis;2022-07-13;Director;fine;34.0;will;Mercado de Fruta
89;637;2021-12-06;804;Johns, Wolf and Osborne;2023-07-02;Well;determine;;;Mercado de Fruta
438;394;2024-04-21;3364;Reed, Vega and Ho;2022-04-05;Information;analysis;42.0;seem;Mercado de Fruta
248;677;2024-03-02;2054;Reese, Flores and Wright;2025-04-24;Report;study;;;Mercado de Legumes
401;27;2025-11-29;1978;Bell, Nelson and Walker;2026-01-20;Republican;trouble;;;Mercado de Flores
182;547;2025-10-11;3374;Moore, Rivera and Nguyen;2024-06-18;Whatever;reduce;;;Mercado de Fruta
242;664;2020-05-23;623;Bishop, Acosta and Obrien;2022-08-25;Seat;according;;;Mercado de Fruta
303;779;2023-06-17;582;Bishop, Evans and Thompson;2021-12-22;Lawyer;explain;;;Mercado de Legumes
98;765;2021-11-05;2350;Riley, Dunn and Mccarty;2024-07-30;Nor;can;;;Mercado de Flores
200;959;2025-09-23;2653;Hernandez, Rojas and Rodriguez;2024-02-06;Already;attack;;;Mercado de Legumes
295;872;2023-09-23;4042;Sandoval, Castillo and Golden;2025-02-04;Lot;kitchen;;;Mercado de Legumes
224;426;2025-08-06;1314;Coleman-Green;2021-04-06;Fly;commercial;137.0;mission;Mercado de Flores
94;127;2023-08-27;3059;Boyd, Mcdaniel and Marsh;2022-05-03;Store;her;16.0;thing;Mercado de Fruta
274;145;2022-09-15;2438;Sosa Group;2026-01-19;Deal;all;;;Mercado de Fruta
446;478;2020-06-29;519;Duffy-Molina;2022-11-01;Able;through;93.0;paper;Mercado de Fruta
261;311;2025-02-23;4593;Long-Ellis;2022-07-28;Today;organization;55.0;between;Mercado de Legumes
34;644;2021-08-12;2799;Martinez, Beck and Moyer;2022-10-22;Draw;remember;47.0;too;Mercado de Legumes
18;583;2023-07-01;2049;Ford-Garrett;2025-06-05;Business;force;;;Mercado de Fruta
133;264;2024-05-03;3545;Bullock Ltd;2022-03-23;Blood;foot;71.0;side;Mercado de Flores
223;382;2025-03-13;4526;Wilcox, Johnson and Dunlap;2025-04-12;Political;Democrat;17.0;character;Mercado de Fruta
315;532;2021-02-18;531;Garcia, Campbell and Powell;2023-02-17;Million;fall;;;Mercado de Fruta
221;518;2022-04-15;2351;Gardner Group;2024-11-05;True;effort;41.0;big;Mercado de Legumes
179;758;2021-06-15;3664;Bowman, Boyer and Smith;2025-03-16;Every;stock;;;Mercado de Legumes
468;336;2025-01-03;3176;Crawford, Barnes and Aguilar;2021-04-19;Unit;list;;;Mercado de Flores
4;7;2021-12-24;844;Compton, Gonzalez and Banks;2021-03-20;Civil;career;49.0;next;Mercado de Fruta
64;93;2020-10-18;294;Gonzalez, Vasquez and Powers;2024-07-20;Nearly;whom;;;Mercado de Flores
498;654;2020-07-24;2209;Walker-Kirk;2024-03-19;Everyone;sound;;;Mercado de Flores
34;519;2023-01-13;2690;Martinez, Beck and Moyer;2022-10-22;Feeling;set;47.0;too;Mercado de Flores
18;352;2024-04-21;3840;Ford-Garrett;2025-06-05;Before;minute;;;Mercado de Fruta
487;329;2024-10-28;2349;Martin, Mosley and York;2022-04-29;Without;piece;;;Mercado de Legumes
443;973;2025-11-21;2950;Avila Group;2026-01-21;Loss;term;7.0;might;Mercado de Fruta
443;973;2025-11-21;2950;Avila Group;2026-01-21;Loss;term;75.0;grow;Mercado de Fruta
72;26;2024-08-05;172;Crane-Torres;2022-06-18;Available;yard;86.0;school;Mercado de Legumes
441;399;2025-03-24;1898;Mclaughlin, Hernandez and Fitzpatrick;2025-05-27;Professor;couple;;;Mercado de Flores
456;554;2021-08-31;1292;Price, Franklin and Duarte;2025-01-08;Certainly;feel;;;Mercado de Legumes
496;688;2023-02-23;1133;Barrett, Patrick and Morton;2025-03-09;Special;where;129.0;nor;Mercado de Fruta
278;274;2025-02-15;1280;Morrow-Compton;2025-06-19;Generation;officer;90.0;star;Mercado de Fruta
422;119;2023-08-21;3215;Wright, Dickerson and Mcdonald;2023-02-13;Theory;account;162.0;management;Mercado de Legumes
160;728;2024-09-30;4643;Marshall and Sons;2024-12-11;Thousand;difference;63.0;sit;Mercado de Legumes
447;551;2021-06-20;3411;Palmer, Hall and Mcintosh;2023-12-21;Now;help;;;Mercado de Legumes
390;636;2024-06-26;4379;Lawrence, Gardner and Harris;2023-03-17;Second;arrive;;;Mercado de Flores
209;259;2022-10-19;373;Savage, Tran and Atkins;2021-10-19;Section;continue;;;Mercado de Fruta
367;926;2025-07-17;1317;Waters Inc;2025-12-04;Enter;government;;;Mercado de Legumes
369;923;2023-05-24;1930;Frank-Glover;2023-12-24;Paper;military;;;Mercado de Legumes
187;302;2020-12-11;4040;Hanson, White and Jackson;2024-06-25;Poor;responsibility;;;Mercado de Legumes
370;616;2023-03-13;4351;Welch Ltd;2021-10-25;Side;drive;;;Mercado de Fruta
345;538;2023-05-14;390;Perez-Shannon;2023-09-04;Team;word;;;Mercado de Fruta
11;711;2020-06-20;3467;Serrano, Young and Nichols;2024-10-20;Detail;magazine;;;Mercado de Flores
498;142;2020-04-12;4334;Walker-Kirk;2024-03-19;Different;position;;;Mercado de Fruta
260;298;2020-04-23;2343;Smith, Carter and Blake;2021-07-29;Still;simple;;;Mercado de Fruta
419;187;2023-12-04;4044;Johnson, Hamilton and Price;2023-10-29;Cost;finally;;;Mercado de Fruta
261;341;2024-01-17;680;Long-Ellis;2022-07-28;Director;always;55.0;between;Mercado de Legumes
375;533;2022-02-02;2151;Dixon-Williams;2021-07-20;Language;those;;;Mercado de Legumes
189;897;2022-01-26;2587;Clark LLC;2025-06-23;Eat;growth;;;Mercado de Flores
410;548;2022-02-06;4476;Clark Ltd;2021-04-02;Drug;last;;;Mercado de Legumes
94;24;2022-03-09;433;Boyd, Mcdaniel and Marsh;2022-05-03;Adult;alone;16.0;thing;Mercado de Flores
80;466;2022-03-24;586;Boyd, Johnson and Miller;2024-08-15;Government;exist;10.0;exactly;Mercado de Fruta
80;466;2022-03-24;586;Boyd, Johnson and Miller;2024-08-15;Government;exist;96.0;parent;Mercado de Fruta
322;225;2022-04-14;4426;Elliott Group;2024-07-27;Rule;industry;;;Mercado de Flores
184;703;2024-07-28;4640;Moore, Lopez and Santos;2021-12-10;Her;better;;;Mercado de Fruta
40;87;2020-01-12;573;Andrade, Mcclure and Alvarez;2025-08-03;Early;my;95.0;executive;Mercado de Flores
19;900;2022-10-18;4387;Taylor Group;2023-12-11;Something;message;;;Mercado de Flores
254;312;2020-05-31;3494;Williams, Mcdonald and Schmidt;2025-08-24;Major;according;123.0;dream;Mercado de Flores
484;37;2021-11-19;3686;Greene Inc;2024-11-23;My;various;124.0;follow;Mercado de Fruta
346;962;2024-10-19;457;Paul, Stewart and Pierce;2024-08-13;Reflect;write;44.0;house;Mercado de Legumes
496;722;2025-04-06;2771;Barrett, Patrick and Morton;2025-03-09;Executive;training;129.0;nor;Mercado de Legumes
255;401;2023-01-14;746;Rodriguez Inc;2021-07-28;Admit;politics;;;Mercado de Legumes
64;129;2020-02-25;424;Gonzalez, Vasquez and Powers;2024-07-20;Way;but;;;Mercado de Flores
228;19;2025-08-16;1752;Butler PLC;2021-05-21;Social;message;;;Mercado de Fruta
364;802;2021-05-27;3672;Boyd-Sexton;2024-06-11;Institution;among;;;Mercado de Fruta
245;25;2025-04-10;2112;Guzman-Cole;2024-11-20;The;magazine;56.0;design;Mercado de Fruta
4;430;2021-11-19;1900;Compton, Gonzalez and Banks;2021-03-20;Piece;our;49.0;next;Mercado de Fruta
64;365;2022-11-03;3844;Gonzalez, Vasquez and Powers;2024-07-20;Main;thank;;;Mercado de Legumes
470;595;2022-05-10;4314;Ray, Hall and Graves;2024-05-10;Especially;staff;;;Mercado de Fruta
6;33;2025-05-02;4216;Parker, Kelly and Golden;2022-01-20;;visit;12.0;sign;Mercado de Flores
211;131;2023-08-20;2387;Robinson LLC;2022-02-07;Generation;work;153.0;thus;Mercado de Legumes
365;139;2023-04-14;4954;Cantu, Palmer and Thomas;2025-01-03;Ok;finally;;;Mercado de Fruta
72;564;2021-02-19;3393;Crane-Torres;2022-06-18;Firm;majority;86.0;school;Mercado de Flores
195;397;2023-01-21;2150;Ross-Davidson;2022-08-27;Reveal;return;;;Mercado de Fruta
185;60;2024-08-24;1419;Jennings PLC;2024-02-10;Accept;low;;;Mercado de Flores
259;728;2022-01-19;4722;Pham, Farmer and Marsh;2021-04-12;Thousand;difference;50.0;have;Mercado de Legumes
299;615;2021-05-21;344;Booker PLC;2025-08-17;Speech;training;;;Mercado de Flores
236;54;2022-12-13;3060;Butler, Williams and Hoffman;2023-04-13;View;eat;;;Mercado de Flores
81;899;2020-04-14;2087;Norton, Mccoy and Torres;2021-07-03;Water;weight;;;Mercado de Legumes
356;320;2026-02-11;3141;Cook, Boyer and Cox;2024-02-10;Common;grow;;;Mercado de Legumes
477;818;2024-12-02;1806;Jenkins-Butler;2023-02-09;Now;he;;;Mercado de Legumes
94;881;2022-10-20;2994;Boyd, Mcdaniel and Marsh;2022-05-03;Wear;table;16.0;thing;Mercado de Legumes
374;470;2023-11-06;2986;Park-Curry;2021-09-16;Into;his;;;Mercado de Legumes
68;455;2021-02-21;4207;Howard-Olson;2023-03-02;Read;measure;;;Mercado de Legumes
125;715;2025-03-07;4018;Rice, Freeman and Brown;2024-12-11;Dog;wish;115.0;reality;Mercado de Fruta
253;326;2025-09-15;1408;Kelley Ltd;2023-12-20;Sit;remain;;;Mercado de Legumes
452;137;2021-12-14;1075;Sims LLC;2025-12-16;Modern;people;;;Mercado de Legumes
61;216;2020-02-03;3436;Stewart, Hopkins and Williams;2021-12-31;Sure;well;;;Mercado de Flores
165;583;2025-01-23;3119;Williams, Griffith and Craig;2025-01-08;Business;force;39.0;away;Mercado de Fruta
308;455;2022-12-29;4319;Jones, Harrington and Herrera;2024-03-21;Read;measure;;;Mercado de Legumes
165;105;2020-09-27;2973;Williams, Griffith and Craig;2025-01-08;Dog;fish;39.0;away;Mercado de Flores
74;530;2022-02-06;4071;Campbell Inc;2023-06-06;Film;physical;;;Mercado de Legumes
270;346;2021-06-13;1178;Knight-Alexander;2023-05-25;Wrong;task;175.0;practice;Mercado de Fruta
342;823;2021-05-06;4291;Hernandez-King;2022-04-10;Music;certainly;;;Mercado de Fruta
137;160;2020-09-20;3352;Gray, Kim and Doyle;2023-09-10;Production;far;;;Mercado de Fruta
403;420;2020-08-20;678;Reynolds PLC;2023-07-11;Enjoy;long;70.0;score;Mercado de Flores
178;606;2023-02-09;1529;Hernandez, Lewis and Shields;2025-07-25;More;society;97.0;pay;Mercado de Flores
388;305;2020-11-08;379;Gutierrez-Wright;2025-12-14;They;small;;;Mercado de Legumes
386;437;2023-02-16;3565;Hayden-Ellis;2026-01-01;Care;score;;;Mercado de Legumes
484;386;2022-08-05;298;Greene Inc;2024-11-23;Must;usually;124.0;follow;Mercado de Legumes
473;901;2026-02-11;3795;Brock PLC;2024-01-10;Important;actually;;;Mercado de Fruta
162;312;2026-01-01;4799;Jacobs-Watson;2025-05-15;Major;according;;;Mercado de Flores
160;147;2020-04-04;1288;Marshall and Sons;2024-12-11;Individual;court;63.0;sit;Mercado de Flores
101;469;2023-04-07;2911;Dominguez, Fry and Hill;2021-08-11;Throughout;north;;;Mercado de Fruta
462;413;2020-03-04;2896;Hansen-Lewis;2024-07-07;Really;traditional;;;Mercado de Legumes
148;588;2022-10-18;4026;Hicks, Smith and Watson;2026-01-22;Wear;region;18.0;turn;Mercado de Flores
441;771;2022-08-19;2807;Mclaughlin, Hernandez and Fitzpatrick;2025-05-27;Stuff;mother;;;Mercado de Flores
459;580;2022-11-29;458;Holland, Evans and Myers;2023-04-18;Open;vote;25.0;large;Mercado de Fruta
45;565;2025-05-10;3420;Carney-Walker;2023-06-05;Interview;election;;;Mercado de Fruta
363;754;2025-03-01;1190;Adams Group;2023-01-02;Professor;despite;27.0;college;Mercado de Fruta
363;754;2025-03-01;1190;Adams Group;2023-01-02;Professor;despite;170.0;clearly;Mercado de Fruta
36;386;2023-08-09;2617;Williams Inc;2025-02-07;Must;usually;152.0;increase;Mercado de Legumes
416;826;2020-12-15;3624;Richardson LLC;2022-12-31;Name;moment;;;Mercado de Fruta
141;260;2020-11-22;3284;Gordon LLC;2022-04-11;Military;chance;;;Mercado de Legumes
205;73;2022-12-15;3334;Turner-Cook;2023-12-03;Organization;relationship;;;Mercado de Fruta
391;231;2020-10-06;1172;Travis PLC;2023-06-04;Memory;wide;;;Mercado de Flores
137;504;2021-01-22;791;Gray, Kim and Doyle;2023-09-10;Kitchen;medical;;;Mercado de Flores
115;738;2023-03-12;1901;Johnson, Brennan and Wright;2025-01-01;Method;away;183.0;feeling;Mercado de Flores
462;665;2020-08-29;1077;Hansen-Lewis;2024-07-07;Night;experience;;;Mercado de Legumes
282;161;2024-01-18;4503;Wilson LLC;2025-01-17;Participant;no;130.0;billion;Mercado de Legumes
282;161;2024-01-18;4503;Wilson LLC;2025-01-17;Participant;no;167.0;wonder;Mercado de Legumes
421;379;2025-03-15;3791;Martin LLC;2023-10-20;Somebody;born;;;Mercado de Fruta
398;803;2020-10-24;1569;Williams-Reynolds;2021-07-19;Case;simply;38.0;ten;Mercado de Legumes
398;803;2020-10-24;1569;Williams-Reynolds;2021-07-19;Case;simply;200.0;professional;Mercado de Legumes
493;193;2022-11-04;123;Blake Group;2025-03-31;Born;across;110.0;truth;Mercado de Fruta
303;259;2024-12-04;4836;Bishop, Evans and Thompson;2021-12-22;Section;continue;;;Mercado de Fruta
188;546;2020-10-21;324;Davis, Cortez and Young;2022-03-06;Cover;control;133.0;assume;Mercado de Flores
188;546;2020-10-21;324;Davis, Cortez and Young;2022-03-06;Cover;control;135.0;support;Mercado de Flores
192;19;2024-11-22;2239;Bowman Ltd;2023-10-30;Social;message;;;Mercado de Fruta
254;117;2024-10-18;4357;Williams, Mcdonald and Schmidt;2025-08-24;It;senior;123.0;dream;Mercado de Flores
93;419;2025-01-04;1011;Russell Ltd;2025-01-13;Available;citizen;194.0;quickly;Mercado de Legumes
281;188;2024-09-29;3431;Carlson-Landry;2025-12-17;Animal;too;178.0;form;Mercado de Legumes
114;216;2025-08-13;574;Powers, Friedman and Atkinson;2025-12-03;Sure;well;;;Mercado de Flores
126;310;2025-08-18;1359;Patterson-Oconnor;2023-06-03;Wind;situation;;;Mercado de Fruta
163;372;2022-05-12;3011;Rogers and Sons;2024-04-13;Now;fear;;;Mercado de Flores
61;286;2023-11-11;4729;Stewart, Hopkins and Williams;2021-12-31;Campaign;mind;;;Mercado de Fruta
369;217;2023-08-06;2086;Frank-Glover;2023-12-24;Do;every;;;Mercado de Fruta
247;933;2021-01-10;2875;Rivera Group;2021-12-30;Two;miss;197.0;possible;Mercado de Flores
216;928;2025-12-16;576;Kirk LLC;2025-02-16;These;reveal;74.0;employee;Mercado de Fruta
179;990;2025-11-24;4487;Bowman, Boyer and Smith;2025-03-16;Condition;region;;;Mercado de Flores
255;236;2022-03-11;652;Rodriguez Inc;2021-07-28;Cultural;control;;;Mercado de Legumes
142;428;2022-01-05;3995;Guzman Inc;2024-04-08;Any;front;2.0;beyond;Mercado de Legumes
483;95;2022-06-24;1547;Ramirez PLC;2025-10-14;Sure;lose;8.0;throughout;Mercado de Legumes
181;540;2024-09-13;3460;Jackson, Munoz and Guzman;2025-04-01;Financial;budget;;;Mercado de Flores
460;953;2024-09-09;4499;Davenport-Cook;2021-03-09;Staff;time;;;Mercado de Legumes
481;109;2023-11-01;3045;Green, Price and Lucas;2024-01-29;Degree;one;;;Mercado de Fruta
439;859;2021-03-23;4326;Lopez, Jimenez and Miller;2024-03-06;Room;PM;;;Mercado de Fruta
315;500;2026-02-10;3123;Garcia, Campbell and Powell;2023-02-17;Arrive;brother;;;Mercado de Legumes
423;806;2024-10-12;1163;Goodman-Hayes;2024-12-18;Care;cell;;;Mercado de Legumes
367;283;2021-01-18;2110;Waters Inc;2025-12-04;Commercial;seat;;;Mercado de Fruta
485;216;2024-03-03;4882;Allen and Sons;2023-06-18;Sure;well;;;Mercado de Flores
330;699;2025-03-17;824;Robinson LLC;2022-07-27;Yes;explain;;;Mercado de Flores
289;695;2025-06-18;3131;Spencer-Carter;2026-01-20;Local;weight;;;Mercado de Legumes
410;447;2024-09-19;2958;Clark Ltd;2021-04-02;Front;population;;;Mercado de Flores
434;258;2020-07-27;2159;Reyes LLC;2023-06-10;Amount;lawyer;;;Mercado de Flores
356;225;2021-10-29;2066;Cook, Boyer and Cox;2024-02-10;Rule;industry;;;Mercado de Flores
230;98;2020-05-30;4872;Shelton Inc;2023-04-03;Hit;successful;169.0;hot;Mercado de Legumes
380;648;2022-10-28;1837;Hill, Brown and Clark;2023-05-13;Book;score;;;Mercado de Flores
272;311;2022-06-02;229;Barrett PLC;2022-06-07;Today;organization;;;Mercado de Legumes
306;74;2021-02-10;874;Jenkins LLC;2022-02-24;Then;no;;;Mercado de Legumes
341;552;2020-06-07;2875;Alvarez, Dunn and Browning;2023-04-02;Choose;natural;;;Mercado de Flores
208;889;2022-01-25;4173;Nunez-Lopez;2025-09-23;Executive;level;;;Mercado de Fruta
89;976;2020-01-01;3677;Johns, Wolf and Osborne;2023-07-02;Network;almost;;;Mercado de Fruta
496;72;2024-10-03;2383;Barrett, Patrick and Morton;2025-03-09;Eat;accept;129.0;nor;Mercado de Flores
52;638;2023-06-16;729;Hess PLC;2022-07-05;Material;care;112.0;that;Mercado de Legumes
6;821;2023-11-23;720;Parker, Kelly and Golden;2022-01-20;Create;change;12.0;sign;Mercado de Legumes
500;250;2025-06-23;2297;Johnson-Anderson;2024-01-02;Memory;Democrat;;;Mercado de Fruta
275;504;2025-02-16;3583;Cox, Wright and Price;2023-10-30;Kitchen;medical;;;Mercado de Flores
107;630;2023-11-04;995;Jones, Keith and Wiggins;2021-05-06;Give;generation;;;Mercado de Flores
94;692;2022-01-08;571;Boyd, Mcdaniel and Marsh;2022-05-03;Fact;finally;16.0;thing;Mercado de Legumes
52;368;2020-04-08;2846;Hess PLC;2022-07-05;Challenge;instead;112.0;that;Mercado de Legumes
125;915;2022-07-25;4339;Rice, Freeman and Brown;2024-12-11;Number;Congress;115.0;reality;Mercado de Flores
22;492;2021-05-01;4300;Hernandez, Cain and Dalton;2021-04-23;Against;hold;158.0;outside;Mercado de Flores
209;927;2020-10-12;1633;Savage, Tran and Atkins;2021-10-19;Middle;enough;;;Mercado de Flores
391;589;2021-07-13;4765;Travis PLC;2023-06-04;Environmental;strategy;;;Mercado de Fruta
293;570;2020-11-24;419;Tyler LLC;2025-11-18;Though;week;;;Mercado de Flores
186;693;2021-07-05;309;Glass LLC;2021-02-27;Entire;personal;;;Mercado de Flores
87;575;2022-05-19;4421;Mason Inc;2025-07-04;Great;age;;;Mercado de Legumes
272;771;2022-01-13;896;Barrett PLC;2022-06-07;Stuff;mother;;;Mercado de Flores
64;598;2021-01-27;336;Gonzalez, Vasquez and Powers;2024-07-20;Oil;speech;;;Mercado de Fruta
497;951;2022-02-18;2373;Bowers-Townsend;2022-08-31;Never;so;;;Mercado de Flores
94;619;2025-03-17;4244;Boyd, Mcdaniel and Marsh;2022-05-03;Decade;generation;16.0;thing;Mercado de Fruta
317;569;2021-02-12;4877;Snyder and Sons;2021-07-03;Process;body;;;Mercado de Legumes
159;454;2022-10-03;3618;Johnson, Long and Benson;2022-06-05;To;around;;;Mercado de Fruta
301;644;2023-05-27;4810;York, Carter and Hernandez;2022-10-28;Draw;remember;52.0;institution;Mercado de Legumes
411;676;2020-08-16;3572;Howard-Gomez;2021-12-18;Red;dog;62.0;care;Mercado de Fruta
429;78;2025-10-19;433;Foster-Murphy;2023-08-16;Generation;there;;;Mercado de Flores
86;814;2024-06-08;3173;Frederick, Kelly and Willis;2023-11-24;Natural;foot;;;Mercado de Fruta
197;561;2024-04-09;3240;Tate, Wilson and Wilson;2026-02-16;Those;turn;142.0;pattern;Mercado de Flores
66;656;2023-04-18;3560;Lara, Baker and Young;2025-09-16;Republican;off;182.0;current;Mercado de Legumes
431;393;2022-02-25;877;Taylor Inc;2024-08-22;Tell;eat;104.0;account;Mercado de Flores
392;998;2020-12-19;4729;Nelson-Donaldson;2024-05-14;Station;degree;107.0;sense;Mercado de Legumes
296;773;2023-03-04;2720;Coleman-Reyes;2025-07-26;Personal;sea;83.0;responsibility;Mercado de Legumes
296;773;2023-03-04;2720;Coleman-Reyes;2025-07-26;Personal;sea;145.0;somebody;Mercado de Legumes
233;730;2024-10-17;2675;Hernandez-Hart;2021-08-13;Cut;safe;177.0;media;Mercado de Fruta
20;402;2025-08-01;937;Wilkerson PLC;2021-05-09;International;and;116.0;explain;Mercado de Flores
384;373;2025-04-22;621;Gilbert, Schmidt and Macias;2025-03-21;Trial;box;161.0;policy;Mercado de Fruta
16;328;2024-05-17;2979;Barber, Dominguez and Smith;2024-03-10;Yes;discover;122.0;any;Mercado de Fruta
16;328;2024-05-17;2979;Barber, Dominguez and Smith;2024-03-10;Yes;discover;160.0;meet;Mercado de Fruta
16;328;2024-05-17;2979;Barber, Dominguez and Smith;2024-03-10;Yes;discover;192.0;single;Mercado de Fruta
64;124;2023-09-17;2803;Gonzalez, Vasquez and Powers;2024-07-20;Find;how;;;Mercado de Fruta
287;774;2021-04-08;4080;Bailey, Bush and Hernandez;2024-12-15;Miss;chair;148.0;room;Mercado de Flores
311;997;2021-12-14;3401;Johnson-Blankenship;2021-09-21;Population;produce;46.0;far;Mercado de Fruta
410;948;2024-07-13;1445;Clark Ltd;2021-04-02;Star;all;;;Mercado de Flores
59;762;2020-07-24;388;Sullivan, Johnston and Rosales;2024-12-03;Republican;audience;;;Mercado de Flores
30;636;2025-01-25;3250;Vargas, Santiago and Mcdonald;2024-10-25;Second;arrive;;;Mercado de Flores
302;691;2024-08-07;2651;Howard-Palmer;2022-03-21;Outside;card;;;Mercado de Fruta
70;875;2023-09-28;4317;Brown Inc;2024-12-20;Bit;may;139.0;mission;Mercado de Legumes
70;875;2023-09-28;4317;Brown Inc;2024-12-20;Bit;may;143.0;prevent;Mercado de Legumes
186;418;2021-03-24;3216;Glass LLC;2021-02-27;May;tend;;;Mercado de Fruta
75;635;2020-04-06;2759;Conley LLC;2025-11-10;He;over;;;Mercado de Legumes
178;655;2022-03-25;724;Hernandez, Lewis and Shields;2025-07-25;Water;truth;97.0;pay;Mercado de Fruta
489;636;2025-06-01;844;Lee, Guerrero and Alexander;2026-01-14;Second;arrive;;;Mercado de Flores
142;17;2020-01-19;1045;Guzman Inc;2024-04-08;Rise;out;2.0;beyond;Mercado de Legumes
151;601;2021-10-28;869;Duncan PLC;2023-08-10;Item;president;;;Mercado de Fruta
191;159;2024-09-09;886;Cross, Skinner and Hart;2022-12-01;Newspaper;herself;;;Mercado de Flores
191;356;2023-02-06;2733;Cross, Skinner and Hart;2022-12-01;Left;although;;;Mercado de Legumes
368;484;2020-12-14;1398;Martin and Sons;2024-01-11;Want;down;;;Mercado de Fruta
432;512;2023-06-10;4234;Wright Group;2021-03-18;New;evening;;;Mercado de Legumes
96;6;2023-07-09;2972;Sosa, Newton and Anderson;2022-05-18;Response;shoulder;;;Mercado de Flores
54;514;2021-08-27;3776;Schroeder, Hahn and Miller;2021-03-11;Head;wife;;;Mercado de Fruta
61;89;2020-12-15;913;Stewart, Hopkins and Williams;2021-12-31;A;continue;;;Mercado de Legumes
480;77;2025-12-24;4320;Jones-Chavez;2022-10-24;Class;city;99.0;then;Mercado de Legumes
480;77;2025-12-24;4320;Jones-Chavez;2022-10-24;Class;city;131.0;religious;Mercado de Legumes
453;226;2021-06-07;2630;Tran PLC;2023-10-18;Oil;his;88.0;inside;Mercado de Fruta
391;178;2023-10-12;366;Travis PLC;2023-06-04;Series;must;;;Mercado de Fruta
481;552;2022-06-05;359;Green, Price and Lucas;2024-01-29;Choose;natural;;;Mercado de Flores
81;481;2022-04-20;1236;Norton, Mccoy and Torres;2021-07-03;Wish;writer;;;Mercado de Fruta
188;891;2025-12-04;2398;Davis, Cortez and Young;2022-03-06;Goal;account;133.0;assume;Mercado de Flores
188;891;2025-12-04;2398;Davis, Cortez and Young;2022-03-06;Goal;account;135.0;support;Mercado de Flores
366;819;2020-03-09;608;Martinez-West;2024-04-10;Kid;stand;125.0;add;Mercado de Flores
340;675;2020-05-10;1266;James Inc;2024-10-08;Land;easy;165.0;full;Mercado de Flores
148;47;2020-09-16;4979;Hicks, Smith and Watson;2026-01-22;It;form;18.0;turn;Mercado de Legumes
399;307;2020-03-14;2892;Scott Group;2021-11-11;Traditional;appear;84.0;page;Mercado de Fruta
218;507;2020-09-05;2973;Olson Inc;2026-01-06;Space;none;;;Mercado de Flores
70;88;2021-09-27;2964;Brown Inc;2024-12-20;Floor;reach;139.0;mission;Mercado de Fruta
70;88;2021-09-27;2964;Brown Inc;2024-12-20;Floor;reach;143.0;prevent;Mercado de Fruta
6;740;2023-07-06;3842;Parker, Kelly and Golden;2022-01-20;Field;computer;12.0;sign;Mercado de Legumes
344;679;2024-11-18;2234;Smith-Cochran;2024-06-15;Also;husband;;;Mercado de Fruta
70;636;2025-08-13;1892;Brown Inc;2024-12-20;Second;arrive;139.0;mission;Mercado de Flores
70;636;2025-08-13;1892;Brown Inc;2024-12-20;Second;arrive;143.0;prevent;Mercado de Flores
47;442;2021-03-13;1362;Benjamin-Reed;2024-09-25;Public;require;;;Mercado de Fruta
256;281;2020-05-06;3676;Martinez and Sons;2022-09-09;Voice;democratic;6.0;bar;Mercado de Legumes
63;453;2024-09-08;1226;Castro, Sherman and Flores;2025-12-01;Require;situation;;;Mercado de Flores
69;992;2020-07-09;3635;Goodman-Kirby;2022-12-31;True;ten;67.0;hair;Mercado de Legumes
187;570;2020-06-24;741;Hanson, White and Jackson;2024-06-25;Though;week;;;Mercado de Flores
372;664;2024-08-29;3283;Nichols, Moore and Meadows;2024-11-05;Seat;according;;;Mercado de Fruta
231;680;2020-12-08;3869;Griffin PLC;2021-03-20;Score;tell;;;Mercado de Legumes
85;766;2023-06-07;4481;Keller, Dixon and Wilson;2025-04-06;Him;baby;111.0;free;Mercado de Fruta
431;531;2022-10-28;2150;Taylor Inc;2024-08-22;Clear;cost;104.0;account;Mercado de Flores
464;984;2024-11-24;618;Morris Ltd;2021-10-01;Foot;forward;;;Mercado de Flores
376;324;2025-01-07;1173;Miller-Fields;2024-08-18;Reach;upon;;;Mercado de Flores
17;535;2022-07-23;2956;Roberts LLC;2023-12-21;Recognize;name;185.0;truth;Mercado de Fruta
316;861;2023-09-20;2455;Rodriguez, Huff and Holland;2024-08-16;House;third;;;Mercado de Flores
446;481;2022-08-18;869;Duffy-Molina;2022-11-01;Wish;writer;93.0;paper;Mercado de Fruta
493;150;2020-09-22;2337;Blake Group;2025-03-31;Director;myself;110.0;truth;Mercado de Flores
424;752;2025-07-09;4736;Lopez-Palmer;2024-08-05;Job;strong;;;Mercado de Legumes
292;986;2022-06-23;4579;Johnson-Garcia;2022-04-20;Need;player;;;Mercado de Legumes
142;716;2021-06-18;2345;Guzman Inc;2024-04-08;Gas;enough;2.0;beyond;Mercado de Legumes
350;564;2022-12-25;2305;Medina-Johnson;2023-03-01;Firm;majority;;;Mercado de Flores
433;551;2021-01-27;596;Ballard-Orozco;2024-02-08;Now;help;136.0;of;Mercado de Legumes
44;293;2023-09-03;3699;Johnson, Hooper and Norton;2022-03-04;Seek;reach;;;Mercado de Legumes
433;58;2022-12-18;2830;Ballard-Orozco;2024-02-08;Animal;occur;136.0;of;Mercado de Fruta
293;392;2023-07-25;3453;Tyler LLC;2025-11-18;Democrat;everyone;;;Mercado de Legumes
16;976;2020-05-11;2518;Barber, Dominguez and Smith;2024-03-10;Network;almost;122.0;any;Mercado de Fruta
16;976;2020-05-11;2518;Barber, Dominguez and Smith;2024-03-10;Network;almost;160.0;meet;Mercado de Fruta
16;976;2020-05-11;2518;Barber, Dominguez and Smith;2024-03-10;Network;almost;192.0;single;Mercado de Fruta
394;115;2024-01-26;3035;Mcgee-Ramirez;2024-11-29;Current;describe;;;Mercado de Fruta
200;337;2023-09-15;4064;Hernandez, Rojas and Rodriguez;2024-02-06;Article;raise;;;Mercado de Fruta
326;85;2020-10-26;2070;Jackson Group;2024-02-03;Through;south;;;Mercado de Fruta
79;869;2022-11-19;1833;Lopez, Newton and Rivera;2021-03-22;Who;glass;;;Mercado de Legumes
96;1000;2021-06-18;2416;Sosa, Newton and Anderson;2022-05-18;Century;center;;;Mercado de Fruta
184;148;2025-01-01;3156;Moore, Lopez and Santos;2021-12-10;Continue;by;;;Mercado de Fruta
259;908;2025-07-21;4058;Pham, Farmer and Marsh;2021-04-12;Lawyer;outside;50.0;have;Mercado de Legumes
184;43;2022-05-24;3839;Moore, Lopez and Santos;2021-12-10;Doctor;wear;;;Mercado de Fruta
91;891;2020-07-20;4204;Lee-Osborne;2023-03-17;Goal;account;;;Mercado de Flores
274;681;2023-01-22;2595;Sosa Group;2026-01-19;Blue;window;;;Mercado de Flores
41;784;2022-03-16;908;Stephenson-Lee;2025-10-15;Score;poor;;;Mercado de Fruta
430;322;2024-12-24;4686;Guerrero-Hernandez;2024-02-11;Democrat;serve;146.0;amount;Mercado de Fruta
160;152;2025-03-19;1603;Marshall and Sons;2024-12-11;Behind;door;63.0;sit;Mercado de Legumes
65;246;2022-07-12;3014;Serrano-Hoover;2024-05-14;Somebody;thought;144.0;total;Mercado de Flores
14;263;2025-07-29;2499;Harrison-Moore;2024-09-28;Wrong;image;;;Mercado de Legumes
8;76;2021-04-10;1173;Garcia-Lawson;2024-11-18;Black;across;;;Mercado de Fruta
450;462;2026-01-23;1398;Calderon, May and Davis;2023-01-09;Daughter;compare;171.0;wait;Mercado de Flores
351;847;2020-10-24;2045;Curtis Inc;2024-10-01;Physical;else;101.0;both;Mercado de Fruta
79;495;2025-08-04;4648;Lopez, Newton and Rivera;2021-03-22;Medical;interesting;;;Mercado de Flores
317;560;2025-07-25;604;Snyder and Sons;2021-07-03;Poor;those;;;Mercado de Legumes
308;105;2020-01-26;3472;Jones, Harrington and Herrera;2024-03-21;Dog;fish;;;Mercado de Flores
108;157;2023-07-03;4963;Mejia Ltd;2021-06-22;Site;next;;;Mercado de Fruta
165;689;2021-12-02;2890;Williams, Griffith and Craig;2025-01-08;Raise;clear;39.0;away;Mercado de Legumes
23;151;2025-07-28;3889;Price-Scott;2023-05-17;Learn;body;;;Mercado de Fruta
296;498;2024-04-23;1028;Coleman-Reyes;2025-07-26;Boy;though;83.0;responsibility;Mercado de Flores
296;498;2024-04-23;1028;Coleman-Reyes;2025-07-26;Boy;though;145.0;somebody;Mercado de Flores
197;599;2022-11-14;2659;Tate, Wilson and Wilson;2026-02-16;Friend;along;142.0;pattern;Mercado de Legumes
242;425;2025-07-17;1259;Bishop, Acosta and Obrien;2022-08-25;Party;yes;;;Mercado de Legumes
317;217;2024-08-27;1976;Snyder and Sons;2021-07-03;Do;every;;;Mercado de Fruta
498;131;2021-12-23;2354;Walker-Kirk;2024-03-19;Generation;work;;;Mercado de Legumes
93;359;2025-09-02;2512;Russell Ltd;2025-01-13;Market;sister;194.0;quickly;Mercado de Legumes
409;565;2020-07-20;4814;Long Ltd;2024-03-21;Interview;election;;;Mercado de Fruta
266;3;2024-12-16;2155;Carney-Gomez;2023-01-17;Development;approach;91.0;serious;Mercado de Flores
29;902;2024-05-23;3858;Mills Group;2024-12-01;All;way;37.0;sister;Mercado de Legumes
29;902;2024-05-23;3858;Mills Group;2024-12-01;All;way;174.0;might;Mercado de Legumes
243;725;2022-06-27;1531;Jensen, Flores and Barnes;2021-07-05;Since;reduce;;;Mercado de Legumes
11;1;2020-04-16;3863;Serrano, Young and Nichols;2024-10-20;Effect;else;;;Mercado de Fruta
5;527;2023-09-19;1316;Hart, Ramsey and Diaz;2021-03-14;Money;experience;113.0;tend;Mercado de Legumes
34;544;2024-03-25;1513;Martinez, Beck and Moyer;2022-10-22;Team;they;47.0;too;Mercado de Fruta
78;456;2021-03-18;661;Douglas and Sons;2025-06-07;Kitchen;cultural;;;Mercado de Flores
45;665;2020-10-29;1115;Carney-Walker;2023-06-05;Night;experience;;;Mercado de Legumes
49;355;2020-09-04;4686;Black and Sons;2021-10-18;Real;wife;;;Mercado de Fruta
435;385;2023-04-28;3553;Thompson-Kramer;2024-03-05;Position;turn;;;Mercado de Fruta
70;954;2021-05-26;3421;Brown Inc;2024-12-20;Quality;goal;139.0;mission;Mercado de Flores
70;954;2021-05-26;3421;Brown Inc;2024-12-20;Quality;goal;143.0;prevent;Mercado de Flores
124;581;2021-04-01;1108;Baker Inc;2021-05-29;Similar;small;72.0;language;Mercado de Legumes
39;2;2022-11-25;563;Yu-Ramirez;2025-09-02;Not;interesting;21.0;party;Mercado de Legumes
177;470;2023-11-21;1407;Jenkins-Ramos;2023-10-01;Into;his;;;Mercado de Legumes
78;202;2022-02-17;1462;Douglas and Sons;2025-06-07;Discussion;edge;;;Mercado de Fruta
266;406;2022-03-21;966;Carney-Gomez;2023-01-17;Go;ability;91.0;serious;Mercado de Fruta
179;889;2023-03-15;2116;Bowman, Boyer and Smith;2025-03-16;Executive;level;;;Mercado de Fruta
485;863;2020-01-20;2721;Allen and Sons;2023-06-18;Any;bill;;;Mercado de Legumes
116;119;2021-01-11;528;Williams, Anderson and Lopez;2025-02-13;Theory;account;28.0;difference;Mercado de Legumes
58;633;2022-09-24;4265;Campos, Manning and Johnson;2021-09-03;Action;its;;;Mercado de Flores
84;581;2021-04-02;1278;Daniels LLC;2023-11-15;Similar;small;;;Mercado de Legumes
270;523;2024-01-24;4266;Knight-Alexander;2023-05-25;Industry;buy;175.0;practice;Mercado de Fruta
346;899;2021-02-13;1883;Paul, Stewart and Pierce;2024-08-13;Water;weight;44.0;house;Mercado de Legumes
156;101;2021-05-23;4769;Wilkinson, George and Turner;2024-05-22;Include;happen;;;Mercado de Legumes
181;46;2023-08-09;766;Jackson, Munoz and Guzman;2025-04-01;Sport;identify;;;Mercado de Fruta
436;201;2020-12-13;2509;Henry, Krueger and Freeman;2021-09-19;Senior;many;;;Mercado de Flores
415;868;2024-11-27;2855;Anderson, Yoder and Taylor;2021-08-26;Sister;join;60.0;thing;Mercado de Fruta
469;802;2022-06-21;2064;Hall Ltd;2024-01-09;Institution;among;173.0;seem;Mercado de Fruta
149;668;2025-09-21;1556;Sawyer LLC;2026-01-27;Assume;argue;;;Mercado de Legumes
456;480;2025-04-05;144;Price, Franklin and Duarte;2025-01-08;Actually;various;;;Mercado de Flores
358;656;2020-02-24;1205;Mccormick and Sons;2023-11-06;Republican;off;24.0;during;Mercado de Legumes
358;656;2020-02-24;1205;Mccormick and Sons;2023-11-06;Republican;off;138.0;democratic;Mercado de Legumes
46;615;2021-06-19;3493;Jones-Atkinson;2022-09-28;Speech;training;;;Mercado de Flores
138;821;2020-10-02;4937;Lee-Keller;2023-10-06;Create;change;117.0;staff;Mercado de Legumes
422;902;2025-08-20;1885;Wright, Dickerson and Mcdonald;2023-02-13;All;way;162.0;management;Mercado de Legumes
404;339;2026-01-07;4287;Jordan, Kim and Bowman;2024-02-28;Agreement;firm;;;Mercado de Flores
452;918;2024-08-08;324;Sims LLC;2025-12-16;Reason;man;;;Mercado de Flores
38;679;2025-01-28;1677;Moore LLC;2022-08-15;Also;husband;;;Mercado de Fruta
186;754;2026-01-22;3927;Glass LLC;2021-02-27;Professor;despite;;;Mercado de Fruta
224;468;2026-01-26;2276;Coleman-Green;2021-04-06;Box;it;137.0;mission;Mercado de Flores
34;72;2021-07-07;4237;Martinez, Beck and Moyer;2022-10-22;Eat;accept;47.0;too;Mercado de Flores
217;483;2021-03-30;2201;Moore, Guzman and Moore;2022-12-25;Lead;chair;;;Mercado de Flores
408;423;2023-03-08;4355;Wright-Jones;2022-01-26;Politics;teacher;;;Mercado de Flores
449;274;2020-11-08;1313;Price-Mckay;2023-01-29;Generation;officer;;;Mercado de Fruta
493;58;2025-01-17;1999;Blake Group;2025-03-31;Animal;occur;110.0;truth;Mercado de Fruta
73;670;2020-07-19;1061;Adams, Lamb and Ellis;2022-05-26;Forward;where;;;Mercado de Fruta
170;795;2022-05-14;2721;Collins-Campos;2025-06-15;Hotel;standard;;;Mercado de Flores
243;831;2024-07-04;1266;Jensen, Flores and Barnes;2021-07-05;Yard;everyone;;;Mercado de Flores
20;575;2021-11-03;3966;Wilkerson PLC;2021-05-09;Great;age;116.0;explain;Mercado de Legumes
456;385;2023-09-22;3736;Price, Franklin and Duarte;2025-01-08;Position;turn;;;Mercado de Fruta
276;635;2024-08-08;183;Spencer PLC;2025-06-17;He;over;;;Mercado de Legumes
225;674;2023-07-07;1889;Bradley-Phillips;2021-10-31;Remain;voice;;;Mercado de Legumes
436;894;2021-02-15;815;Henry, Krueger and Freeman;2021-09-19;Camera;field;;;Mercado de Flores
44;230;2023-11-19;1255;Johnson, Hooper and Norton;2022-03-04;Theory;study;;;Mercado de Legumes
109;682;2023-10-22;1295;Sanchez-Atkinson;2024-07-27;Wrong;organization;;;Mercado de Fruta
81;19;2025-01-12;585;Norton, Mccoy and Torres;2021-07-03;Social;message;;;Mercado de Fruta
274;384;2025-03-04;2343;Sosa Group;2026-01-19;Sort;physical;;;Mercado de Flores
459;800;2021-12-09;2045;Holland, Evans and Myers;2023-04-18;Account;whom;25.0;large;Mercado de Legumes
363;957;2022-07-23;2404;Adams Group;2023-01-02;Glass;especially;27.0;college;Mercado de Flores
363;957;2022-07-23;2404;Adams Group;2023-01-02;Glass;especially;170.0;clearly;Mercado de Flores
109;717;2020-08-19;608;Sanchez-Atkinson;2024-07-27;Year;mention;;;Mercado de Flores
242;805;2021-12-21;178;Bishop, Acosta and Obrien;2022-08-25;Six;entire;;;Mercado de Fruta
87;768;2024-09-24;718;Mason Inc;2025-07-04;Drive;audience;;;Mercado de Flores
475;914;2022-12-13;828;Luna Ltd;2025-03-23;Study;choose;;;Mercado de Legumes
305;382;2020-06-14;2388;Johnson-Hunter;2023-04-03;Political;Democrat;;;Mercado de Fruta
475;134;2023-04-16;3494;Luna Ltd;2025-03-23;Voice;try;;;Mercado de Legumes
14;252;2022-07-04;2247;Harrison-Moore;2024-09-28;Despite;establish;;;Mercado de Flores
335;557;2025-11-13;4336;Webb Inc;2023-03-12;Heavy;order;;;Mercado de Legumes
60;348;2022-07-22;4756;Brown, Ortega and Moran;2023-07-07;End;maintain;;;Mercado de Flores
55;626;2021-05-13;2314;Hill, Allen and Rodriguez;2022-07-31;Energy;base;114.0;ability;Mercado de Legumes
395;828;2023-11-30;682;Santana-Ray;2022-09-09;Training;finish;;;Mercado de Flores
360;533;2022-11-20;2180;Harris-Stephens;2024-08-29;Language;those;48.0;rate;Mercado de Legumes
94;214;2023-02-19;3729;Boyd, Mcdaniel and Marsh;2022-05-03;Available;evidence;16.0;thing;Mercado de Fruta
349;828;2024-04-23;1168;Wise-Perry;2021-04-04;Training;finish;;;Mercado de Flores
217;691;2026-02-16;3993;Moore, Guzman and Moore;2022-12-25;Outside;card;;;Mercado de Fruta
41;472;2022-11-17;4971;Stephenson-Lee;2025-10-15;Different;deep;;;Mercado de Fruta
369;326;2022-11-18;1150;Frank-Glover;2023-12-24;Sit;remain;;;Mercado de Legumes
171;670;2020-01-01;1181;Holt Ltd;2021-04-28;Forward;where;57.0;seek;Mercado de Fruta
489;117;2025-01-15;3946;Lee, Guerrero and Alexander;2026-01-14;It;senior;;;Mercado de Flores
77;413;2021-08-14;2037;Carter PLC;2024-11-13;Really;traditional;;;Mercado de Legumes
316;335;2024-02-28;4747;Rodriguez, Huff and Holland;2024-08-16;Girl;serious;;;Mercado de Legumes
76;721;2020-02-20;3686;Sparks Ltd;2022-05-22;Among;begin;;;Mercado de Fruta
257;945;2022-07-31;1672;Mclaughlin, Noble and Mccall;2023-07-02;Peace;student;;;Mercado de Flores
140;239;2021-02-24;1892;Woodard PLC;2021-04-23;Difference;stand;;;Mercado de Legumes
86;670;2022-06-01;4515;Frederick, Kelly and Willis;2023-11-24;Forward;where;;;Mercado de Fruta
371;615;2024-01-14;1126;Wells, Jenkins and Martin;2025-08-30;Speech;training;;;Mercado de Flores
478;312;2022-07-08;3469;Vaughan, Tucker and Jackson;2023-05-14;Major;according;;;Mercado de Flores
431;394;2020-02-27;3966;Taylor Inc;2024-08-22;Information;analysis;104.0;account;Mercado de Fruta
318;13;2020-08-24;2685;Gutierrez, Cisneros and Phillips;2021-07-28;Tv;prove;;;Mercado de Fruta
79;653;2020-10-15;2914;Lopez, Newton and Rivera;2021-03-22;Loss;east;;;Mercado de Legumes
167;606;2026-02-05;2864;Walker LLC;2023-07-29;More;society;;;Mercado de Flores
277;56;2020-10-31;1194;Bennett Group;2021-03-31;Forward;note;;;Mercado de Legumes
269;573;2023-04-05;3914;Garcia, Velasquez and James;2024-10-15;Speech;whether;;;Mercado de Flores
14;668;2020-08-05;1527;Harrison-Moore;2024-09-28;Assume;argue;;;Mercado de Legumes
7;903;2023-06-02;1086;Davis, Armstrong and Brown;2023-02-05;Social;light;;;Mercado de Flores
399;252;2024-12-20;1300;Scott Group;2021-11-11;Despite;establish;84.0;page;Mercado de Flores
379;629;2026-01-19;1608;Ross, Ray and Bean;2023-09-04;Defense;whom;22.0;join;Mercado de Legumes
238;559;2023-09-30;2836;Whitney, Kim and Moore;2025-02-23;Admit;position;;;Mercado de Fruta
88;773;2025-05-07;472;Brewer Ltd;2023-01-19;Personal;sea;;;Mercado de Legumes
165;255;2025-11-12;1644;Williams, Griffith and Craig;2025-01-08;Better;scientist;39.0;away;Mercado de Flores
375;500;2020-01-18;969;Dixon-Williams;2021-07-20;Arrive;brother;;;Mercado de Legumes
33;735;2021-05-21;4571;Sims, Meza and Haynes;2021-09-04;Prevent;real;;;Mercado de Flores
316;866;2022-11-11;2272;Rodriguez, Huff and Holland;2024-08-16;Base;compare;;;Mercado de Legumes
6;229;2021-12-24;4687;Parker, Kelly and Golden;2022-01-20;Go;run;12.0;sign;Mercado de Fruta
185;349;2025-01-07;2050;Jennings PLC;2024-02-10;Hour;think;;;Mercado de Fruta
325;174;2024-11-07;2385;Barrett Group;2022-12-07;Culture;back;;;Mercado de Flores
498;913;2025-05-17;3547;Walker-Kirk;2024-03-19;Bed;remember;;;Mercado de Fruta
270;457;2023-05-24;2195;Knight-Alexander;2023-05-25;Either;late;175.0;practice;Mercado de Fruta
453;241;2026-01-23;1375;Tran PLC;2023-10-18;True;summer;88.0;inside;Mercado de Fruta
36;751;2022-12-10;2224;Williams Inc;2025-02-07;If;identify;152.0;increase;Mercado de Fruta
8;100;2023-02-06;4381;Garcia-Lawson;2024-11-18;Stuff;physical;;;Mercado de Fruta
105;203;2025-11-12;3922;Mccall and Sons;2022-01-20;Wind;stock;5.0;meet;Mercado de Legumes
105;203;2025-11-12;3922;Mccall and Sons;2022-01-20;Wind;stock;187.0;coach;Mercado de Legumes
304;215;2021-10-02;4719;Welch Ltd;2022-10-24;Whom;wear;190.0;give;Mercado de Legumes
123;952;2020-04-12;3861;Rivas LLC;2024-11-01;Religious;positive;54.0;million;Mercado de Fruta
123;952;2020-04-12;3861;Rivas LLC;2024-11-01;Religious;positive;108.0;office;Mercado de Fruta
319;527;2025-07-14;4252;Lee-White;2022-01-14;Money;experience;;;Mercado de Legumes
468;11;2025-08-01;1354;Crawford, Barnes and Aguilar;2021-04-19;Cover;real;;;Mercado de Legumes
76;792;2021-11-28;4595;Sparks Ltd;2022-05-22;Eight;leg;;;Mercado de Flores
145;762;2025-10-08;1244;Weaver Ltd;2021-10-16;Republican;audience;;;Mercado de Flores
268;823;2020-04-26;2255;Taylor Inc;2022-03-26;Music;certainly;;;Mercado de Fruta
345;977;2021-12-30;1910;Perez-Shannon;2023-09-04;Decision;off;;;Mercado de Legumes
304;450;2021-11-21;4613;Welch Ltd;2022-10-24;Study;personal;190.0;give;Mercado de Flores
456;753;2024-06-02;530;Price, Franklin and Duarte;2025-01-08;First;last;;;Mercado de Flores
409;529;2023-05-16;3705;Long Ltd;2024-03-21;Car;season;;;Mercado de Fruta
162;942;2024-02-01;1913;Jacobs-Watson;2025-05-15;Bill;reason;;;Mercado de Flores
103;855;2023-05-07;1279;Miller, Rojas and Hall;2024-12-07;Matter;marriage;;;Mercado de Flores
229;502;2022-11-21;4704;Johnson, Sanders and Lam;2021-09-13;Life;knowledge;;;Mercado de Fruta
51;905;2021-10-14;2905;Mueller-Herrera;2022-08-02;Economic;meet;;;Mercado de Legumes
371;848;2020-11-16;138;Wells, Jenkins and Martin;2025-08-30;Focus;very;;;Mercado de Legumes
18;584;2023-02-24;3205;Ford-Garrett;2025-06-05;Consumer;half;;;Mercado de Legumes
197;886;2025-02-06;3317;Tate, Wilson and Wilson;2026-02-16;Compare;student;142.0;pattern;Mercado de Fruta
3;988;2025-11-21;1762;Cruz, Hurley and Graham;2024-07-17;Near;foreign;;;Mercado de Fruta
421;171;2024-06-29;3118;Martin LLC;2023-10-20;Style;bill;;;Mercado de Flores
260;957;2021-01-17;789;Smith, Carter and Blake;2021-07-29;Glass;especially;;;Mercado de Flores
210;722;2020-01-29;4058;Clark Ltd;2024-07-20;Executive;training;19.0;perhaps;Mercado de Legumes
48;130;2022-03-05;158;Munoz Ltd;2021-03-17;They;really;;;Mercado de Fruta
38;302;2022-07-07;112;Moore LLC;2022-08-15;Poor;responsibility;;;Mercado de Legumes
497;395;2022-03-04;4525;Bowers-Townsend;2022-08-31;Course;remain;;;Mercado de Legumes
392;526;2024-10-28;2233;Nelson-Donaldson;2024-05-14;Other;memory;107.0;sense;Mercado de Fruta
273;397;2025-07-16;4816;Deleon, Conway and Sanchez;2024-12-11;Reveal;return;134.0;leg;Mercado de Fruta
434;587;2022-08-18;2073;Reyes LLC;2023-06-10;Purpose;player;;;Mercado de Legumes
40;745;2022-01-12;390;Andrade, Mcclure and Alvarez;2025-08-03;Large;nature;95.0;executive;Mercado de Fruta
383;109;2021-07-19;3625;Price-Pearson;2022-09-23;Degree;one;;;Mercado de Fruta
109;523;2022-02-27;1275;Sanchez-Atkinson;2024-07-27;Industry;buy;;;Mercado de Fruta
142;639;2023-01-29;4068;Guzman Inc;2024-04-08;Local;effort;2.0;beyond;Mercado de Flores
484;814;2024-02-15;1128;Greene Inc;2024-11-23;Natural;foot;124.0;follow;Mercado de Fruta
89;882;2025-08-11;1664;Johns, Wolf and Osborne;2023-07-02;Station;possible;;;Mercado de Flores
145;664;2021-07-18;4409;Weaver Ltd;2021-10-16;Seat;according;;;Mercado de Fruta
159;524;2024-08-12;1431;Johnson, Long and Benson;2022-06-05;Black;very;;;Mercado de Legumes
196;485;2023-07-19;4674;Robinson-Cowan;2025-03-23;However;debate;;;Mercado de Legumes
47;60;2025-03-24;888;Benjamin-Reed;2024-09-25;Accept;low;;;Mercado de Flores
16;686;2025-09-03;2892;Barber, Dominguez and Smith;2024-03-10;Difference;black;122.0;any;Mercado de Legumes
16;686;2025-09-03;2892;Barber, Dominguez and Smith;2024-03-10;Difference;black;160.0;meet;Mercado de Legumes
16;686;2025-09-03;2892;Barber, Dominguez and Smith;2024-03-10;Difference;black;192.0;single;Mercado de Legumes
488;672;2020-06-20;1719;Rodriguez and Sons;2022-03-26;Total;hold;;;Mercado de Flores
455;44;2024-01-12;3059;Giles, Lewis and Sampson;2021-08-24;Ready;level;;;Mercado de Legumes
147;724;2021-04-20;4509;Hess-Dickson;2022-09-18;Western;have;119.0;force;Mercado de Fruta
433;918;2021-06-19;1913;Ballard-Orozco;2024-02-08;Reason;man;136.0;of;Mercado de Flores
333;583;2023-03-14;1822;Robinson, Riddle and Reese;2024-10-16;Business;force;;;Mercado de Fruta
172;833;2022-04-21;176;Grant-Jordan;2024-08-24;Each;even;;;Mercado de Legumes
1;929;2022-07-10;910;Cooper and Sons;2022-04-26;Mrs;avoid;;;Mercado de Legumes
43;203;2021-08-01;2103;Hubbard-Morgan;2026-01-13;Wind;stock;120.0;once;Mercado de Legumes
438;425;2024-10-06;2993;Reed, Vega and Ho;2022-04-05;Party;yes;42.0;seem;Mercado de Legumes
68;729;2023-02-17;852;Howard-Olson;2023-03-02;Age;near;;;Mercado de Flores
79;128;2021-03-04;833;Lopez, Newton and Rivera;2021-03-22;Employee;each;;;Mercado de Legumes
265;559;2023-02-25;362;Baker-Wheeler;2021-11-02;Admit;position;;;Mercado de Fruta
108;64;2022-03-18;3057;Mejia Ltd;2021-06-22;Sell;care;;;Mercado de Fruta
109;378;2022-01-14;4016;Sanchez-Atkinson;2024-07-27;Under;kitchen;;;Mercado de Flores
487;666;2023-09-10;2072;Martin, Mosley and York;2022-04-29;Measure;focus;;;Mercado de Flores
215;542;2023-06-01;3786;Jimenez-Gates;2022-10-05;School;itself;;;Mercado de Legumes
334;644;2021-12-20;4617;Hernandez-Mason;2024-04-05;Draw;remember;140.0;ok;Mercado de Legumes
375;201;2024-06-02;1435;Dixon-Williams;2021-07-20;Senior;many;;;Mercado de Flores
67;575;2022-09-12;1456;Jones, Wolf and Smith;2022-08-07;Great;age;;;Mercado de Legumes
145;44;2022-01-29;1874;Weaver Ltd;2021-10-16;Ready;level;;;Mercado de Legumes
411;110;2024-05-26;3933;Howard-Gomez;2021-12-18;Our;manage;62.0;care;Mercado de Legumes
242;469;2025-02-16;4083;Bishop, Acosta and Obrien;2022-08-25;Throughout;north;;;Mercado de Fruta
383;94;2020-02-14;3244;Price-Pearson;2022-09-23;Difficult;set;;;Mercado de Fruta
284;40;2022-02-10;3849;Wilson, Nixon and Sanchez;2022-10-14;Realize;table;;;Mercado de Fruta
217;618;2021-09-04;4913;Moore, Guzman and Moore;2022-12-25;West;manage;;;Mercado de Flores
277;153;2024-03-16;2393;Bennett Group;2021-03-31;Look;at;;;Mercado de Flores
448;973;2024-01-18;2140;Jacobs Ltd;2024-09-13;Loss;term;;;Mercado de Fruta
494;266;2022-08-24;4558;Rasmussen Group;2023-04-05;Speak;fill;;;Mercado de Legumes
75;130;2023-12-31;3928;Conley LLC;2025-11-10;They;really;;;Mercado de Fruta
404;147;2023-09-13;4395;Jordan, Kim and Bowman;2024-02-28;Individual;court;;;Mercado de Flores
61;657;2023-07-30;3528;Stewart, Hopkins and Williams;2021-12-31;Area;reality;;;Mercado de Flores
282;92;2022-09-25;2153;Wilson LLC;2025-01-17;System;dark;130.0;billion;Mercado de Legumes
282;92;2022-09-25;2153;Wilson LLC;2025-01-17;System;dark;167.0;wonder;Mercado de Legumes
279;428;2023-11-11;1539;Craig, Gordon and Chang;2021-06-08;Any;front;;;Mercado de Legumes
361;852;2025-12-13;1706;Martinez Ltd;2023-11-22;Off;another;80.0;by;Mercado de Flores
387;721;2025-10-21;979;Smith Group;2022-08-12;Among;begin;15.0;Mrs;Mercado de Fruta
387;721;2025-10-21;979;Smith Group;2022-08-12;Among;begin;65.0;window;Mercado de Fruta
340;566;2021-02-07;2281;James Inc;2024-10-08;Something;computer;165.0;full;Mercado de Legumes
455;645;2022-02-02;2230;Giles, Lewis and Sampson;2021-08-24;Turn;herself;;;Mercado de Flores
248;647;2025-02-08;4583;Reese, Flores and Wright;2025-04-24;Husband;with;;;Mercado de Legumes
2;611;2022-10-14;3824;Rogers, Fernandez and Perez;2023-11-29;Career;rate;176.0;price;Mercado de Legumes
2;611;2022-10-14;3824;Rogers, Fernandez and Perez;2023-11-29;Career;rate;199.0;lot;Mercado de Legumes
84;543;2024-07-27;3358;Daniels LLC;2023-11-15;Pick;already;;;Mercado de Flores
430;575;2025-07-21;2661;Guerrero-Hernandez;2024-02-11;Great;age;146.0;amount;Mercado de Legumes
163;873;2021-11-30;2644;Rogers and Sons;2024-04-13;Strategy;success;;;Mercado de Flores
89;204;2022-07-11;3776;Johns, Wolf and Osborne;2023-07-02;Father;lawyer;;;Mercado de Flores
163;266;2024-11-07;675;Rogers and Sons;2024-04-13;Speak;fill;;;Mercado de Legumes
359;105;2020-10-11;1924;Thompson-Miller;2025-10-31;Dog;fish;;;Mercado de Flores
477;115;2021-05-09;2695;Jenkins-Butler;2023-02-09;Current;describe;;;Mercado de Fruta
54;40;2021-09-30;4279;Schroeder, Hahn and Miller;2021-03-11;Realize;table;;;Mercado de Fruta
445;598;2021-02-06;4241;Rodriguez LLC;2023-11-14;Oil;speech;;;Mercado de Fruta
147;22;2021-07-24;429;Hess-Dickson;2022-09-18;Stand;choice;119.0;force;Mercado de Fruta
300;853;2025-07-21;383;Saunders-Marshall;2022-10-25;Light;politics;;;Mercado de Fruta
335;675;2020-06-27;4204;Webb Inc;2023-03-12;Land;easy;;;Mercado de Flores
111;375;2022-08-23;4607;Huff-Garcia;2024-06-20;Employee;field;;;Mercado de Flores
337;744;2024-07-18;3775;Jackson Ltd;2022-01-03;Effect;evening;14.0;fight;Mercado de Flores
236;162;2020-12-10;2589;Butler, Williams and Hoffman;2023-04-13;Enjoy;per;;;Mercado de Flores
211;236;2025-12-29;203;Robinson LLC;2022-02-07;Cultural;control;153.0;thus;Mercado de Legumes
175;2;2022-05-22;986;Alvarado, Cobb and Dillon;2023-09-19;Not;interesting;85.0;over;Mercado de Legumes
160;714;2020-01-29;2298;Marshall and Sons;2024-12-11;Range;late;63.0;sit;Mercado de Flores
212;538;2020-10-16;2422;Mckenzie Ltd;2023-12-02;Team;word;;;Mercado de Fruta
174;12;2020-12-11;4397;Pope, Perez and Mcdonald;2024-06-19;Not;Congress;;;Mercado de Flores
255;460;2023-10-17;3017;Rodriguez Inc;2021-07-28;Across;others;;;Mercado de Fruta
131;18;2024-02-06;2303;Schroeder, Moss and Rivas;2021-05-15;Large;skill;;;Mercado de Flores
223;67;2023-06-02;1247;Wilcox, Johnson and Dunlap;2025-04-12;Money;inside;17.0;character;Mercado de Fruta
354;250;2024-03-06;4746;Martinez, Sanchez and Smith;2023-08-21;Memory;Democrat;;;Mercado de Fruta
286;838;2022-09-30;1411;James PLC;2024-11-09;Phone;interview;;;Mercado de Fruta
161;162;2025-07-13;2428;Mays-Harmon;2022-10-23;Enjoy;per;;;Mercado de Flores
247;147;2022-06-21;4885;Rivera Group;2021-12-30;Individual;court;197.0;possible;Mercado de Flores
137;777;2022-02-28;3811;Gray, Kim and Doyle;2023-09-10;Few;citizen;;;Mercado de Flores
166;871;2025-03-30;4982;Savage-Martin;2025-07-07;Party;street;;;Mercado de Fruta
196;608;2020-01-29;4253;Robinson-Cowan;2025-03-23;Answer;size;;;Mercado de Legumes
41;279;2022-06-14;973;Stephenson-Lee;2025-10-15;Red;join;;;Mercado de Flores
103;829;2020-07-04;3061;Miller, Rojas and Hall;2024-12-07;Fall;outside;;;Mercado de Fruta
3;232;2022-12-21;1397;Cruz, Hurley and Graham;2024-07-17;Parent;cut;;;Mercado de Fruta
484;225;2024-04-02;3068;Greene Inc;2024-11-23;Rule;industry;124.0;follow;Mercado de Flores
363;576;2022-01-11;3608;Adams Group;2023-01-02;Support;close;27.0;college;Mercado de Flores
363;576;2022-01-11;3608;Adams Group;2023-01-02;Support;close;170.0;clearly;Mercado de Flores
194;927;2025-10-23;2953;Bowen and Sons;2022-07-29;Middle;enough;;;Mercado de Flores
377;734;2022-10-16;1780;Humphrey-Hancock;2023-12-16;Win;prevent;;;Mercado de Legumes
75;666;2024-01-10;4924;Conley LLC;2025-11-10;Measure;focus;;;Mercado de Flores
220;380;2026-01-11;3133;Sharp-Williams;2024-08-10;Character;forward;;;Mercado de Legumes
184;409;2025-11-09;1548;Moore, Lopez and Santos;2021-12-10;Baby;model;;;Mercado de Fruta
249;405;2020-03-27;3338;Dunlap, Cabrera and Thompson;2021-04-23;Structure;wide;;;Mercado de Flores
6;984;2024-07-28;2190;Parker, Kelly and Golden;2022-01-20;Foot;forward;12.0;sign;Mercado de Flores
246;676;2023-03-11;3778;Wood-Fisher;2025-06-13;Red;dog;;;Mercado de Fruta
349;213;2020-08-12;3634;Wise-Perry;2021-04-04;Despite;environment;;;Mercado de Flores
82;112;2023-08-16;4196;Perez PLC;2022-08-24;Happen;human;;;Mercado de Fruta
54;519;2025-04-28;4845;Schroeder, Hahn and Miller;2021-03-11;Feeling;set;;;Mercado de Flores
480;215;2020-11-30;938;Jones-Chavez;2022-10-24;Whom;wear;99.0;then;Mercado de Legumes
480;215;2020-11-30;938;Jones-Chavez;2022-10-24;Whom;wear;131.0;religious;Mercado de Legumes
104;689;2022-12-27;1450;Mosley, Petty and Davis;2026-01-02;Raise;clear;;;Mercado de Legumes
278;304;2021-05-12;280;Morrow-Compton;2025-06-19;Charge;this;90.0;star;Mercado de Fruta
267;292;2025-08-09;4984;Wagner Inc;2022-03-29;Wide;event;;;Mercado de Fruta
71;675;2021-06-05;4728;Krueger, Trujillo and Gonzalez;2022-01-15;Land;easy;;;Mercado de Flores
182;319;2023-02-24;4752;Moore, Rivera and Nguyen;2024-06-18;Green;almost;;;Mercado de Fruta
242;234;2025-07-10;4399;Bishop, Acosta and Obrien;2022-08-25;Edge;woman;;;Mercado de Flores
250;571;2023-11-23;3838;Williams LLC;2024-05-24;Wife;bill;;;Mercado de Fruta
328;936;2022-05-11;4667;Lee, Figueroa and Silva;2023-01-06;Dream;speak;;;Mercado de Flores
139;553;2024-12-09;1933;Ramirez, Powell and Chen;2025-10-04;Pick;member;81.0;majority;Mercado de Fruta
265;71;2022-09-04;3551;Baker-Wheeler;2021-11-02;Hundred;rather;;;Mercado de Legumes
390;629;2023-10-23;1449;Lawrence, Gardner and Harris;2023-03-17;Defense;whom;;;Mercado de Legumes
168;705;2022-07-15;2612;Martinez and Sons;2023-10-25;Size;whole;4.0;along;Mercado de Flores
151;759;2026-02-06;3386;Duncan PLC;2023-08-10;Own;recognize;;;Mercado de Flores
164;466;2021-10-03;3280;Acevedo-Potts;2021-06-29;Government;exist;;;Mercado de Fruta
34;597;2020-01-24;3268;Martinez, Beck and Moyer;2022-10-22;Also;popular;47.0;too;Mercado de Flores
464;1000;2021-12-24;4868;Morris Ltd;2021-10-01;Century;center;;;Mercado de Fruta
303;314;2023-09-24;3713;Bishop, Evans and Thompson;2021-12-22;Laugh;daughter;;;Mercado de Legumes
297;327;2024-09-04;2626;Martin-Stuart;2023-04-09;Number;field;;;Mercado de Flores
223;408;2021-02-07;4750;Wilcox, Johnson and Dunlap;2025-04-12;Agree;represent;17.0;character;Mercado de Flores
445;974;2025-01-17;4409;Rodriguez LLC;2023-11-14;Eight;group;;;Mercado de Legumes
221;830;2025-06-25;575;Gardner Group;2024-11-05;Customer;cut;41.0;big;Mercado de Legumes
363;244;2024-09-10;2161;Adams Group;2023-01-02;School;write;27.0;college;Mercado de Fruta
363;244;2024-09-10;2161;Adams Group;2023-01-02;School;write;170.0;clearly;Mercado de Fruta
156;963;2020-03-29;896;Wilkinson, George and Turner;2024-05-22;End;order;;;Mercado de Flores
240;908;2020-03-02;4112;Cannon-Newman;2024-02-03;Lawyer;outside;31.0;coach;Mercado de Legumes
43;757;2021-05-05;3944;Hubbard-Morgan;2026-01-13;Theory;make;120.0;once;Mercado de Fruta
475;595;2025-03-25;1570;Luna Ltd;2025-03-23;Especially;staff;;;Mercado de Fruta
285;107;2025-01-23;1374;English-Williams;2023-09-29;Modern;yes;;;Mercado de Legumes
474;734;2021-03-24;4951;Alvarez, Lee and Lopez;2021-04-28;Win;prevent;127.0;through;Mercado de Legumes
474;734;2021-03-24;4951;Alvarez, Lee and Lopez;2021-04-28;Win;prevent;163.0;party;Mercado de Legumes
256;253;2024-06-24;940;Martinez and Sons;2022-09-09;Concern;responsibility;6.0;bar;Mercado de Fruta
186;343;2020-08-21;1479;Glass LLC;2021-02-27;Camera;theory;;;Mercado de Fruta
338;692;2025-03-07;2014;Brown Ltd;2025-02-19;Fact;finally;;;Mercado de Legumes
153;37;2020-01-23;584;Wilson, Spears and Mitchell;2025-04-21;My;various;79.0;image;Mercado de Fruta
271;990;2020-05-25;2146;Lucero-Dawson;2021-03-15;Condition;region;;;Mercado de Flores
388;254;2025-01-15;4167;Gutierrez-Wright;2025-12-14;They;pay;;;Mercado de Legumes
169;758;2024-06-20;2300;Hall Inc;2025-03-03;Every;stock;;;Mercado de Legumes
188;745;2020-04-28;2305;Davis, Cortez and Young;2022-03-06;Large;nature;133.0;assume;Mercado de Fruta
188;745;2020-04-28;2305;Davis, Cortez and Young;2022-03-06;Large;nature;135.0;support;Mercado de Fruta
395;975;2020-09-05;4231;Santana-Ray;2022-09-09;Future;hear;;;Mercado de Flores
230;922;2025-04-15;3886;Shelton Inc;2023-04-03;Daughter;remember;169.0;hot;Mercado de Fruta
414;664;2024-03-21;4008;Nguyen-Becker;2023-04-12;Seat;according;;;Mercado de Fruta
494;503;2021-08-21;3065;Rasmussen Group;2023-04-05;Product;society;;;Mercado de Legumes
127;67;2020-09-05;3888;Hill PLC;2025-05-30;Money;inside;73.0;Congress;Mercado de Fruta
104;124;2022-02-27;106;Mosley, Petty and Davis;2026-01-02;Find;how;;;Mercado de Fruta
285;636;2022-05-31;4918;English-Williams;2023-09-29;Second;arrive;;;Mercado de Flores
45;803;2022-09-22;3478;Carney-Walker;2023-06-05;Case;simply;;;Mercado de Legumes
87;584;2020-06-21;802;Mason Inc;2025-07-04;Consumer;half;;;Mercado de Legumes
75;424;2021-01-14;4044;Conley LLC;2025-11-10;Brother;interesting;;;Mercado de Fruta
454;369;2025-06-21;4391;Gonzales-Gonzales;2022-11-22;Oil;likely;;;Mercado de Flores
467;331;2025-11-27;3021;Wilson PLC;2021-12-24;Any;respond;;;Mercado de Fruta
386;327;2020-02-06;2576;Hayden-Ellis;2026-01-01;Number;field;;;Mercado de Flores
404;406;2020-06-11;1278;Jordan, Kim and Bowman;2024-02-28;Go;ability;;;Mercado de Fruta
295;480;2023-12-01;958;Sandoval, Castillo and Golden;2025-02-04;Actually;various;;;Mercado de Flores
456;143;2024-03-27;3293;Price, Franklin and Duarte;2025-01-08;Film;could;;;Mercado de Legumes
252;997;2024-08-15;1169;Mitchell, Phillips and Marshall;2024-10-27;Population;produce;105.0;partner;Mercado de Fruta
45;865;2024-07-26;2712;Carney-Walker;2023-06-05;Reveal;human;;;Mercado de Fruta
161;812;2023-05-30;2028;Mays-Harmon;2022-10-23;Debate;let;;;Mercado de Legumes
202;874;2020-09-06;3280;Thomas-Sanders;2025-02-12;Win;enjoy;;;Mercado de Fruta
365;371;2025-04-17;2488;Cantu, Palmer and Thomas;2025-01-03;Price;material;;;Mercado de Legumes
241;128;2022-02-12;985;Bates-Rivera;2022-09-06;Employee;each;;;Mercado de Legumes
471;210;2023-09-27;1750;Mason-Rogers;2025-10-13;Low;feel;;;Mercado de Flores
305;190;2026-01-01;4545;Johnson-Hunter;2023-04-03;Ago;pass;;;Mercado de Fruta
79;732;2023-02-19;3410;Lopez, Newton and Rivera;2021-03-22;Test;type;;;Mercado de Flores
248;231;2023-09-17;4312;Reese, Flores and Wright;2025-04-24;Memory;wide;;;Mercado de Flores
111;149;2023-01-11;2958;Huff-Garcia;2024-06-20;Brother;ball;;;Mercado de Legumes
244;454;2021-09-16;4107;Perez Ltd;2024-11-05;To;around;;;Mercado de Fruta
445;758;2024-07-04;589;Rodriguez LLC;2023-11-14;Every;stock;;;Mercado de Legumes
434;35;2025-05-05;4369;Reyes LLC;2023-06-10;Shake;most;;;Mercado de Legumes
161;870;2020-08-14;4839;Mays-Harmon;2022-10-23;Open;perhaps;;;Mercado de Flores
174;519;2021-08-09;3565;Pope, Perez and Mcdonald;2024-06-19;Feeling;set;;;Mercado de Flores
415;559;2024-06-29;2932;Anderson, Yoder and Taylor;2021-08-26;Admit;position;60.0;thing;Mercado de Fruta
38;482;2025-11-18;4090;Moore LLC;2022-08-15;Manager;behavior;;;Mercado de Legumes
166;131;2024-03-10;4300;Savage-Martin;2025-07-07;Generation;work;;;Mercado de Legumes
262;3;2023-06-28;4223;Williams and Sons;2023-12-20;Development;approach;;;Mercado de Flores
54;700;2025-09-17;3589;Schroeder, Hahn and Miller;2021-03-11;Great;against;;;Mercado de Fruta
89;415;2021-08-16;2774;Johns, Wolf and Osborne;2023-07-02;Recent;over;;;Mercado de Fruta
336;780;2024-09-20;2402;Michael and Sons;2022-10-12;Charge;beyond;;;Mercado de Flores
29;242;2024-09-04;3456;Mills Group;2024-12-01;Again;eight;37.0;sister;Mercado de Legumes
29;242;2024-09-04;3456;Mills Group;2024-12-01;Again;eight;174.0;might;Mercado de Legumes
479;285;2024-04-22;1183;Reynolds, Christian and Lopez;2021-07-19;Commercial;evidence;;;Mercado de Flores
392;53;2021-01-07;4947;Nelson-Donaldson;2024-05-14;Special;be;107.0;sense;Mercado de Legumes
180;342;2020-11-12;3805;Tran-Huynh;2021-10-01;May;good;3.0;teach;Mercado de Flores
342;929;2022-04-07;2307;Hernandez-King;2022-04-10;Mrs;avoid;;;Mercado de Legumes
221;408;2020-12-04;3323;Gardner Group;2024-11-05;Agree;represent;41.0;big;Mercado de Flores
236;585;2024-05-01;4567;Butler, Williams and Hoffman;2023-04-13;Top;middle;;;Mercado de Flores
146;854;2025-06-29;1737;Christian, Lee and Stewart;2024-07-08;Somebody;once;126.0;enter;Mercado de Legumes
379;420;2025-02-02;1812;Ross, Ray and Bean;2023-09-04;Enjoy;long;22.0;join;Mercado de Flores
204;864;2025-09-08;4495;Flynn-Knight;2023-08-04;Region;personal;;;Mercado de Flores
392;601;2021-11-28;992;Nelson-Donaldson;2024-05-14;Item;president;107.0;sense;Mercado de Fruta
403;747;2023-06-24;1243;Reynolds PLC;2023-07-11;Respond;night;70.0;score;Mercado de Flores
19;55;2020-02-13;2487;Taylor Group;2023-12-11;Themselves;believe;;;Mercado de Fruta
76;800;2024-02-16;1514;Sparks Ltd;2022-05-22;Account;whom;;;Mercado de Legumes
156;714;2021-10-18;3910;Wilkinson, George and Turner;2024-05-22;Range;late;;;Mercado de Flores
423;190;2022-05-12;2225;Goodman-Hayes;2024-12-18;Ago;pass;;;Mercado de Fruta
460;607;2022-09-14;1078;Davenport-Cook;2021-03-09;Make;meet;;;Mercado de Fruta
287;947;2021-03-10;3590;Bailey, Bush and Hernandez;2024-12-15;Unit;soon;148.0;room;Mercado de Legumes
420;539;2022-01-29;1728;Brooks Ltd;2021-05-23;Whom;what;;;Mercado de Legumes
231;609;2026-01-25;4063;Griffin PLC;2021-03-20;Mrs;in;;;Mercado de Flores
456;459;2025-07-22;4605;Price, Franklin and Duarte;2025-01-08;Turn;bit;;;Mercado de Flores
426;833;2023-11-08;3980;Johnson-Williams;2021-10-18;Each;even;82.0;marriage;Mercado de Legumes
309;115;2021-10-19;1841;Maldonado-Macias;2021-03-27;Current;describe;;;Mercado de Fruta
295;671;2022-10-20;4294;Sandoval, Castillo and Golden;2025-02-04;Miss;level;;;Mercado de Legumes
285;224;2023-07-02;2826;English-Williams;2023-09-29;Rather;source;;;Mercado de Legumes
497;559;2022-12-27;223;Bowers-Townsend;2022-08-31;Admit;position;;;Mercado de Fruta
249;216;2025-05-03;4148;Dunlap, Cabrera and Thompson;2021-04-23;Sure;well;;;Mercado de Flores
449;587;2021-08-01;3184;Price-Mckay;2023-01-29;Purpose;player;;;Mercado de Legumes
375;877;2025-01-03;3596;Dixon-Williams;2021-07-20;Quickly;late;;;Mercado de Fruta
364;702;2020-03-28;2278;Boyd-Sexton;2024-06-11;Cell;first;;;Mercado de Flores
263;748;2021-06-18;4018;Hicks, Peterson and Ayala;2022-05-20;But;until;45.0;total;Mercado de Fruta
263;748;2021-06-18;4018;Hicks, Peterson and Ayala;2022-05-20;But;until;53.0;ago;Mercado de Fruta
429;315;2022-11-25;4339;Foster-Murphy;2023-08-16;Attorney;financial;;;Mercado de Flores
234;603;2021-07-20;1470;Yates LLC;2025-03-18;Woman;mission;87.0;audience;Mercado de Flores
234;603;2021-07-20;1470;Yates LLC;2025-03-18;Woman;mission;164.0;where;Mercado de Flores
368;105;2025-11-13;734;Martin and Sons;2024-01-11;Dog;fish;;;Mercado de Flores
311;460;2021-08-29;3337;Johnson-Blankenship;2021-09-21;Across;others;46.0;far;Mercado de Fruta
125;177;2021-07-14;4069;Rice, Freeman and Brown;2024-12-11;Sister;able;115.0;reality;Mercado de Flores
213;146;2020-05-03;2316;Gonzalez-George;2021-03-23;Direction;skin;11.0;off;Mercado de Legumes
51;829;2022-12-18;1905;Mueller-Herrera;2022-08-02;Fall;outside;;;Mercado de Fruta
29;545;2023-01-05;1519;Mills Group;2024-12-01;Provide;tree;37.0;sister;Mercado de Legumes
29;545;2023-01-05;1519;Mills Group;2024-12-01;Provide;tree;174.0;might;Mercado de Legumes
31;637;2022-04-20;1123;Ball-Phillips;2025-10-21;Well;determine;;;Mercado de Fruta
118;128;2021-06-09;1591;Powell-Foster;2025-08-02;Employee;each;;;Mercado de Legumes
225;137;2023-03-07;2798;Bradley-Phillips;2021-10-31;Modern;people;;;Mercado de Legumes
368;186;2021-11-29;3319;Martin and Sons;2024-01-11;Personal;within;;;Mercado de Flores
245;176;2024-09-08;1236;Guzman-Cole;2024-11-20;Believe;for;56.0;design;Mercado de Legumes
472;958;2024-07-16;426;Camacho Inc;2022-03-16;Property;store;;;Mercado de Fruta
433;258;2020-05-03;1788;Ballard-Orozco;2024-02-08;Amount;lawyer;136.0;of;Mercado de Flores
181;822;2020-05-26;485;Jackson, Munoz and Guzman;2025-04-01;Medical;scene;;;Mercado de Flores
381;9;2021-12-05;4127;Hunter-Wood;2023-06-13;Dinner;thing;;;Mercado de Flores
405;573;2024-05-09;4698;Valenzuela-Meyer;2024-09-09;Speech;whether;;;Mercado de Flores
100;182;2024-02-29;3268;Brown PLC;2025-07-17;Management;pattern;;;Mercado de Legumes
262;473;2021-08-27;4715;Williams and Sons;2023-12-20;Chair;choose;;;Mercado de Legumes
36;77;2022-04-08;4902;Williams Inc;2025-02-07;Class;city;152.0;increase;Mercado de Legumes
171;109;2026-01-05;954;Holt Ltd;2021-04-28;Degree;one;57.0;seek;Mercado de Fruta
151;374;2023-04-16;2259;Duncan PLC;2023-08-10;Establish;here;;;Mercado de Legumes
472;475;2023-12-02;2617;Camacho Inc;2022-03-16;Reality;else;;;Mercado de Fruta
35;980;2022-04-01;2014;Nolan, Jones and Gordon;2021-04-03;If;meet;61.0;record;Mercado de Legumes
450;492;2021-06-24;4294;Calderon, May and Davis;2023-01-09;Against;hold;171.0;wait;Mercado de Flores
208;121;2022-01-08;1053;Nunez-Lopez;2025-09-23;Everyone;whatever;;;Mercado de Fruta
140;665;2022-07-19;1046;Woodard PLC;2021-04-23;Night;experience;;;Mercado de Legumes
495;315;2021-05-19;3318;Miller, Cherry and Torres;2025-12-22;Attorney;financial;;;Mercado de Flores
227;313;2022-05-04;3862;Mitchell, Hernandez and Smith;2023-04-11;Three;firm;;;Mercado de Fruta
92;779;2022-11-18;2792;Perez-Robinson;2024-12-31;Lawyer;explain;;;Mercado de Legumes
169;943;2021-07-13;2077;Hall Inc;2025-03-03;Set;physical;;;Mercado de Fruta
127;855;2023-08-08;3227;Hill PLC;2025-05-30;Matter;marriage;73.0;Congress;Mercado de Flores
62;10;2024-09-04;1238;Dean Group;2023-04-26;News;treat;;;Mercado de Fruta
24;634;2021-04-06;3878;Yates Ltd;2021-10-02;Feeling;near;64.0;away;Mercado de Fruta
2;413;2023-08-21;1942;Rogers, Fernandez and Perez;2023-11-29;Really;traditional;176.0;price;Mercado de Legumes
2;413;2023-08-21;1942;Rogers, Fernandez and Perez;2023-11-29;Really;traditional;199.0;lot;Mercado de Legumes
485;924;2024-02-04;1207;Allen and Sons;2023-06-18;Know;something;;;Mercado de Flores
5;455;2022-05-29;4493;Hart, Ramsey and Diaz;2021-03-14;Read;measure;113.0;tend;Mercado de Legumes
298;615;2020-06-22;234;Benson-Travis;2022-07-13;Speech;training;34.0;will;Mercado de Flores
248;889;2021-08-26;4155;Reese, Flores and Wright;2025-04-24;Executive;level;;;Mercado de Fruta
437;434;2023-01-23;1919;Chan Ltd;2026-01-15;Energy;marriage;;;Mercado de Legumes
256;84;2024-08-01;3931;Martinez and Sons;2022-09-09;Decade;compare;6.0;bar;Mercado de Flores
492;471;2022-12-22;2148;Lyons, Gomez and Oconnor;2021-04-27;Effect;force;;;Mercado de Flores
302;610;2023-01-17;2793;Howard-Palmer;2022-03-21;To;bad;;;Mercado de Fruta
11;997;2025-11-27;985;Serrano, Young and Nichols;2024-10-20;Population;produce;;;Mercado de Fruta
30;197;2020-11-05;174;Vargas, Santiago and Mcdonald;2024-10-25;Address;offer;;;Mercado de Legumes
93;38;2022-06-09;1279;Russell Ltd;2025-01-13;Miss;forget;194.0;quickly;Mercado de Legumes
92;788;2021-01-06;4978;Perez-Robinson;2024-12-31;Brother;meet;;;Mercado de Legumes
86;949;2021-04-19;4008;Frederick, Kelly and Willis;2023-11-24;Watch;usually;;;Mercado de Fruta
499;212;2022-02-25;4982;Jacobs, Johnson and Clark;2022-01-05;Evidence;night;9.0;piece;Mercado de Legumes
499;212;2022-02-25;4982;Jacobs, Johnson and Clark;2022-01-05;Evidence;night;43.0;here;Mercado de Legumes
124;883;2023-06-04;4714;Baker Inc;2021-05-29;Five;future;72.0;language;Mercado de Fruta
270;50;2025-10-13;3327;Knight-Alexander;2023-05-25;Up;foot;175.0;practice;Mercado de Legumes
298;521;2025-04-23;2525;Benson-Travis;2022-07-13;Carry;several;34.0;will;Mercado de Legumes
45;359;2023-04-02;1792;Carney-Walker;2023-06-05;Market;sister;;;Mercado de Legumes
53;464;2022-10-09;130;West-Brewer;2021-11-26;Put;idea;188.0;both;Mercado de Legumes
57;556;2024-04-11;4243;Lee Inc;2025-11-23;Look;some;;;Mercado de Fruta
395;830;2024-02-26;1649;Santana-Ray;2022-09-09;Customer;cut;;;Mercado de Legumes
329;986;2024-01-21;2387;Miller LLC;2023-07-20;Need;player;35.0;mean;Mercado de Legumes
195;24;2020-07-30;1342;Ross-Davidson;2022-08-27;Adult;alone;;;Mercado de Flores
120;376;2024-04-03;4263;Mcdaniel-Garza;2022-08-16;Myself;accept;;;Mercado de Fruta
410;41;2020-03-20;3275;Clark Ltd;2021-04-02;Guy;require;;;Mercado de Legumes
343;478;2023-07-11;4455;Stone, Romero and Walton;2022-02-19;Able;through;;;Mercado de Fruta
243;736;2023-09-11;342;Jensen, Flores and Barnes;2021-07-05;Design;author;;;Mercado de Fruta
108;740;2022-05-24;3485;Mejia Ltd;2021-06-22;Field;computer;;;Mercado de Legumes
155;785;2023-02-17;1031;Harris-Travis;2023-09-23;Four;his;;;Mercado de Legumes
212;241;2020-07-27;492;Mckenzie Ltd;2023-12-02;True;summer;;;Mercado de Fruta
221;223;2024-10-16;4970;Gardner Group;2024-11-05;Recognize;because;41.0;big;Mercado de Fruta
143;141;2021-01-15;1915;Flores and Sons;2024-12-02;Doctor;year;;;Mercado de Flores
190;350;2021-12-15;390;Lyons-Cook;2023-06-02;Mission;sing;;;Mercado de Legumes
367;480;2025-05-16;1385;Waters Inc;2025-12-04;Actually;various;;;Mercado de Flores
372;697;2020-11-22;3078;Nichols, Moore and Meadows;2024-11-05;Actually;still;;;Mercado de Fruta
194;998;2024-06-06;4015;Bowen and Sons;2022-07-29;Station;degree;;;Mercado de Legumes
493;690;2024-08-22;1950;Blake Group;2025-03-31;Modern;strategy;110.0;truth;Mercado de Flores
279;40;2021-01-16;341;Craig, Gordon and Chang;2021-06-08;Realize;table;;;Mercado de Fruta
321;636;2024-09-24;808;Frost-Wolfe;2023-12-28;Second;arrive;;;Mercado de Flores
452;149;2025-01-16;1434;Sims LLC;2025-12-16;Brother;ball;;;Mercado de Legumes
262;35;2020-11-05;4831;Williams and Sons;2023-12-20;Shake;most;;;Mercado de Legumes
318;62;2022-03-11;906;Gutierrez, Cisneros and Phillips;2021-07-28;Present;girl;;;Mercado de Legumes
57;136;2022-06-15;1481;Lee Inc;2025-11-23;Turn;example;;;Mercado de Fruta
423;362;2024-10-16;4944;Goodman-Hayes;2024-12-18;Arm;present;;;Mercado de Legumes
320;884;2025-02-23;4221;Perez, Long and Spencer;2025-10-29;Describe;model;;;Mercado de Legumes
264;529;2022-10-22;3222;Hopkins, Jackson and Ortiz;2025-01-24;Car;season;;;Mercado de Fruta
350;786;2022-02-06;2651;Medina-Johnson;2023-03-01;Season;base;;;Mercado de Flores
359;586;2026-01-16;4168;Thompson-Miller;2025-10-31;Fact;receive;;;Mercado de Fruta
30;2;2021-06-23;626;Vargas, Santiago and Mcdonald;2024-10-25;Not;interesting;;;Mercado de Legumes
227;443;2024-07-01;4527;Mitchell, Hernandez and Smith;2023-04-11;Several;hand;;;Mercado de Legumes
1;852;2024-12-21;2977;Cooper and Sons;2022-04-26;Off;another;;;Mercado de Flores
358;697;2023-01-28;691;Mccormick and Sons;2023-11-06;Actually;still;24.0;during;Mercado de Fruta
358;697;2023-01-28;691;Mccormick and Sons;2023-11-06;Actually;still;138.0;democratic;Mercado de Fruta
155;620;2021-04-11;4411;Harris-Travis;2023-09-23;Simply;without;;;Mercado de Legumes
201;575;2020-02-12;4299;Swanson Group;2022-06-11;Great;age;195.0;state;Mercado de Legumes
80;124;2020-08-12;2840;Boyd, Johnson and Miller;2024-08-15;Find;how;10.0;exactly;Mercado de Fruta
80;124;2020-08-12;2840;Boyd, Johnson and Miller;2024-08-15;Find;how;96.0;parent;Mercado de Fruta
424;980;2024-10-01;1445;Lopez-Palmer;2024-08-05;If;meet;;;Mercado de Legumes
394;689;2024-02-13;3467;Mcgee-Ramirez;2024-11-29;Raise;clear;;;Mercado de Legumes
11;373;2025-11-09;3499;Serrano, Young and Nichols;2024-10-20;Trial;box;;;Mercado de Fruta
320;28;2024-06-29;1367;Perez, Long and Spencer;2025-10-29;Last;seek;;;Mercado de Fruta
56;449;2024-08-27;1243;Wheeler-Blackburn;2025-06-13;Light;would;1.0;move;Mercado de Legumes
56;449;2024-08-27;1243;Wheeler-Blackburn;2025-06-13;Light;would;132.0;sort;Mercado de Legumes
328;140;2025-05-15;4802;Lee, Figueroa and Silva;2023-01-06;Nothing;apply;;;Mercado de Legumes
23;959;2023-04-22;2795;Price-Scott;2023-05-17;Already;attack;;;Mercado de Legumes
85;702;2025-01-27;4079;Keller, Dixon and Wilson;2025-04-06;Cell;first;111.0;free;Mercado de Flores
403;436;2022-02-22;2379;Reynolds PLC;2023-07-11;Today;impact;70.0;score;Mercado de Fruta
467;2;2020-04-19;4395;Wilson PLC;2021-12-24;Not;interesting;;;Mercado de Legumes
383;60;2020-08-10;1360;Price-Pearson;2022-09-23;Accept;low;;;Mercado de Flores
55;938;2026-02-08;1278;Hill, Allen and Rodriguez;2022-07-31;Within;a;114.0;ability;Mercado de Legumes
121;180;2025-04-20;3349;Ruiz, Miller and Giles;2023-10-05;Entire;choose;;;Mercado de Flores
281;947;2022-05-24;2271;Carlson-Landry;2025-12-17;Unit;soon;178.0;form;Mercado de Legumes
201;824;2023-10-16;3684;Swanson Group;2022-06-11;Teach;campaign;195.0;state;Mercado de Legumes
303;791;2022-12-28;3389;Bishop, Evans and Thompson;2021-12-22;Project;become;;;Mercado de Legumes
323;484;2024-05-04;4703;Cummings and Sons;2022-10-22;Want;down;;;Mercado de Fruta
493;380;2021-02-09;2618;Blake Group;2025-03-31;Character;forward;110.0;truth;Mercado de Legumes
67;42;2023-06-11;4233;Jones, Wolf and Smith;2022-08-07;Green;knowledge;;;Mercado de Flores
441;453;2024-05-13;4135;Mclaughlin, Hernandez and Fitzpatrick;2025-05-27;Require;situation;;;Mercado de Flores
331;664;2022-09-20;320;Lawrence Inc;2023-06-02;Seat;according;149.0;service;Mercado de Fruta
485;179;2021-09-13;1313;Allen and Sons;2023-06-18;Level;drop;;;Mercado de Legumes
91;710;2024-03-16;572;Lee-Osborne;2023-03-17;Name;ball;;;Mercado de Legumes
3;953;2020-06-23;4442;Cruz, Hurley and Graham;2024-07-17;Staff;time;;;Mercado de Legumes
327;251;2025-02-13;1743;Mills, Mclaughlin and Smith;2026-02-09;Create;media;66.0;certainly;Mercado de Legumes
421;875;2024-12-17;1878;Martin LLC;2023-10-20;Bit;may;;;Mercado de Legumes
364;965;2024-01-20;1826;Boyd-Sexton;2024-06-11;Crime;simple;;;Mercado de Legumes
18;586;2021-01-17;1193;Ford-Garrett;2025-06-05;Fact;receive;;;Mercado de Fruta
274;888;2022-03-06;1588;Sosa Group;2026-01-19;Notice;here;;;Mercado de Flores
160;356;2025-06-21;719;Marshall and Sons;2024-12-11;Left;although;63.0;sit;Mercado de Legumes
437;910;2023-05-26;1721;Chan Ltd;2026-01-15;Theory;election;;;Mercado de Fruta
18;720;2024-05-21;1661;Ford-Garrett;2025-06-05;Actually;garden;;;Mercado de Flores
20;573;2020-06-28;426;Wilkerson PLC;2021-05-09;Speech;whether;116.0;explain;Mercado de Flores
425;813;2025-01-13;3201;Sims PLC;2023-09-28;Floor;national;58.0;different;Mercado de Flores
425;813;2025-01-13;3201;Sims PLC;2023-09-28;Floor;national;193.0;exactly;Mercado de Flores
425;813;2025-01-13;3201;Sims PLC;2023-09-28;Floor;national;196.0;personal;Mercado de Flores
40;866;2025-02-16;264;Andrade, Mcclure and Alvarez;2025-08-03;Base;compare;95.0;executive;Mercado de Legumes
354;713;2021-04-20;2211;Martinez, Sanchez and Smith;2023-08-21;Send;thought;;;Mercado de Legumes
213;526;2022-06-08;2035;Gonzalez-George;2021-03-23;Other;memory;11.0;off;Mercado de Fruta
246;287;2023-12-02;1899;Wood-Fisher;2025-06-13;Find;discussion;;;Mercado de Legumes
322;403;2025-02-05;3072;Elliott Group;2024-07-27;Choose;beat;;;Mercado de Fruta
290;772;2023-11-27;423;Hart-Koch;2022-07-24;Technology;dinner;106.0;finish;Mercado de Fruta
398;822;2025-06-30;3478;Williams-Reynolds;2021-07-19;Medical;scene;38.0;ten;Mercado de Flores
398;822;2025-06-30;3478;Williams-Reynolds;2021-07-19;Medical;scene;200.0;professional;Mercado de Flores
85;909;2025-11-30;3429;Keller, Dixon and Wilson;2025-04-06;Establish;almost;111.0;free;Mercado de Flores
234;130;2022-05-04;117;Yates LLC;2025-03-18;They;really;87.0;audience;Mercado de Fruta
234;130;2022-05-04;117;Yates LLC;2025-03-18;They;really;164.0;where;Mercado de Fruta
27;292;2020-09-20;2488;Mosley-Kim;2023-04-06;Wide;event;;;Mercado de Fruta
94;731;2025-11-11;3249;Boyd, Mcdaniel and Marsh;2022-05-03;By;finally;16.0;thing;Mercado de Legumes
192;820;2023-02-22;4881;Bowman Ltd;2023-10-30;Buy;focus;;;Mercado de Fruta
285;742;2022-01-25;4766;English-Williams;2023-09-29;Become;recognize;;;Mercado de Fruta
422;783;2022-07-09;4228;Wright, Dickerson and Mcdonald;2023-02-13;Certain;office;162.0;management;Mercado de Flores
294;801;2021-04-26;612;Jones, Leon and Edwards;2024-02-02;Special;the;98.0;human;Mercado de Flores
166;83;2021-07-26;459;Savage-Martin;2025-07-07;Husband;sit;;;Mercado de Legumes
296;386;2022-01-04;1503;Coleman-Reyes;2025-07-26;Must;usually;83.0;responsibility;Mercado de Legumes
296;386;2022-01-04;1503;Coleman-Reyes;2025-07-26;Must;usually;145.0;somebody;Mercado de Legumes
288;827;2024-08-21;1799;Hicks, Griffin and Craig;2026-01-22;Million;air;33.0;conference;Mercado de Legumes
118;339;2024-11-27;2819;Powell-Foster;2025-08-02;Agreement;firm;;;Mercado de Flores
301;572;2022-08-04;3517;York, Carter and Hernandez;2022-10-28;Player;million;52.0;institution;Mercado de Legumes
299;886;2025-02-14;4508;Booker PLC;2025-08-17;Compare;student;;;Mercado de Fruta
133;796;2022-12-31;1467;Bullock Ltd;2022-03-23;Prevent;evidence;71.0;side;Mercado de Fruta
370;452;2020-01-30;3600;Welch Ltd;2021-10-25;Need;tree;;;Mercado de Legumes
81;381;2023-01-19;1627;Norton, Mccoy and Torres;2021-07-03;Wife;data;;;Mercado de Flores
479;668;2020-04-25;3562;Reynolds, Christian and Lopez;2021-07-19;Assume;argue;;;Mercado de Legumes
160;863;2023-12-23;4574;Marshall and Sons;2024-12-11;Any;bill;63.0;sit;Mercado de Legumes
415;742;2021-12-02;2332;Anderson, Yoder and Taylor;2021-08-26;Become;recognize;60.0;thing;Mercado de Fruta
226;94;2025-05-25;212;Diaz, Hunt and Jackson;2022-02-06;Difficult;set;29.0;ever;Mercado de Fruta
226;94;2025-05-25;212;Diaz, Hunt and Jackson;2022-02-06;Difficult;set;78.0;sit;Mercado de Fruta
226;94;2025-05-25;212;Diaz, Hunt and Jackson;2022-02-06;Difficult;set;89.0;member;Mercado de Fruta
143;63;2023-01-12;2157;Flores and Sons;2024-12-02;Paper;street;;;Mercado de Flores
216;254;2021-06-03;4562;Kirk LLC;2025-02-16;They;pay;74.0;employee;Mercado de Legumes
453;702;2021-10-04;3451;Tran PLC;2023-10-18;Cell;first;88.0;inside;Mercado de Flores
34;205;2025-03-20;2800;Martinez, Beck and Moyer;2022-10-22;Need;from;47.0;too;Mercado de Fruta
89;613;2023-06-02;3184;Johns, Wolf and Osborne;2023-07-02;Base;often;;;Mercado de Fruta
140;478;2025-11-02;231;Woodard PLC;2021-04-23;Able;through;;;Mercado de Fruta
420;788;2023-01-28;3983;Brooks Ltd;2021-05-23;Brother;meet;;;Mercado de Legumes
395;580;2021-04-25;2816;Santana-Ray;2022-09-09;Open;vote;;;Mercado de Fruta
112;302;2022-09-24;3515;Colon, King and Evans;2022-10-21;Poor;responsibility;;;Mercado de Legumes
316;716;2023-03-26;3236;Rodriguez, Huff and Holland;2024-08-16;Gas;enough;;;Mercado de Legumes
169;452;2022-06-10;4896;Hall Inc;2025-03-03;Need;tree;;;Mercado de Legumes
173;410;2020-12-12;3876;Roberts, Nichols and Simon;2023-07-04;Control;goal;;;Mercado de Legumes
333;782;2023-12-14;1079;Robinson, Riddle and Reese;2024-10-16;Media;or;;;Mercado de Legumes
482;858;2025-01-17;3094;Stout Inc;2023-05-30;Coach;concern;;;Mercado de Flores
1;579;2021-08-14;3630;Cooper and Sons;2022-04-26;Happen;hotel;;;Mercado de Flores
172;968;2023-03-11;739;Grant-Jordan;2024-08-24;Responsibility;read;;;Mercado de Legumes
2;913;2022-05-14;4535;Rogers, Fernandez and Perez;2023-11-29;Bed;remember;176.0;price;Mercado de Fruta
2;913;2022-05-14;4535;Rogers, Fernandez and Perez;2023-11-29;Bed;remember;199.0;lot;Mercado de Fruta
446;333;2020-04-17;4948;Duffy-Molina;2022-11-01;To;watch;93.0;paper;Mercado de Flores
403;208;2022-10-20;320;Reynolds PLC;2023-07-11;National;people;70.0;score;Mercado de Fruta
91;312;2020-10-20;2618;Lee-Osborne;2023-03-17;Major;according;;;Mercado de Flores
196;290;2025-05-29;1352;Robinson-Cowan;2025-03-23;Education;share;;;Mercado de Legumes
246;578;2024-06-17;3673;Wood-Fisher;2025-06-13;Sister;party;;;Mercado de Legumes
52;97;2021-05-04;160;Hess PLC;2022-07-05;Dog;all;112.0;that;Mercado de Fruta
356;958;2020-04-24;3293;Cook, Boyer and Cox;2024-02-10;Property;store;;;Mercado de Fruta
87;391;2021-06-27;4804;Mason Inc;2025-07-04;Every;hospital;;;Mercado de Fruta
351;150;2022-10-24;3650;Curtis Inc;2024-10-01;Director;myself;101.0;both;Mercado de Flores
236;39;2020-08-09;3307;Butler, Williams and Hoffman;2023-04-13;Hand;financial;;;Mercado de Flores
157;466;2023-12-04;4887;West Group;2021-06-12;Government;exist;;;Mercado de Fruta
461;270;2026-01-12;1242;Smith-Stanley;2021-06-23;Article;political;;;Mercado de Flores
494;622;2022-02-03;2857;Rasmussen Group;2023-04-05;Reflect;position;;;Mercado de Fruta
148;60;2023-01-28;3288;Hicks, Smith and Watson;2026-01-22;Accept;low;18.0;turn;Mercado de Flores
277;603;2022-03-10;3396;Bennett Group;2021-03-31;Woman;mission;;;Mercado de Flores
98;929;2022-10-29;2799;Riley, Dunn and Mccarty;2024-07-30;Mrs;avoid;;;Mercado de Legumes
338;354;2025-08-15;2353;Brown Ltd;2025-02-19;Another;collection;;;Mercado de Flores
9;332;2023-05-01;961;Perez-Hurley;2022-02-11;Show;wonder;;;Mercado de Legumes
407;570;2025-10-11;1273;Ford, Spencer and Copeland;2021-10-25;Though;week;;;Mercado de Flores
232;730;2023-12-21;2897;Stephenson Group;2025-12-12;Cut;safe;;;Mercado de Fruta
342;779;2020-04-01;956;Hernandez-King;2022-04-10;Lawyer;explain;;;Mercado de Legumes
352;676;2022-08-26;1397;Brewer-Willis;2024-10-10;Red;dog;;;Mercado de Fruta
321;663;2023-06-11;4368;Frost-Wolfe;2023-12-28;Financial;charge;;;Mercado de Flores
151;523;2020-05-03;4795;Duncan PLC;2023-08-10;Industry;buy;;;Mercado de Fruta
433;928;2024-12-10;3721;Ballard-Orozco;2024-02-08;These;reveal;136.0;of;Mercado de Fruta
344;700;2020-04-29;3036;Smith-Cochran;2024-06-15;Great;against;;;Mercado de Fruta
85;586;2021-11-12;1187;Keller, Dixon and Wilson;2025-04-06;Fact;receive;111.0;free;Mercado de Fruta
228;214;2020-06-19;3976;Butler PLC;2021-05-21;Available;evidence;;;Mercado de Fruta
251;111;2023-12-31;1632;Fernandez Inc;2021-07-16;Season;behind;59.0;western;Mercado de Flores
133;731;2021-05-25;4394;Bullock Ltd;2022-03-23;By;finally;71.0;side;Mercado de Legumes
3;442;2024-10-03;1609;Cruz, Hurley and Graham;2024-07-17;Public;require;;;Mercado de Fruta
227;822;2020-09-14;3654;Mitchell, Hernandez and Smith;2023-04-11;Medical;scene;;;Mercado de Flores
420;539;2023-02-09;3237;Brooks Ltd;2021-05-23;Whom;what;;;Mercado de Legumes
411;128;2022-08-15;1226;Howard-Gomez;2021-12-18;Employee;each;62.0;care;Mercado de Legumes
267;1000;2020-11-08;1618;Wagner Inc;2022-03-29;Century;center;;;Mercado de Fruta
108;66;2025-08-06;2471;Mejia Ltd;2021-06-22;Community;majority;;;Mercado de Flores
1;327;2025-04-09;2618;Cooper and Sons;2022-04-26;Number;field;;;Mercado de Flores
282;706;2024-02-20;370;Wilson LLC;2025-01-17;Yourself;high;130.0;billion;Mercado de Fruta
282;706;2024-02-20;370;Wilson LLC;2025-01-17;Yourself;high;167.0;wonder;Mercado de Fruta
